Hint: (lazarus) Missing state file of freetypelaz 1.0: /usr/lib/lazarus/3.0/components/freetype/lib/x86_64-linux/freetypelaz.compiled
Hint: (lazarus) normal output directory of package freetypelaz 1.0 is not writable: "/usr/lib/lazarus/3.0/components/freetype/lib/x86_64-linux/"
TParsedCompilerOptions.SetOutputDirectoryOverride New=/home/riceric/unarchiver-assessment-20260930/lazarus-config/lib/freetypelaz/lib/x86_64-linux
Hint: (lazarus) Missing state file of freetypelaz 1.0: /home/riceric/unarchiver-assessment-20260930/lazarus-config/lib/freetypelaz/lib/x86_64-linux/freetypelaz.compiled
Hint: (lazarus) normal output directory of package LCLBase 3.0.0.3 is not writable: "/usr/lib/lazarus/3.0/lcl/units/x86_64-linux/"
TParsedCompilerOptions.SetOutputDirectoryOverride New=/home/riceric/unarchiver-assessment-20260930/lazarus-config/lib/LCLBase/units/x86_64-linux
Hint: (lazarus) Missing state file of LCLBase 3.0.0.3: /home/riceric/unarchiver-assessment-20260930/lazarus-config/lib/LCLBase/units/x86_64-linux/lclbase.compiled
Hint: (lazarus) normal output directory of package LCL 3.0.0.3 is not writable: "/usr/lib/lazarus/3.0/lcl/units/x86_64-linux/gtk2/"
TParsedCompilerOptions.SetOutputDirectoryOverride New=/home/riceric/unarchiver-assessment-20260930/lazarus-config/lib/units/x86_64-linux/gtk2
Hint: (lazarus) Missing state file of LCL 3.0.0.3: /home/riceric/unarchiver-assessment-20260930/lazarus-config/lib/units/x86_64-linux/gtk2/lcl.compiled
Hint: (lazarus) Missing state file of MetaDarkStyle 0.9: /home/riceric/unarchiver-assessment-20260930/peazip/dev/metadarkstyle/lib/x86_64-linux/metadarkstyle.compiled
Hint: (lazarus) normal output directory of package SynEdit 1.0 is not writable: "/usr/lib/lazarus/3.0/components/synedit/units/x86_64-linux/gtk2/"
TParsedCompilerOptions.SetOutputDirectoryOverride New=/home/riceric/unarchiver-assessment-20260930/lazarus-config/lib/SynEdit/units/x86_64-linux/gtk2
Hint: (lazarus) Missing state file of SynEdit 1.0: /home/riceric/unarchiver-assessment-20260930/lazarus-config/lib/SynEdit/units/x86_64-linux/gtk2/synedit.compiled
Hint: (11030) Start of reading config file /etc/fpc.cfg
Hint: (11031) End of reading config file /etc/fpc.cfg
Free Pascal Compiler version 3.2.2+dfsg-32 [2024/01/05] for x86_64
Copyright (c) 1993-2021 by Florian Klaempfl and others
(1002) Target OS: Linux for x86-64
(3104) Compiling freetypelaz.pas
(3104) Compiling easylazfreetype.pas
(3104) Compiling lazfreetype.pas
(3104) Compiling tttypes.pas
(3104) Compiling tterror.pas
(3104) Compiling ttcalc.pas
(3104) Compiling ttmemory.pas
/usr/lib/lazarus/3.0/components/freetype/ttmemory.pas(124,27) Hint: (5024) Parameter "Size" not used
(3104) Compiling tttables.pas
(3104) Compiling ttcache.pas
(3104) Compiling ttfile.pas
/usr/lib/lazarus/3.0/components/freetype/ttfile.pas(662,47) Hint: (5057) Local variable "C" does not seem to be initialized
(3104) Compiling ttcmap.pas
(3104) Compiling ttobjs.pas
(3104) Compiling ttload.pas
(3104) Compiling ttinterp.pas
/usr/lib/lazarus/3.0/components/freetype/ttinterp.pas(186,28) Hint: (5024) Parameter "args" not used
/usr/lib/lazarus/3.0/components/freetype/ttinterp.pas(129,30) Hint: (5024) Parameter "args" not used
/usr/lib/lazarus/3.0/components/freetype/ttinterp.pas(137,29) Hint: (5024) Parameter "args" not used
/usr/lib/lazarus/3.0/components/freetype/ttinterp.pas(136,28) Hint: (5024) Parameter "args" not used
/usr/lib/lazarus/3.0/components/freetype/ttinterp.pas(138,29) Hint: (5024) Parameter "args" not used
/usr/lib/lazarus/3.0/components/freetype/ttinterp.pas(228,30) Hint: (5024) Parameter "args" not used
/usr/lib/lazarus/3.0/components/freetype/ttinterp.pas(219,31) Hint: (5024) Parameter "args" not used
/usr/lib/lazarus/3.0/components/freetype/ttinterp.pas(209,31) Hint: (5024) Parameter "args" not used
/usr/lib/lazarus/3.0/components/freetype/ttinterp.pas(211,31) Hint: (5024) Parameter "args" not used
/usr/lib/lazarus/3.0/components/freetype/ttinterp.pas(197,29) Hint: (5024) Parameter "args" not used
/usr/lib/lazarus/3.0/components/freetype/ttinterp.pas(196,28) Hint: (5024) Parameter "args" not used
/usr/lib/lazarus/3.0/components/freetype/ttinterp.pas(195,29) Hint: (5024) Parameter "args" not used
/usr/lib/lazarus/3.0/components/freetype/ttinterp.pas(198,29) Hint: (5024) Parameter "args" not used
/usr/lib/lazarus/3.0/components/freetype/ttinterp.pas(190,29) Hint: (5024) Parameter "args" not used
/usr/lib/lazarus/3.0/components/freetype/ttinterp.pas(191,29) Hint: (5024) Parameter "args" not used
/usr/lib/lazarus/3.0/components/freetype/ttinterp.pas(143,31) Hint: (5024) Parameter "args" not used
/usr/lib/lazarus/3.0/components/freetype/ttinterp.pas(142,32) Hint: (5024) Parameter "args" not used
/usr/lib/lazarus/3.0/components/freetype/ttinterp.pas(200,30) Hint: (5024) Parameter "args" not used
/usr/lib/lazarus/3.0/components/freetype/ttinterp.pas(144,31) Hint: (5024) Parameter "args" not used
/usr/lib/lazarus/3.0/components/freetype/ttinterp.pas(213,28) Hint: (5024) Parameter "args" not used
/usr/lib/lazarus/3.0/components/freetype/ttinterp.pas(124,32) Hint: (5024) Parameter "args" not used
/usr/lib/lazarus/3.0/components/freetype/ttinterp.pas(120,27) Hint: (5024) Parameter "args" not used
/usr/lib/lazarus/3.0/components/freetype/ttinterp.pas(157,27) Hint: (5024) Parameter "args" not used
/usr/lib/lazarus/3.0/components/freetype/ttinterp.pas(159,28) Hint: (5024) Parameter "args" not used
/usr/lib/lazarus/3.0/components/freetype/ttinterp.pas(130,30) Hint: (5024) Parameter "args" not used
/usr/lib/lazarus/3.0/components/freetype/ttinterp.pas(4409,25) Warning: (6018) unreachable code
/usr/lib/lazarus/3.0/components/freetype/ttinterp.pas(4413,25) Warning: (6018) unreachable code
/usr/lib/lazarus/3.0/components/freetype/ttinterp.pas(236,32) Hint: (5024) Parameter "args" not used
(3104) Compiling ttgload.pas
/usr/lib/lazarus/3.0/components/freetype/ttgload.pas(125,82) Hint: (5057) Local variable "advance" does not seem to be initialized
/usr/lib/lazarus/3.0/components/freetype/ttgload.pas(125,68) Hint: (5057) Local variable "left_bearing" does not seem to be initialized
/usr/lib/lazarus/3.0/components/freetype/ttgload.pas(495,37) Hint: (5024) Parameter "n_contours" not used
(3104) Compiling ttkern.pas
(3104) Compiling easylazfreetype.pas
(3104) Compiling ttraster.pas
(3104) Compiling ttprofile.pas
/usr/lib/lazarus/3.0/components/freetype/ttraster.pas(171,49) Hint: (5024) Parameter "max" not used
/usr/lib/lazarus/3.0/components/freetype/ttraster.pas(172,40) Hint: (5024) Parameter "y" not used
/usr/lib/lazarus/3.0/components/freetype/ttraster.pas(172,73) Hint: (5024) Parameter "Left" not used
/usr/lib/lazarus/3.0/components/freetype/ttraster.pas(173,12) Hint: (5024) Parameter "Right" not used
/usr/lib/lazarus/3.0/components/freetype/ttraster.pas(150,46) Hint: (5024) Parameter "min" not used
/usr/lib/lazarus/3.0/components/freetype/ttraster.pas(150,56) Hint: (5024) Parameter "max" not used
/usr/lib/lazarus/3.0/components/freetype/ttraster.pas(151,70) Hint: (5024) Parameter "Left" not used
/usr/lib/lazarus/3.0/components/freetype/ttraster.pas(152,12) Hint: (5024) Parameter "Right" not used
/usr/lib/lazarus/3.0/components/freetype/ttraster.pas(161,54) Hint: (5024) Parameter "max" not used
/usr/lib/lazarus/3.0/components/freetype/ttraster.pas(164,57) Hint: (5024) Parameter "max" not used
/usr/lib/lazarus/3.0/components/freetype/ttraster.pas(146,75) Hint: (5024) Parameter "Left" not used
/usr/lib/lazarus/3.0/components/freetype/ttraster.pas(147,12) Hint: (5024) Parameter "Right" not used
/usr/lib/lazarus/3.0/components/freetype/easylazfreetype.pas(350,10) Warning: (3018) Constructor should be public
/usr/lib/lazarus/3.0/components/freetype/easylazfreetype.pas(577,16) Note: (6058) Call to subroutine "function UTF8CodepointSize(p:PChar):LongInt;" marked as inline is not inlined
/usr/lib/lazarus/3.0/components/freetype/easylazfreetype.pas(786,59) Hint: (5057) Local variable "outline" does not seem to be initialized
/usr/lib/lazarus/3.0/components/freetype/easylazfreetype.pas(788,54) Hint: (5057) Local variable "bbox" does not seem to be initialized
/usr/lib/lazarus/3.0/components/freetype/easylazfreetype.pas(1792,21) Warning: (5093) function result variable of a managed type does not seem to be initialized
/usr/lib/lazarus/3.0/components/freetype/easylazfreetype.pas(2024,27) Hint: (5091) Local variable "value2" of a managed type does not seem to be initialized
/usr/lib/lazarus/3.0/components/freetype/easylazfreetype.pas(2540,15) Note: (6058) Call to subroutine "function TFreeTypeMonochromeMap.GetPixelsInHorizlineNoBoundsChecking(x:LongInt;y:LongInt;x2:LongInt):LongInt;" marked as inline is not inlined
/usr/lib/lazarus/3.0/components/freetype/easylazfreetype.pas(2558,13) Note: (6058) Call to subroutine "function TFreeTypeMonochromeMap.GetPixelsInHorizlineNoBoundsChecking(x:LongInt;y:LongInt;x2:LongInt):LongInt;" marked as inline is not inlined
/usr/lib/x86_64-linux-gnu/fpc/3.2.2/units/x86_64-linux/rtl/fgl.ppu:fgl.pp(1079,1) Hint: (3123) "inherited" not yet supported inside inline procedure/function
/usr/lib/x86_64-linux-gnu/fpc/3.2.2/units/x86_64-linux/rtl/fgl.ppu:fgl.pp(1079,1) Hint: (3124) Inlining disabled
/usr/lib/x86_64-linux-gnu/fpc/3.2.2/units/x86_64-linux/rtl/fgl.ppu:fgl.pp(1094,1) Hint: (3123) "inherited" not yet supported inside inline procedure/function
/usr/lib/x86_64-linux-gnu/fpc/3.2.2/units/x86_64-linux/rtl/fgl.ppu:fgl.pp(1094,1) Hint: (3124) Inlining disabled
/usr/lib/x86_64-linux-gnu/fpc/3.2.2/units/x86_64-linux/rtl/fgl.ppu:fgl.pp(1139,1) Hint: (3123) "inherited" not yet supported inside inline procedure/function
/usr/lib/x86_64-linux-gnu/fpc/3.2.2/units/x86_64-linux/rtl/fgl.ppu:fgl.pp(1139,1) Hint: (3124) Inlining disabled
/usr/lib/x86_64-linux-gnu/fpc/3.2.2/units/x86_64-linux/rtl/fgl.ppu:fgl.pp(1144,1) Hint: (3123) "inherited" not yet supported inside inline procedure/function
/usr/lib/x86_64-linux-gnu/fpc/3.2.2/units/x86_64-linux/rtl/fgl.ppu:fgl.pp(1144,1) Hint: (3124) Inlining disabled
/usr/lib/x86_64-linux-gnu/fpc/3.2.2/units/x86_64-linux/rtl/fgl.ppu:fgl.pp(1109,1) Hint: (3123) "inherited" not yet supported inside inline procedure/function
/usr/lib/x86_64-linux-gnu/fpc/3.2.2/units/x86_64-linux/rtl/fgl.ppu:fgl.pp(1109,1) Hint: (3124) Inlining disabled
/usr/lib/x86_64-linux-gnu/fpc/3.2.2/units/x86_64-linux/rtl/fgl.ppu:fgl.pp(1114,1) Hint: (3123) "inherited" not yet supported inside inline procedure/function
/usr/lib/x86_64-linux-gnu/fpc/3.2.2/units/x86_64-linux/rtl/fgl.ppu:fgl.pp(1114,1) Hint: (3124) Inlining disabled
/usr/lib/x86_64-linux-gnu/fpc/3.2.2/units/x86_64-linux/rtl/fgl.ppu:fgl.pp(1099,1) Hint: (3123) "inherited" not yet supported inside inline procedure/function
/usr/lib/x86_64-linux-gnu/fpc/3.2.2/units/x86_64-linux/rtl/fgl.ppu:fgl.pp(1099,1) Hint: (3124) Inlining disabled
/usr/lib/x86_64-linux-gnu/fpc/3.2.2/units/x86_64-linux/rtl/fgl.ppu:fgl.pp(1104,1) Hint: (3123) "inherited" not yet supported inside inline procedure/function
/usr/lib/x86_64-linux-gnu/fpc/3.2.2/units/x86_64-linux/rtl/fgl.ppu:fgl.pp(1104,1) Hint: (3124) Inlining disabled
/usr/lib/x86_64-linux-gnu/fpc/3.2.2/units/x86_64-linux/rtl/fgl.ppu:fgl.pp(1134,1) Hint: (3123) "inherited" not yet supported inside inline procedure/function
/usr/lib/x86_64-linux-gnu/fpc/3.2.2/units/x86_64-linux/rtl/fgl.ppu:fgl.pp(1134,1) Hint: (3124) Inlining disabled
/usr/lib/x86_64-linux-gnu/fpc/3.2.2/units/x86_64-linux/rtl/fgl.ppu:fgl.pp(1152,5) Note: (6058) Call to subroutine "function TFPGObjectList<TTKern.TCustomKerningTable>.Add(const Item:TCustomKerningTable):LongInt;" marked as inline is not inlined
/usr/lib/x86_64-linux-gnu/fpc/3.2.2/units/x86_64-linux/rtl/fgl.ppu:fgl.pp(1152,18) Note: (6058) Call to subroutine "function TFPGObjectList<TTKern.TCustomKerningTable>.Get(Index:LongInt):TCustomKerningTable;" marked as inline is not inlined
/usr/lib/lazarus/3.0/components/freetype/ttkern.pas(81,3) Note: (5025) Local variable "found" not used
/usr/lib/lazarus/3.0/components/freetype/ttkern.pas(89,8) Note: (6058) Call to subroutine "function TFPGObjectList<TTKern.TCustomKerningTable>.Get(Index:LongInt):TCustomKerningTable;" marked as inline is not inlined
/usr/lib/lazarus/3.0/components/freetype/ttkern.pas(293,15) Note: (6058) Call to subroutine "function TFPGObjectList<TTKern.TCustomKerningTable>.Add(const Item:TCustomKerningTable):LongInt;" marked as inline is not inlined
/usr/lib/lazarus/3.0/components/freetype/ttkern.pas(50,3) Hint: (5028) Local const "SUBTABLE_FORMAT_TWO_DIMENSIONAL" is not used
/usr/lib/lazarus/3.0/components/freetype/lazfreetype.pas(1729,21) Hint: (5094) Function result variable of a managed type does not seem to be initialized
(3104) Compiling lazfreetypefontcollection.pas
/usr/lib/lazarus/3.0/components/freetype/lazfreetypefontcollection.pas(111,39) Hint: (5024) Parameter "Tree" not used
/usr/lib/lazarus/3.0/components/freetype/lazfreetypefontcollection.pas(112,37) Hint: (5024) Parameter "Tree" not used
(3104) Compiling lazfreetypefpimagedrawer.pas
/usr/lib/lazarus/3.0/components/freetype/lazfreetypefpimagedrawer.pas(91,3) Note: (6058) Call to subroutine "procedure TFPImageFreeTypeDrawer.InternalMergeColorOver(var merge:TFPColor;const c:TFPColor;calpha:Word);" marked as inline is not inlined
/usr/lib/lazarus/3.0/components/freetype/lazfreetypefpimagedrawer.pas(100,3) Note: (6058) Call to subroutine "procedure TFPImageFreeTypeDrawer.InternalMergeColorOver(var merge:TFPColor;const c:TFPColor;calpha:Word);" marked as inline is not inlined
/usr/lib/lazarus/3.0/components/freetype/lazfreetypefpimagedrawer.pas(114,5) Note: (6058) Call to subroutine "procedure TFPImageFreeTypeDrawer.InternalMergeColorOver(var merge:TFPColor;const c:TFPColor;calpha:Word);" marked as inline is not inlined
/usr/lib/lazarus/3.0/components/freetype/lazfreetypefpimagedrawer.pas(135,5) Note: (6058) Call to subroutine "procedure TFPImageFreeTypeDrawer.InternalMergeColorOver(var merge:TFPColor;const c:TFPColor;calpha:Word);" marked as inline is not inlined
/usr/lib/lazarus/3.0/components/freetype/lazfreetypefpimagedrawer.pas(154,5) Note: (6058) Call to subroutine "procedure TFPImageFreeTypeDrawer.InternalMergeColorOver(var merge:TFPColor;const c:TFPColor;calpha:Word);" marked as inline is not inlined
/usr/lib/lazarus/3.0/components/freetype/lazfreetypefpimagedrawer.pas(296,7) Note: (6058) Call to subroutine "procedure TFPImageFreeTypeDrawer.InternalMergeColorOver(var merge:TFPColor;const c:TFPColor;calpha:Word);" marked as inline is not inlined
(3104) Compiling ttdebug.pas
/usr/lib/lazarus/3.0/components/freetype/freetypelaz.pas(11,20) Hint: (5023) Unit "LazFreeType" not used in freetypelaz
/usr/lib/lazarus/3.0/components/freetype/freetypelaz.pas(11,60) Hint: (5023) Unit "LazFreeTypeFPImageDrawer" not used in freetypelaz
/usr/lib/lazarus/3.0/components/freetype/freetypelaz.pas(11,86) Hint: (5023) Unit "TTCache" not used in freetypelaz
/usr/lib/lazarus/3.0/components/freetype/freetypelaz.pas(11,95) Hint: (5023) Unit "TTCalc" not used in freetypelaz
/usr/lib/lazarus/3.0/components/freetype/freetypelaz.pas(11,103) Hint: (5023) Unit "TTCMap" not used in freetypelaz
/usr/lib/lazarus/3.0/components/freetype/freetypelaz.pas(11,111) Hint: (5023) Unit "TTDebug" not used in freetypelaz
/usr/lib/lazarus/3.0/components/freetype/freetypelaz.pas(12,3) Hint: (5023) Unit "TTError" not used in freetypelaz
/usr/lib/lazarus/3.0/components/freetype/freetypelaz.pas(12,12) Hint: (5023) Unit "TTFile" not used in freetypelaz
/usr/lib/lazarus/3.0/components/freetype/freetypelaz.pas(12,20) Hint: (5023) Unit "TTGLoad" not used in freetypelaz
/usr/lib/lazarus/3.0/components/freetype/freetypelaz.pas(12,29) Hint: (5023) Unit "TTInterp" not used in freetypelaz
/usr/lib/lazarus/3.0/components/freetype/freetypelaz.pas(12,39) Hint: (5023) Unit "TTKern" not used in freetypelaz
/usr/lib/lazarus/3.0/components/freetype/freetypelaz.pas(12,47) Hint: (5023) Unit "TTLoad" not used in freetypelaz
/usr/lib/lazarus/3.0/components/freetype/freetypelaz.pas(12,55) Hint: (5023) Unit "TTMemory" not used in freetypelaz
/usr/lib/lazarus/3.0/components/freetype/freetypelaz.pas(12,65) Hint: (5023) Unit "TTObjs" not used in freetypelaz
/usr/lib/lazarus/3.0/components/freetype/freetypelaz.pas(12,73) Hint: (5023) Unit "TTProfile" not used in freetypelaz
/usr/lib/lazarus/3.0/components/freetype/freetypelaz.pas(12,84) Hint: (5023) Unit "TTRaster" not used in freetypelaz
/usr/lib/lazarus/3.0/components/freetype/freetypelaz.pas(12,94) Hint: (5023) Unit "TTTables" not used in freetypelaz
/usr/lib/lazarus/3.0/components/freetype/freetypelaz.pas(12,104) Hint: (5023) Unit "TTTypes" not used in freetypelaz
(1008) 24159 lines compiled, 0.5 sec
(1021) 4 warning(s) issued
(1022) 88 hint(s) issued
(1023) 14 note(s) issued
Free Pascal Compiler version 3.2.2+dfsg-32 [2024/01/05] for x86_64
Copyright (c) 1993-2021 by Florian Klaempfl and others
(1002) Target OS: Linux for x86-64
(3104) Compiling alllclunits.pp
(3104) Compiling checklst.pas
(3104) Compiling lcltype.pp
(3104) Compiling lclintf.pas
(3104) Compiling lmessages.pp
(3104) Compiling lclstrconsts.pas
(1010) Writing Resource String Table file: lclstrconsts.rsj
(3104) Compiling interfacebase.pp
(3104) Compiling lclproc.pas
(3104) Compiling lclplatformdef.pas
(3104) Compiling intfgraphics.pas
(3104) Compiling lclversion.pas
(3104) Compiling icnstypes.pas
(3104) Compiling graphics.pp
(3104) Compiling lresources.pp
(3104) Compiling lclrescache.pas
(3104) Compiling ./widgetset/wsreferences.pp
(3104) Compiling lclintf.pas
(3104) Compiling interfacebase.pp
(3104) Compiling themes.pas
(3104) Compiling tmschema.pas
(3104) Compiling interfacebase.pp
(3104) Compiling lclintf.pas
(3104) Compiling controls.pp
(3104) Compiling imglist.pp
(3104) Compiling lclclasses.pp
(3104) Compiling ./widgetset/wslclclasses.pp
(3104) Compiling lclclasses.pp
(3104) Compiling ./widgetset/wsimglist.pp
(3104) Compiling ./widgetset/wsproc.pp
(3104) Compiling controls.pp
(3104) Compiling propertystorage.pas
(3104) Compiling menus.pp
(3104) Compiling actnlist.pas
(3104) Compiling ./widgetset/wsmenus.pp
(3104) Compiling ./widgetset/wsfactory.pas
(3104) Compiling forms.pp
(3104) Compiling customtimer.pas
(3104) Compiling clipbrd.pp
(3104) Compiling helpintfs.pas
(3104) Compiling controls.pp
(3104) Compiling ./widgetset/wscontrols.pp
(3104) Compiling ./widgetset/wsimglist.pp
(3104) Compiling ./widgetset/wsproc.pp
(3104) Compiling forms.pp
(3104) Compiling ./widgetset/wsforms.pp
/usr/lib/lazarus/3.0/lcl/./include/application.inc(865,21) Warning: (5063) Symbol "HintControl" is experimental
(3104) Compiling stdctrls.pp
(3104) Compiling ./widgetset/wsstdctrls.pp
(3104) Compiling ./widgetset/wschecklst.pp
/usr/lib/lazarus/3.0/lcl/checklst.pas(269,24) Warning: (5066) Symbol "ItemClick" is deprecated: "Use ClickCheck instead"
/usr/lib/lazarus/3.0/lcl/checklst.pas(339,23) Warning: (5066) Symbol "ItemClick" is deprecated: "Use ClickCheck instead"
/usr/lib/lazarus/3.0/lcl/checklst.pas(435,26) Warning: (5066) Symbol "OnItemClick" is deprecated: "Use OnClickCheck instead"
/usr/lib/lazarus/3.0/lcl/checklst.pas(435,44) Warning: (5066) Symbol "OnItemClick" is deprecated: "Use OnClickCheck instead"
(3104) Compiling colorbox.pas
(3104) Compiling dialogs.pp
(3104) Compiling buttons.pp
(3104) Compiling imagelistcache.pas
(3104) Compiling ./widgetset/wsbuttons.pp
(3104) Compiling buttonpanel.pas
(3104) Compiling extctrls.pp
(3104) Compiling popupnotifier.pas
(3104) Compiling ./widgetset/wsextctrls.pp
(3104) Compiling lcltaskdialog.pas
(3104) Compiling dialogres.pas
/usr/lib/lazarus/3.0/lcl/lcltaskdialog.pas(402,22) Warning: (3175) Some fields coming before "DialogIcon" were not initialized
/usr/lib/lazarus/3.0/lcl/lcltaskdialog.pas(403,32) Warning: (3177) Some fields coming after "FooterIcon" were not initialized
/usr/lib/lazarus/3.0/lcl/dialogs.pp(31,14) Warning: (5075) Unit "UITypes" is deprecated: "Use System.UITypes instead (available since FPC 3.2.0)"
(3104) Compiling ./widgetset/wsdialogs.pp
/usr/lib/lazarus/3.0/lcl/./include/promptdialog.inc(814,20) Warning: (5066) Symbol "GetDialogIcon" is deprecated: "Use DialogRes.DialogGlyphs"
/usr/lib/lazarus/3.0/lcl/./include/promptdialog.inc(819,18) Warning: (5066) Symbol "GetDialogIcon" is deprecated: "Use DialogRes.DialogGlyphs"
(3104) Compiling comctrls.pp
(3104) Compiling toolwin.pp
(3104) Compiling ./widgetset/wscomctrls.pp
(3104) Compiling ./widgetset/wstoolwin.pp
/usr/lib/lazarus/3.0/lcl/./include/toolbar.inc(94,62) Warning: (5066) Symbol "GetDetailSize" is deprecated: "use GetDetailSizeForPPI"
/usr/lib/lazarus/3.0/lcl/./include/toolbar.inc(96,64) Warning: (5066) Symbol "GetDetailSize" is deprecated: "use GetDetailSizeForPPI"
/usr/lib/lazarus/3.0/lcl/./include/treeview.inc(2015,16) Warning: (4056) Conversion between ordinals and pointers is not portable
(3104) Compiling dbactns.pp
(3104) Compiling dbctrls.pp
(3104) Compiling maskedit.pp
(3104) Compiling calendar.pp
(3104) Compiling ./widgetset/wscalendar.pp
(3104) Compiling dbgrids.pas
(3104) Compiling grids.pas
(3104) Compiling ./widgetset/wsgrids.pp
(3104) Compiling defaulttranslator.pas
(3104) Compiling lcltranslator.pas
(3104) Compiling extdlgs.pas
(3104) Compiling ./forms/calcform.pas
(3104) Compiling ./widgetset/wsextdlgs.pp
(3104) Compiling extgraphics.pas
(3104) Compiling filectrl.pp
(3104) Compiling shellctrls.pas
(3104) Compiling ./widgetset/wsshellctrls.pp
/usr/lib/lazarus/3.0/lcl/shellctrls.pas(909,55) Warning: (5044) Symbol "faHidden" is not portable
/usr/lib/lazarus/3.0/lcl/shellctrls.pas(909,70) Warning: (5044) Symbol "faHidden" is not portable
/usr/lib/lazarus/3.0/lcl/shellctrls.pas(1007,71) Warning: (5044) Symbol "faHidden" is not portable
/usr/lib/lazarus/3.0/lcl/shellctrls.pas(1014,47) Warning: (5044) Symbol "faHidden" is not portable
/usr/lib/lazarus/3.0/lcl/shellctrls.pas(1326,41) Warning: (5044) Symbol "faHidden" is not portable
/usr/lib/lazarus/3.0/lcl/shellctrls.pas(1326,58) Warning: (5044) Symbol "faHidden" is not portable
/usr/lib/lazarus/3.0/lcl/shellctrls.pas(1358,57) Warning: (5044) Symbol "faHidden" is not portable
/usr/lib/lazarus/3.0/lcl/filectrl.pp(315,31) Warning: (5044) Symbol "faHidden" is not portable
/usr/lib/lazarus/3.0/lcl/filectrl.pp(316,32) Warning: (5044) Symbol "faSysFile" is not portable
/usr/lib/lazarus/3.0/lcl/filectrl.pp(317,33) Warning: (5043) Symbol "faVolumeId" is deprecated
/usr/lib/lazarus/3.0/lcl/filectrl.pp(317,33) Warning: (5044) Symbol "faVolumeId" is not portable
(3104) Compiling graphutil.pp
(3104) Compiling lazcanvas.pas
(3104) Compiling lazregions.pas
(3104) Compiling inipropstorage.pas
(3104) Compiling lazhelphtml.pas
(3104) Compiling lazhelpintf.pas
(3104) Compiling lclmemmanager.pas
(3104) Compiling lclmessageglue.pas
(3104) Compiling lclunicodedata.pas
(3104) Compiling pairsplitter.pas
(3104) Compiling ./widgetset/wspairsplitter.pp
(3104) Compiling postscriptcanvas.pas
(3104) Compiling printers.pas
(3104) Compiling postscriptunicode.pas
(3104) Compiling postscriptprinter.pas
(3104) Compiling rubberband.pas
(3104) Compiling ./widgetset/wsdesigner.pp
(3104) Compiling spin.pp
(3104) Compiling ./widgetset/wsspin.pp
(3104) Compiling stdactns.pas
(3104) Compiling utrace.pp
(3104) Compiling xmlpropstorage.pas
(3104) Compiling ./forms/timepopup.pas
(3104) Compiling ./nonwin32/messages.pp
(3104) Compiling asyncprocess.pp
(3104) Compiling registerlcl.pas
(3104) Compiling arrow.pp
(3104) Compiling industrialbase.pp
(3104) Compiling dbextctrls.pp
(3104) Compiling editbtn.pas
(3104) Compiling groupededit.pp
(3104) Compiling ./forms/calendarpopup.pas
(3104) Compiling jsonpropstorage.pas
(3104) Compiling valedit.pas
(3104) Compiling comboex.pas
(3104) Compiling lazdialogs.pas
(3104) Compiling customdrawn_common.pas
(3104) Compiling customdrawndrawers.pas
(3104) Compiling customdrawncontrols.pas
(3104) Compiling lazdeviceapis.pas
(3104) Compiling ./widgetset/wslazdeviceapis.pas
(3104) Compiling ldocktree.pas
(3104) Compiling lazfreetypeintfdrawer.pas
(3104) Compiling customdrawn_winxp.pas
(3104) Compiling customdrawn_android.pas
(3104) Compiling customdrawn_mac.pas
(3104) Compiling lclexceptionstacktrace.pas
(1008) 222038 lines compiled, 6.9 sec
(1021) 24 warning(s) issued
Warning: (lazarus) [TLazPackageGraph.ConvertPackageRSTFiles] skipping read only directory /usr/lib/lazarus/3.0/lcl/languages/
Hint: (11030) Start of reading config file /etc/fpc.cfg
Hint: (11031) End of reading config file /etc/fpc.cfg
Free Pascal Compiler version 3.2.2+dfsg-32 [2024/01/05] for x86_64
Copyright (c) 1993-2021 by Florian Klaempfl and others
(1002) Target OS: Linux for x86-64
(3104) Compiling lcl.pas
(3104) Compiling ./gtk2/alllclintfunits.pas
(3104) Compiling ./gtk2/gtk2cellrenderer.pas
(3104) Compiling ./gtk2/gtk2int.pas
(3104) Compiling ./gtk2/gtk2winapiwindow.pp
(3104) Compiling ./gtk2/gtk2extra.pp
/usr/lib/lazarus/3.0/lcl/interfaces/./gtk2/gtk2extra.inc(36,22) Hint: (5057) Local variable "Value" does not seem to be initialized
(3104) Compiling ./gtk2/gtk2proc.pp
(3104) Compiling ./gtk2/gtk2fontcache.pas
(3104) Compiling ./gtk2/gtk2def.pp
(3104) Compiling ./gtk2/gtk2globals.pp
(3104) Compiling ./gtk2/gtk2int.pas
(3104) Compiling ./gtk2/gtk2winapiwindow.pp
(3104) Compiling ./gtk2/gtk2proc.pp
(3104) Compiling ./gtk2/gtk2fontcache.pas
/usr/lib/lazarus/3.0/lcl/interfaces/./gtk2/gtk2fontcache.pas(66,32) Hint: (5024) Parameter "Tree" not used
/usr/lib/lazarus/3.0/lcl/interfaces/./gtk2/gtk2fontcache.pas(67,38) Hint: (5024) Parameter "Tree" not used
/usr/lib/lazarus/3.0/lcl/interfaces/./gtk2/gtk2fontcache.pas(259,24) Hint: (5057) Local variable "LogFont" does not seem to be initialized
/usr/lib/lazarus/3.0/lcl/interfaces/./gtk2/gtk2fontcache.pas(260,29) Hint: (4055) Conversion between ordinals and pointers is not portable
(3104) Compiling ./gtk2/gtk2debug.pp
/usr/lib/lazarus/3.0/lcl/interfaces/./gtk2/gtk2debug.pp(53,35) Hint: (5024) Parameter "widget" not used
/usr/lib/lazarus/3.0/lcl/interfaces/./gtk2/gtk2debug.pp(66,56) Hint: (5024) Parameter "event" not used
(3104) Compiling ./gtk2/gtk2wsprivate.pp
/usr/lib/lazarus/3.0/lcl/interfaces/./gtk2/gtk2wsprivate.pp(143,45) Hint: (5024) Parameter "AGtkWidget" not used
/usr/lib/lazarus/3.0/lcl/interfaces/./gtk2/gtk2wsprivate.pp(143,80) Hint: (5024) Parameter "AWidgetInfo" not used
/usr/lib/lazarus/3.0/lcl/interfaces/./gtk2/gtk2wsprivate.pp(278,24) Hint: (4055) Conversion between ordinals and pointers is not portable
/usr/lib/lazarus/3.0/lcl/interfaces/./gtk2/gtk2wsprivate.pp(320,18) Hint: (4055) Conversion between ordinals and pointers is not portable
/usr/lib/lazarus/3.0/lcl/interfaces/./gtk2/gtk2wsprivate.pp(411,28) Hint: (4055) Conversion between ordinals and pointers is not portable
/usr/lib/lazarus/3.0/lcl/interfaces/./gtk2/gtk2wsprivate.pp(459,18) Hint: (4055) Conversion between ordinals and pointers is not portable
/usr/lib/lazarus/3.0/lcl/interfaces/./gtk2/gtk2wsprivate.pp(471,18) Hint: (4055) Conversion between ordinals and pointers is not portable
/usr/lib/lazarus/3.0/lcl/interfaces/./gtk2/gtk2wsprivate.pp(513,18) Hint: (4055) Conversion between ordinals and pointers is not portable
/usr/lib/lazarus/3.0/lcl/interfaces/./gtk2/gtk2wsprivate.pp(32,12) Hint: (5023) Unit "LMessages" not used in Gtk2WSPrivate
(3104) Compiling ./gtk2/gtk2int.pas
(3104) Compiling ./gtk2/gtk2winapiwindow.pp
/usr/lib/lazarus/3.0/lcl/interfaces/./gtk2/gtk2winapiwindow.pp(138,22) Hint: (4055) Conversion between ordinals and pointers is not portable
/usr/lib/lazarus/3.0/lcl/interfaces/./gtk2/gtk2winapiwindow.pp(171,46) Hint: (5024) Parameter "Widget" not used
/usr/lib/lazarus/3.0/lcl/interfaces/./gtk2/gtk2winapiwindow.pp(174,8) Hint: (5024) Parameter "Event" not used
/usr/lib/lazarus/3.0/lcl/interfaces/./gtk2/gtk2winapiwindow.pp(176,8) Hint: (5024) Parameter "Event" not used
/usr/lib/lazarus/3.0/lcl/interfaces/./gtk2/gtk2winapiwindow.pp(575,54) Hint: (4055) Conversion between ordinals and pointers is not portable
/usr/lib/lazarus/3.0/lcl/interfaces/./gtk2/gtk2winapiwindow.pp(186,74) Hint: (5024) Parameter "CalledByTimer" not used
/usr/lib/lazarus/3.0/lcl/interfaces/./gtk2/gtk2winapiwindow.pp(955,8) Hint: (5024) Parameter "Event" not used
/usr/lib/lazarus/3.0/lcl/interfaces/./gtk2/gtk2winapiwindow.pp(978,37) Hint: (5024) Parameter "Widget" not used
/usr/lib/lazarus/3.0/lcl/interfaces/./gtk2/gtk2winapiwindow.pp(979,8) Hint: (5024) Parameter "Event" not used
(3104) Compiling ./gtk2/gtk2msgqueue.pp
(3104) Compiling ./gtk2/gtk2wsfactory.pas
(3104) Compiling ./gtk2/gtk2wsbuttons.pp
(3104) Compiling ./gtk2/gtk2wsstdctrls.pp
(3104) Compiling ./gtk2/gtk2cellrenderer.pas
/usr/lib/lazarus/3.0/lcl/interfaces/./gtk2/gtk2cellrenderer.pas(95,56) Hint: (5024) Parameter "widget" not used
/usr/lib/lazarus/3.0/lcl/interfaces/./gtk2/gtk2cellrenderer.pas(215,41) Hint: (4055) Conversion between ordinals and pointers is not portable
/usr/lib/lazarus/3.0/lcl/interfaces/./gtk2/gtk2cellrenderer.pas(292,39) Hint: (4055) Conversion between ordinals and pointers is not portable
/usr/lib/lazarus/3.0/lcl/interfaces/./gtk2/gtk2cellrenderer.pas(345,39) Hint: (4055) Conversion between ordinals and pointers is not portable
/usr/lib/lazarus/3.0/lcl/interfaces/./gtk2/gtk2cellrenderer.pas(368,41) Hint: (5024) Parameter "Instance" not used
/usr/lib/lazarus/3.0/lcl/interfaces/./gtk2/gtk2cellrenderer.pas(369,8) Hint: (5024) Parameter "theClass" not used
/usr/lib/lazarus/3.0/lcl/interfaces/./gtk2/gtk2cellrenderer.pas(428,22) Hint: (5057) Local variable "Value" does not seem to be initialized
(3104) Compiling ./gtk2/gtk2wscontrols.pp
/usr/lib/lazarus/3.0/lcl/interfaces/./gtk2/gtk2wscontrols.pp(182,26) Hint: (4055) Conversion between ordinals and pointers is not portable
/usr/lib/lazarus/3.0/lcl/interfaces/./gtk2/gtk2wscontrols.pp(188,31) Hint: (4055) Conversion between ordinals and pointers is not portable
/usr/lib/lazarus/3.0/lcl/interfaces/./gtk2/gtk2wscontrols.pp(256,33) Hint: (4055) Conversion between ordinals and pointers is not portable
/usr/lib/lazarus/3.0/lcl/interfaces/./gtk2/gtk2wscontrols.pp(258,30) Hint: (4055) Conversion between ordinals and pointers is not portable
/usr/lib/lazarus/3.0/lcl/interfaces/./gtk2/gtk2wscontrols.pp(94,91) Hint: (5024) Parameter "UseRightToLeftReading" not used
/usr/lib/lazarus/3.0/lcl/interfaces/./gtk2/gtk2wscontrols.pp(94,119) Hint: (5024) Parameter "UseRightToLeftScrollBar" not used
/usr/lib/lazarus/3.0/lcl/interfaces/./gtk2/gtk2wscontrols.pp(282,59) Hint: (4055) Conversion between ordinals and pointers is not portable
/usr/lib/lazarus/3.0/lcl/interfaces/./gtk2/gtk2wscontrols.pp(284,52) Hint: (4055) Conversion between ordinals and pointers is not portable
/usr/lib/lazarus/3.0/lcl/interfaces/./gtk2/gtk2wscontrols.pp(285,57) Hint: (4055) Conversion between ordinals and pointers is not portable
/usr/lib/lazarus/3.0/lcl/interfaces/./gtk2/gtk2wscontrols.pp(289,38) Hint: (4055) Conversion between ordinals and pointers is not portable
/usr/lib/lazarus/3.0/lcl/interfaces/./gtk2/gtk2wscontrols.pp(313,85) Hint: (4055) Conversion between ordinals and pointers is not portable
/usr/lib/lazarus/3.0/lcl/interfaces/./gtk2/gtk2wscontrols.pp(333,18) Hint: (4055) Conversion between ordinals and pointers is not portable
/usr/lib/lazarus/3.0/lcl/interfaces/./gtk2/gtk2wscontrols.pp(352,18) Hint: (4055) Conversion between ordinals and pointers is not portable
/usr/lib/lazarus/3.0/lcl/interfaces/./gtk2/gtk2wscontrols.pp(402,21) Hint: (4055) Conversion between ordinals and pointers is not portable
/usr/lib/lazarus/3.0/lcl/interfaces/./gtk2/gtk2wscontrols.pp(49,83) Hint: (5024) Parameter "Window" not used
/usr/lib/lazarus/3.0/lcl/interfaces/./gtk2/gtk2wscontrols.pp(50,40) Hint: (5024) Parameter "ADragImageList" not used
/usr/lib/lazarus/3.0/lcl/interfaces/./gtk2/gtk2wscontrols.pp(51,40) Hint: (5024) Parameter "ADragImageList" not used
/usr/lib/lazarus/3.0/lcl/interfaces/./gtk2/gtk2wscontrols.pp(52,45) Hint: (5024) Parameter "ADragImageList" not used
/usr/lib/lazarus/3.0/lcl/interfaces/./gtk2/gtk2wscontrols.pp(53,12) Hint: (5024) Parameter "ALockedWindow" not used
/usr/lib/lazarus/3.0/lcl/interfaces/./gtk2/gtk2wscontrols.pp(53,38) Hint: (5024) Parameter "DoUnLock" not used
/usr/lib/lazarus/3.0/lcl/interfaces/./gtk2/gtk2wscontrols.pp(54,45) Hint: (5024) Parameter "ADragImageList" not used
/usr/lib/lazarus/3.0/lcl/interfaces/./gtk2/gtk2wscontrols.pp(55,12) Hint: (5024) Parameter "ALockedWindow" not used
/usr/lib/lazarus/3.0/lcl/interfaces/./gtk2/gtk2wscontrols.pp(55,53) Hint: (5024) Parameter "DoLock" not used
/usr/lib/lazarus/3.0/lcl/interfaces/./gtk2/gtk2wscontrols.pp(525,26) Hint: (4055) Conversion between ordinals and pointers is not portable
/usr/lib/lazarus/3.0/lcl/interfaces/./gtk2/gtk2wscontrols.pp(532,27) Hint: (4055) Conversion between ordinals and pointers is not portable
/usr/lib/lazarus/3.0/lcl/interfaces/./gtk2/gtk2wscontrols.pp(545,29) Hint: (4055) Conversion between ordinals and pointers is not portable
/usr/lib/lazarus/3.0/lcl/interfaces/./gtk2/gtk2wscontrols.pp(559,20) Hint: (4055) Conversion between ordinals and pointers is not portable
/usr/lib/lazarus/3.0/lcl/interfaces/./gtk2/gtk2wscontrols.pp(583,30) Hint: (4055) Conversion between ordinals and pointers is not portable
/usr/lib/lazarus/3.0/lcl/interfaces/./gtk2/gtk2wscontrols.pp(602,40) Hint: (4055) Conversion between ordinals and pointers is not portable
/usr/lib/lazarus/3.0/lcl/interfaces/./gtk2/gtk2wscontrols.pp(649,35) Hint: (4055) Conversion between ordinals and pointers is not portable
/usr/lib/lazarus/3.0/lcl/interfaces/./gtk2/gtk2wscontrols.pp(654,27) Hint: (5057) Local variable "Geometry" does not seem to be initialized
/usr/lib/lazarus/3.0/lcl/interfaces/./gtk2/gtk2wscontrols.pp(694,50) Hint: (4055) Conversion between ordinals and pointers is not portable
/usr/lib/lazarus/3.0/lcl/interfaces/./gtk2/gtk2wscontrols.pp(699,42) Hint: (4055) Conversion between ordinals and pointers is not portable
/usr/lib/lazarus/3.0/lcl/interfaces/./gtk2/gtk2wscontrols.pp(721,46) Hint: (4055) Conversion between ordinals and pointers is not portable
/usr/lib/lazarus/3.0/lcl/interfaces/./gtk2/gtk2wscontrols.pp(724,31) Hint: (4055) Conversion between ordinals and pointers is not portable
/usr/lib/lazarus/3.0/lcl/interfaces/./gtk2/gtk2wscontrols.pp(86,90) Hint: (5024) Parameter "AOldPos" not used
/usr/lib/lazarus/3.0/lcl/interfaces/./gtk2/gtk2wscontrols.pp(757,16) Note: (6058) Call to subroutine "function TWSLCLComponent.WSPrivate:Class Of TWSPrivate;" marked as inline is not inlined
/usr/lib/lazarus/3.0/lcl/interfaces/./gtk2/gtk2wscontrols.pp(760,16) Note: (6058) Call to subroutine "function TWSLCLComponent.WSPrivate:Class Of TWSPrivate;" marked as inline is not inlined
/usr/lib/lazarus/3.0/lcl/interfaces/./gtk2/gtk2wscontrols.pp(768,16) Note: (6058) Call to subroutine "function TWSLCLComponent.WSPrivate:Class Of TWSPrivate;" marked as inline is not inlined
/usr/lib/lazarus/3.0/lcl/interfaces/./gtk2/gtk2wscontrols.pp(780,36) Hint: (4055) Conversion between ordinals and pointers is not portable
/usr/lib/lazarus/3.0/lcl/interfaces/./gtk2/gtk2wscontrols.pp(784,39) Note: (6058) Call to subroutine "function TWSLCLComponent.WSPrivate:Class Of TWSPrivate;" marked as inline is not inlined
/usr/lib/lazarus/3.0/lcl/interfaces/./gtk2/gtk2wscontrols.pp(796,18) Hint: (4055) Conversion between ordinals and pointers is not portable
/usr/lib/lazarus/3.0/lcl/interfaces/./gtk2/gtk2wscontrols.pp(820,18) Hint: (4055) Conversion between ordinals and pointers is not portable
/usr/lib/lazarus/3.0/lcl/interfaces/./gtk2/gtk2wscontrols.pp(840,18) Hint: (4055) Conversion between ordinals and pointers is not portable
/usr/lib/lazarus/3.0/lcl/interfaces/./gtk2/gtk2wscontrols.pp(858,25) Hint: (4055) Conversion between ordinals and pointers is not portable
/usr/lib/lazarus/3.0/lcl/interfaces/./gtk2/gtk2wscontrols.pp(862,37) Hint: (4055) Conversion between ordinals and pointers is not portable
/usr/lib/lazarus/3.0/lcl/interfaces/./gtk2/gtk2wscontrols.pp(889,26) Hint: (4055) Conversion between ordinals and pointers is not portable
/usr/lib/lazarus/3.0/lcl/interfaces/./gtk2/gtk2wscontrols.pp(890,22) Hint: (4055) Conversion between ordinals and pointers is not portable
/usr/lib/lazarus/3.0/lcl/interfaces/./gtk2/gtk2wscontrols.pp(920,13) Hint: (4055) Conversion between ordinals and pointers is not portable
/usr/lib/lazarus/3.0/lcl/interfaces/./gtk2/gtk2wscontrols.pp(999,21) Hint: (4055) Conversion between ordinals and pointers is not portable
/usr/lib/lazarus/3.0/lcl/interfaces/./gtk2/gtk2wscontrols.pp(1005,25) Hint: (4055) Conversion between ordinals and pointers is not portable
/usr/lib/lazarus/3.0/lcl/interfaces/./gtk2/gtk2wscontrols.pp(1038,24) Hint: (4055) Conversion between ordinals and pointers is not portable
/usr/lib/lazarus/3.0/lcl/interfaces/./gtk2/gtk2wscontrols.pp(1102,35) Hint: (4055) Conversion between ordinals and pointers is not portable
/usr/lib/lazarus/3.0/lcl/interfaces/./gtk2/gtk2wscontrols.pp(1109,30) Hint: (4055) Conversion between ordinals and pointers is not portable
/usr/lib/lazarus/3.0/lcl/interfaces/./gtk2/gtk2wscontrols.pp(1119,21) Hint: (5057) Local variable "Mess" does not seem to be initialized
/usr/lib/lazarus/3.0/lcl/interfaces/./gtk2/gtk2wscontrols.pp(1112,37) Hint: (5024) Parameter "Selection" not used
/usr/lib/lazarus/3.0/lcl/interfaces/./gtk2/gtk2wscontrols.pp(1195,30) Hint: (4055) Conversion between ordinals and pointers is not portable
/usr/lib/lazarus/3.0/lcl/interfaces/./gtk2/gtk2wscontrols.pp(1257,30) Hint: (4055) Conversion between ordinals and pointers is not portable
/usr/lib/lazarus/3.0/lcl/interfaces/./gtk2/gtk2wscontrols.pp(1275,26) Hint: (4055) Conversion between ordinals and pointers is not portable
/usr/lib/lazarus/3.0/lcl/interfaces/./gtk2/gtk2wsstdctrls.pp(414,46) Hint: (5024) Parameter "Widget" not used
/usr/lib/lazarus/3.0/lcl/interfaces/./gtk2/gtk2wsstdctrls.pp(414,71) Hint: (5024) Parameter "data" not used
/usr/lib/lazarus/3.0/lcl/interfaces/./gtk2/gtk2wsstdctrls.pp(424,43) Hint: (5024) Parameter "Widget" not used
/usr/lib/lazarus/3.0/lcl/interfaces/./gtk2/gtk2wsstdctrls.pp(425,8) Hint: (5024) Parameter "data" not used
/usr/lib/lazarus/3.0/lcl/interfaces/./gtk2/gtk2memostrings.inc(257,23) Hint: (4055) Conversion between ordinals and pointers is not portable
/usr/lib/lazarus/3.0/lcl/interfaces/./gtk2/gtk2wsstdctrls.pp(438,39) Hint: (5024) Parameter "model" not used
/usr/lib/lazarus/3.0/lcl/interfaces/./gtk2/gtk2wsstdctrls.pp(439,8) Hint: (5024) Parameter "iter" not used
/usr/lib/lazarus/3.0/lcl/interfaces/./gtk2/gtk2wsstdctrls.pp(457,40) Hint: (4055) Conversion between ordinals and pointers is not portable
/usr/lib/lazarus/3.0/lcl/interfaces/./gtk2/gtk2wsstdctrls.pp(492,40) Hint: (4055) Conversion between ordinals and pointers is not portable
/usr/lib/lazarus/3.0/lcl/interfaces/./gtk2/gtk2wsstdctrls.pp(497,27) Hint: (5057) Local variable "AGdkRect" does not seem to be initialized
/usr/lib/lazarus/3.0/lcl/interfaces/./gtk2/gtk2wsstdctrls.pp(509,58) Hint: (4055) Conversion between ordinals and pointers is not portable
/usr/lib/lazarus/3.0/lcl/interfaces/./gtk2/gtk2wsstdctrls.pp(528,40) Hint: (4055) Conversion between ordinals and pointers is not portable
/usr/lib/lazarus/3.0/lcl/interfaces/./gtk2/gtk2wsstdctrls.pp(550,44) Hint: (4055) Conversion between ordinals and pointers is not portable
/usr/lib/lazarus/3.0/lcl/interfaces/./gtk2/gtk2wsstdctrls.pp(560,19) Hint: (4055) Conversion between ordinals and pointers is not portable
/usr/lib/lazarus/3.0/lcl/interfaces/./gtk2/gtk2wsstdctrls.pp(579,44) Hint: (4055) Conversion between ordinals and pointers is not portable
/usr/lib/lazarus/3.0/lcl/interfaces/./gtk2/gtk2wsstdctrls.pp(620,26) Hint: (4055) Conversion between ordinals and pointers is not portable
/usr/lib/lazarus/3.0/lcl/interfaces/./gtk2/gtk2wsstdctrls.pp(636,40) Hint: (4055) Conversion between ordinals and pointers is not portable
/usr/lib/lazarus/3.0/lcl/interfaces/./gtk2/gtk2wsstdctrls.pp(177,87) Hint: (5024) Parameter "AExtendedSelect" not used
/usr/lib/lazarus/3.0/lcl/interfaces/./gtk2/gtk2wsstdctrls.pp(657,40) Hint: (4055) Conversion between ordinals and pointers is not portable
/usr/lib/lazarus/3.0/lcl/interfaces/./gtk2/gtk2wsstdctrls.pp(658,18) Hint: (4055) Conversion between ordinals and pointers is not portable
/usr/lib/lazarus/3.0/lcl/interfaces/./gtk2/gtk2wsstdctrls.pp(180,42) Hint: (5024) Parameter "ACustomListBox" not used
/usr/lib/lazarus/3.0/lcl/interfaces/./gtk2/gtk2wsstdctrls.pp(685,40) Hint: (4055) Conversion between ordinals and pointers is not portable
/usr/lib/lazarus/3.0/lcl/interfaces/./gtk2/gtk2wsstdctrls.pp(704,32) Hint: (4055) Conversion between ordinals and pointers is not portable
/usr/lib/lazarus/3.0/lcl/interfaces/./gtk2/gtk2wsstdctrls.pp(736,21) Hint: (5057) Local variable "Mess" does not seem to be initialized
/usr/lib/lazarus/3.0/lcl/interfaces/./gtk2/gtk2wsstdctrls.pp(725,48) Hint: (5024) Parameter "Widget" not used
/usr/lib/lazarus/3.0/lcl/interfaces/./gtk2/gtk2wsstdctrls.pp(753,13) Hint: (4055) Conversion between ordinals and pointers is not portable
/usr/lib/lazarus/3.0/lcl/interfaces/./gtk2/gtk2wsstdctrls.pp(812,71) Warning: (4056) Conversion between ordinals and pointers is not portable
/usr/lib/lazarus/3.0/lcl/interfaces/./gtk2/gtk2wsstdctrls.pp(839,59) Hint: (4055) Conversion between ordinals and pointers is not portable
/usr/lib/lazarus/3.0/lcl/interfaces/./gtk2/gtk2wsstdctrls.pp(163,76) Hint: (5024) Parameter "X" not used
/usr/lib/lazarus/3.0/lcl/interfaces/./gtk2/gtk2wsstdctrls.pp(862,40) Hint: (4055) Conversion between ordinals and pointers is not portable
/usr/lib/lazarus/3.0/lcl/interfaces/./gtk2/gtk2wsstdctrls.pp(881,40) Hint: (4055) Conversion between ordinals and pointers is not portable
/usr/lib/lazarus/3.0/lcl/interfaces/./gtk2/gtk2wsstdctrls.pp(911,46) Hint: (4055) Conversion between ordinals and pointers is not portable
/usr/lib/lazarus/3.0/lcl/interfaces/./gtk2/gtk2wsstdctrls.pp(945,26) Hint: (4055) Conversion between ordinals and pointers is not portable
/usr/lib/lazarus/3.0/lcl/interfaces/./gtk2/gtk2wsstdctrls.pp(946,39) Hint: (4055) Conversion between ordinals and pointers is not portable
/usr/lib/lazarus/3.0/lcl/interfaces/./gtk2/gtk2wsstdctrls.pp(952,33) Hint: (4055) Conversion between ordinals and pointers is not portable
/usr/lib/lazarus/3.0/lcl/interfaces/./gtk2/gtk2wsstdctrls.pp(954,26) Hint: (4055) Conversion between ordinals and pointers is not portable
/usr/lib/lazarus/3.0/lcl/interfaces/./gtk2/gtk2wsstdctrls.pp(956,26) Hint: (4055) Conversion between ordinals and pointers is not portable
/usr/lib/lazarus/3.0/lcl/interfaces/./gtk2/gtk2wsstdctrls.pp(958,33) Hint: (4055) Conversion between ordinals and pointers is not portable
/usr/lib/lazarus/3.0/lcl/interfaces/./gtk2/gtk2wsstdctrls.pp(959,21) Hint: (4055) Conversion between ordinals and pointers is not portable
/usr/lib/lazarus/3.0/lcl/interfaces/./gtk2/gtk2wsstdctrls.pp(975,22) Hint: (4055) Conversion between ordinals and pointers is not portable
/usr/lib/lazarus/3.0/lcl/interfaces/./gtk2/gtk2wsstdctrls.pp(988,36) Hint: (4055) Conversion between ordinals and pointers is not portable
/usr/lib/lazarus/3.0/lcl/interfaces/./gtk2/gtk2wsstdctrls.pp(334,96) Hint: (5024) Parameter "ShortCutK2" not used
/usr/lib/lazarus/3.0/lcl/interfaces/./gtk2/gtk2wsstdctrls.pp(1001,21) Hint: (4055) Conversion between ordinals and pointers is not portable
/usr/lib/lazarus/3.0/lcl/interfaces/./gtk2/gtk2wsstdctrls.pp(1017,18) Hint: (4055) Conversion between ordinals and pointers is not portable
/usr/lib/lazarus/3.0/lcl/interfaces/./gtk2/gtk2wsstdctrls.pp(1035,21) Hint: (4055) Conversion between ordinals and pointers is not portable
/usr/lib/lazarus/3.0/lcl/interfaces/./gtk2/gtk2wsstdctrls.pp(1045,101) Note: (6058) Call to subroutine "function EscapeUnderscores(const Str:AnsiString):AnsiString;" marked as inline is not inlined
/usr/lib/lazarus/3.0/lcl/interfaces/./gtk2/gtk2wscustommemo.inc(5,35) Hint: (5024) Parameter "AGtkTextBuffer" not used
/usr/lib/lazarus/3.0/lcl/interfaces/./gtk2/gtk2wscustommemo.inc(125,33) Hint: (4055) Conversion between ordinals and pointers is not portable
/usr/lib/lazarus/3.0/lcl/interfaces/./gtk2/gtk2wscustommemo.inc(131,39) Hint: (4055) Conversion between ordinals and pointers is not portable
/usr/lib/lazarus/3.0/lcl/interfaces/./gtk2/gtk2wscustommemo.inc(171,47) Hint: (4055) Conversion between ordinals and pointers is not portable
/usr/lib/lazarus/3.0/lcl/interfaces/./gtk2/gtk2wscustommemo.inc(180,47) Hint: (4055) Conversion between ordinals and pointers is not portable
/usr/lib/lazarus/3.0/lcl/interfaces/./gtk2/gtk2wscustommemo.inc(191,19) Hint: (4055) Conversion between ordinals and pointers is not portable
/usr/lib/lazarus/3.0/lcl/interfaces/./gtk2/gtk2wscustommemo.inc(206,18) Hint: (4055) Conversion between ordinals and pointers is not portable
/usr/lib/lazarus/3.0/lcl/interfaces/./gtk2/gtk2wscustommemo.inc(251,47) Hint: (4055) Conversion between ordinals and pointers is not portable
/usr/lib/lazarus/3.0/lcl/interfaces/./gtk2/gtk2wsstdctrls.pp(244,44) Hint: (5024) Parameter "ACustomEdit" not used
/usr/lib/lazarus/3.0/lcl/interfaces/./gtk2/gtk2wsstdctrls.pp(244,75) Hint: (5024) Parameter "NewMode" not used
/usr/lib/lazarus/3.0/lcl/interfaces/./gtk2/gtk2wsstdctrls.pp(245,48) Hint: (5024) Parameter "ACustomEdit" not used
/usr/lib/lazarus/3.0/lcl/interfaces/./gtk2/gtk2wsstdctrls.pp(245,79) Hint: (5024) Parameter "NewChar" not used
/usr/lib/lazarus/3.0/lcl/interfaces/./gtk2/gtk2wscustommemo.inc(274,47) Hint: (4055) Conversion between ordinals and pointers is not portable
/usr/lib/lazarus/3.0/lcl/interfaces/./gtk2/gtk2wsstdctrls.pp(248,44) Hint: (5024) Parameter "ACustomEdit" not used
/usr/lib/lazarus/3.0/lcl/interfaces/./gtk2/gtk2wsstdctrls.pp(248,75) Hint: (5024) Parameter "NewCase" not used
/usr/lib/lazarus/3.0/lcl/interfaces/./gtk2/gtk2wscustommemo.inc(295,22) Hint: (4055) Conversion between ordinals and pointers is not portable
/usr/lib/lazarus/3.0/lcl/interfaces/./gtk2/gtk2wscustommemo.inc(304,16) Hint: (4055) Conversion between ordinals and pointers is not portable
/usr/lib/lazarus/3.0/lcl/interfaces/./gtk2/gtk2wscustommemo.inc(317,47) Hint: (4055) Conversion between ordinals and pointers is not portable
/usr/lib/lazarus/3.0/lcl/interfaces/./gtk2/gtk2wscustommemo.inc(333,35) Hint: (4055) Conversion between ordinals and pointers is not portable
/usr/lib/lazarus/3.0/lcl/interfaces/./gtk2/gtk2wscustommemo.inc(363,79) Hint: (4055) Conversion between ordinals and pointers is not portable
/usr/lib/lazarus/3.0/lcl/interfaces/./gtk2/gtk2wscustommemo.inc(396,47) Hint: (4055) Conversion between ordinals and pointers is not portable
/usr/lib/lazarus/3.0/lcl/interfaces/./gtk2/gtk2wscustommemo.inc(429,49) Hint: (4055) Conversion between ordinals and pointers is not portable
/usr/lib/lazarus/3.0/lcl/interfaces/./gtk2/gtk2wscustommemo.inc(447,47) Hint: (4055) Conversion between ordinals and pointers is not portable
/usr/lib/lazarus/3.0/lcl/interfaces/./gtk2/gtk2wscustommemo.inc(465,47) Hint: (4055) Conversion between ordinals and pointers is not portable
/usr/lib/lazarus/3.0/lcl/interfaces/./gtk2/gtk2wsstdctrls.pp(1103,19) Hint: (4055) Conversion between ordinals and pointers is not portable
/usr/lib/lazarus/3.0/lcl/interfaces/./gtk2/gtk2wsstdctrls.pp(1123,16) Hint: (4055) Conversion between ordinals and pointers is not portable
/usr/lib/lazarus/3.0/lcl/interfaces/./gtk2/gtk2wsstdctrls.pp(1140,21) Hint: (5057) Local variable "Mess" does not seem to be initialized
/usr/lib/lazarus/3.0/lcl/interfaces/./gtk2/gtk2wsstdctrls.pp(1162,16) Hint: (4055) Conversion between ordinals and pointers is not portable
/usr/lib/lazarus/3.0/lcl/interfaces/./gtk2/gtk2wsstdctrls.pp(1182,21) Hint: (5057) Local variable "Mess" does not seem to be initialized
/usr/lib/lazarus/3.0/lcl/interfaces/./gtk2/gtk2wsstdctrls.pp(203,44) Hint: (5024) Parameter "ACustomEdit" not used
/usr/lib/lazarus/3.0/lcl/interfaces/./gtk2/gtk2wsstdctrls.pp(203,75) Hint: (5024) Parameter "NewCase" not used
/usr/lib/lazarus/3.0/lcl/interfaces/./gtk2/gtk2wsstdctrls.pp(1198,16) Hint: (4055) Conversion between ordinals and pointers is not portable
/usr/lib/lazarus/3.0/lcl/interfaces/./gtk2/gtk2wsstdctrls.pp(1203,32) Hint: (5024) Parameter "Widget" not used
/usr/lib/lazarus/3.0/lcl/interfaces/./gtk2/gtk2wsstdctrls.pp(1204,8) Hint: (5024) Parameter "Data" not used
/usr/lib/lazarus/3.0/lcl/interfaces/./gtk2/gtk2wsstdctrls.pp(1222,33) Hint: (4055) Conversion between ordinals and pointers is not portable
/usr/lib/lazarus/3.0/lcl/interfaces/./gtk2/gtk2wsstdctrls.pp(1228,39) Hint: (4055) Conversion between ordinals and pointers is not portable
/usr/lib/lazarus/3.0/lcl/interfaces/./gtk2/gtk2wsstdctrls.pp(1240,34) Hint: (4055) Conversion between ordinals and pointers is not portable
/usr/lib/lazarus/3.0/lcl/interfaces/./gtk2/gtk2wsstdctrls.pp(1243,47) Hint: (4055) Conversion between ordinals and pointers is not portable
/usr/lib/lazarus/3.0/lcl/interfaces/./gtk2/gtk2wsstdctrls.pp(1257,17) Hint: (4055) Conversion between ordinals and pointers is not portable
/usr/lib/lazarus/3.0/lcl/interfaces/./gtk2/gtk2wsstdctrls.pp(1276,17) Hint: (4055) Conversion between ordinals and pointers is not portable
/usr/lib/lazarus/3.0/lcl/interfaces/./gtk2/gtk2wsstdctrls.pp(1295,17) Hint: (4055) Conversion between ordinals and pointers is not portable
/usr/lib/lazarus/3.0/lcl/interfaces/./gtk2/gtk2wsstdctrls.pp(1315,17) Hint: (4055) Conversion between ordinals and pointers is not portable
/usr/lib/lazarus/3.0/lcl/interfaces/./gtk2/gtk2wsstdctrls.pp(1335,17) Hint: (4055) Conversion between ordinals and pointers is not portable
/usr/lib/lazarus/3.0/lcl/interfaces/./gtk2/gtk2wsstdctrls.pp(1352,17) Hint: (4055) Conversion between ordinals and pointers is not portable
/usr/lib/lazarus/3.0/lcl/interfaces/./gtk2/gtk2wsstdctrls.pp(206,74) Hint: (5024) Parameter "NewChar" not used
/usr/lib/lazarus/3.0/lcl/interfaces/./gtk2/gtk2wsstdctrls.pp(1368,18) Hint: (4055) Conversion between ordinals and pointers is not portable
/usr/lib/lazarus/3.0/lcl/interfaces/./gtk2/gtk2wsstdctrls.pp(1383,17) Hint: (4055) Conversion between ordinals and pointers is not portable
/usr/lib/lazarus/3.0/lcl/interfaces/./gtk2/gtk2wsstdctrls.pp(1405,17) Hint: (4055) Conversion between ordinals and pointers is not portable
/usr/lib/lazarus/3.0/lcl/interfaces/./gtk2/gtk2wsstdctrls.pp(1423,17) Hint: (4055) Conversion between ordinals and pointers is not portable
/usr/lib/lazarus/3.0/lcl/interfaces/./gtk2/gtk2wsstdctrls.pp(1443,51) Hint: (4055) Conversion between ordinals and pointers is not portable
/usr/lib/lazarus/3.0/lcl/interfaces/./gtk2/gtk2wsstdctrls.pp(1453,37) Hint: (4055) Conversion between ordinals and pointers is not portable
/usr/lib/lazarus/3.0/lcl/interfaces/./gtk2/gtk2wsstdctrls.pp(1466,51) Hint: (4055) Conversion between ordinals and pointers is not portable
/usr/lib/lazarus/3.0/lcl/interfaces/./gtk2/gtk2wsstdctrls.pp(1476,38) Hint: (4055) Conversion between ordinals and pointers is not portable
/usr/lib/lazarus/3.0/lcl/interfaces/./gtk2/gtk2wsstdctrls.pp(1488,51) Hint: (4055) Conversion between ordinals and pointers is not portable
/usr/lib/lazarus/3.0/lcl/interfaces/./gtk2/gtk2wsstdctrls.pp(1494,39) Hint: (4055) Conversion between ordinals and pointers is not portable
/usr/lib/lazarus/3.0/lcl/interfaces/./gtk2/gtk2wsstdctrls.pp(1516,13) Hint: (4055) Conversion between ordinals and pointers is not portable
/usr/lib/lazarus/3.0/lcl/interfaces/./gtk2/gtk2wsstdctrls.pp(1595,30) Hint: (5024) Parameter "AWidget" not used
/usr/lib/lazarus/3.0/lcl/interfaces/./gtk2/gtk2wsstdctrls.pp(1601,31) Hint: (5024) Parameter "AMenu" not used
/usr/lib/lazarus/3.0/lcl/interfaces/./gtk2/gtk2wsstdctrls.pp(1611,31) Hint: (5024) Parameter "AMenu" not used
/usr/lib/lazarus/3.0/lcl/interfaces/./gtk2/gtk2wsstdctrls.pp(1633,25) Hint: (5057) Local variable "AValue" does not seem to be initialized
/usr/lib/lazarus/3.0/lcl/interfaces/./gtk2/gtk2wsstdctrls.pp(1650,29) Hint: (5024) Parameter "AWidget" not used
/usr/lib/lazarus/3.0/lcl/interfaces/./gtk2/gtk2wsstdctrls.pp(1828,36) Hint: (4055) Conversion between ordinals and pointers is not portable
/usr/lib/lazarus/3.0/lcl/interfaces/./gtk2/gtk2wsstdctrls.pp(1831,23) Hint: (5057) Local variable "AValue" does not seem to be initialized
/usr/lib/lazarus/3.0/lcl/interfaces/./gtk2/gtk2wsstdctrls.pp(1852,36) Hint: (4055) Conversion between ordinals and pointers is not portable
/usr/lib/lazarus/3.0/lcl/interfaces/./gtk2/gtk2wsstdctrls.pp(1872,36) Hint: (4055) Conversion between ordinals and pointers is not portable
/usr/lib/lazarus/3.0/lcl/interfaces/./gtk2/gtk2wsstdctrls.pp(1889,36) Hint: (4055) Conversion between ordinals and pointers is not portable
/usr/lib/lazarus/3.0/lcl/interfaces/./gtk2/gtk2wsstdctrls.pp(1900,36) Hint: (4055) Conversion between ordinals and pointers is not portable
/usr/lib/lazarus/3.0/lcl/interfaces/./gtk2/gtk2wsstdctrls.pp(1908,29) Hint: (4055) Conversion between ordinals and pointers is not portable
/usr/lib/lazarus/3.0/lcl/interfaces/./gtk2/gtk2wsstdctrls.pp(1920,36) Hint: (4055) Conversion between ordinals and pointers is not portable
/usr/lib/lazarus/3.0/lcl/interfaces/./gtk2/gtk2wsstdctrls.pp(126,57) Hint: (5024) Parameter "ACustomComboBox" not used
/usr/lib/lazarus/3.0/lcl/interfaces/./gtk2/gtk2wsstdctrls.pp(127,51) Hint: (5024) Parameter "NewTraverseList" not used
/usr/lib/lazarus/3.0/lcl/interfaces/./gtk2/gtk2wsstdctrls.pp(1948,36) Hint: (4055) Conversion between ordinals and pointers is not portable
/usr/lib/lazarus/3.0/lcl/interfaces/./gtk2/gtk2wsstdctrls.pp(1963,36) Hint: (4055) Conversion between ordinals and pointers is not portable
/usr/lib/lazarus/3.0/lcl/interfaces/./gtk2/gtk2wsstdctrls.pp(1979,36) Hint: (4055) Conversion between ordinals and pointers is not portable
/usr/lib/lazarus/3.0/lcl/interfaces/./gtk2/gtk2wsstdctrls.pp(1995,36) Hint: (4055) Conversion between ordinals and pointers is not portable
/usr/lib/lazarus/3.0/lcl/interfaces/./gtk2/gtk2wsstdctrls.pp(2024,36) Hint: (4055) Conversion between ordinals and pointers is not portable
/usr/lib/lazarus/3.0/lcl/interfaces/./gtk2/gtk2wsstdctrls.pp(2031,74) Hint: (4055) Conversion between ordinals and pointers is not portable
/usr/lib/lazarus/3.0/lcl/interfaces/./gtk2/gtk2wsstdctrls.pp(2041,36) Hint: (4055) Conversion between ordinals and pointers is not portable
/usr/lib/lazarus/3.0/lcl/interfaces/./gtk2/gtk2wsstdctrls.pp(2054,36) Hint: (4055) Conversion between ordinals and pointers is not portable
/usr/lib/lazarus/3.0/lcl/interfaces/./gtk2/gtk2wsstdctrls.pp(2068,45) Hint: (4055) Conversion between ordinals and pointers is not portable
/usr/lib/lazarus/3.0/lcl/interfaces/./gtk2/gtk2wsstdctrls.pp(2080,45) Hint: (4055) Conversion between ordinals and pointers is not portable
/usr/lib/lazarus/3.0/lcl/interfaces/./gtk2/gtk2wsstdctrls.pp(137,71) Hint: (5024) Parameter "AList" not used
/usr/lib/lazarus/3.0/lcl/interfaces/./gtk2/gtk2wsstdctrls.pp(2092,36) Hint: (4055) Conversion between ordinals and pointers is not portable
/usr/lib/lazarus/3.0/lcl/interfaces/./gtk2/gtk2wsstdctrls.pp(2108,36) Hint: (4055) Conversion between ordinals and pointers is not portable
/usr/lib/lazarus/3.0/lcl/interfaces/./gtk2/gtk2wsstdctrls.pp(2134,36) Hint: (4055) Conversion between ordinals and pointers is not portable
/usr/lib/lazarus/3.0/lcl/interfaces/./gtk2/gtk2wsstdctrls.pp(2158,36) Hint: (4055) Conversion between ordinals and pointers is not portable
/usr/lib/lazarus/3.0/lcl/interfaces/./gtk2/gtk2wsstdctrls.pp(2236,33) Hint: (4055) Conversion between ordinals and pointers is not portable
/usr/lib/lazarus/3.0/lcl/interfaces/./gtk2/gtk2wsstdctrls.pp(2246,45) Hint: (4055) Conversion between ordinals and pointers is not portable
/usr/lib/lazarus/3.0/lcl/interfaces/./gtk2/gtk2wsstdctrls.pp(2338,33) Hint: (4055) Conversion between ordinals and pointers is not portable
/usr/lib/lazarus/3.0/lcl/interfaces/./gtk2/gtk2wsstdctrls.pp(2356,18) Hint: (4055) Conversion between ordinals and pointers is not portable
/usr/lib/lazarus/3.0/lcl/interfaces/./gtk2/gtk2wsstdctrls.pp(2377,18) Hint: (4055) Conversion between ordinals and pointers is not portable
/usr/lib/lazarus/3.0/lcl/interfaces/./gtk2/gtk2wsstdctrls.pp(89,25) Hint: (5024) Parameter "aLeft" not used
/usr/lib/lazarus/3.0/lcl/interfaces/./gtk2/gtk2wsstdctrls.pp(89,37) Hint: (5024) Parameter "aTop" not used
/usr/lib/lazarus/3.0/lcl/interfaces/./gtk2/gtk2wsstdctrls.pp(2409,32) Hint: (4055) Conversion between ordinals and pointers is not portable
/usr/lib/lazarus/3.0/lcl/interfaces/./gtk2/gtk2wsstdctrls.pp(2425,32) Hint: (4055) Conversion between ordinals and pointers is not portable
/usr/lib/lazarus/3.0/lcl/interfaces/./gtk2/gtk2wsstdctrls.pp(2436,32) Hint: (4055) Conversion between ordinals and pointers is not portable
/usr/lib/lazarus/3.0/lcl/interfaces/./gtk2/gtk2wsstdctrls.pp(2444,73) Hint: (4055) Conversion between ordinals and pointers is not portable
/usr/lib/lazarus/3.0/lcl/interfaces/./gtk2/gtk2wsstdctrls.pp(2449,10) Hint: (4055) Conversion between ordinals and pointers is not portable
/usr/lib/lazarus/3.0/lcl/interfaces/./gtk2/gtk2wsstdctrls.pp(2475,60) Hint: (5024) Parameter "event" not used
/usr/lib/lazarus/3.0/lcl/interfaces/./gtk2/gtk2wsstdctrls.pp(2475,89) Hint: (5024) Parameter "data" not used
/usr/lib/lazarus/3.0/lcl/interfaces/./gtk2/gtk2wsstdctrls.pp(2483,62) Hint: (5024) Parameter "allocation" not used
/usr/lib/lazarus/3.0/lcl/interfaces/./gtk2/gtk2wsstdctrls.pp(2483,95) Hint: (5024) Parameter "user_data" not used
/usr/lib/lazarus/3.0/lcl/interfaces/./gtk2/gtk2wsstdctrls.pp(2560,33) Hint: (4055) Conversion between ordinals and pointers is not portable
/usr/lib/lazarus/3.0/lcl/interfaces/./gtk2/gtk2wsstdctrls.pp(2576,39) Hint: (4055) Conversion between ordinals and pointers is not portable
/usr/lib/lazarus/3.0/lcl/interfaces/./gtk2/gtk2wsstdctrls.pp(313,40) Hint: (5024) Parameter "AWinControl" not used
/usr/lib/lazarus/3.0/lcl/interfaces/./gtk2/gtk2wsstdctrls.pp(313,75) Hint: (5024) Parameter "AText" not used
/usr/lib/lazarus/3.0/lcl/interfaces/./gtk2/gtk2wsstdctrls.pp(2610,36) Hint: (4055) Conversion between ordinals and pointers is not portable
/usr/lib/lazarus/3.0/lcl/interfaces/./gtk2/gtk2wsstdctrls.pp(318,74) Hint: (5024) Parameter "ShortCutK1" not used
/usr/lib/lazarus/3.0/lcl/interfaces/./gtk2/gtk2wsstdctrls.pp(318,91) Hint: (5024) Parameter "ShortCutK2" not used
/usr/lib/lazarus/3.0/lcl/interfaces/./gtk2/gtk2wsstdctrls.pp(2638,37) Hint: (4055) Conversion between ordinals and pointers is not portable
/usr/lib/lazarus/3.0/lcl/interfaces/./gtk2/gtk2wsstdctrls.pp(2657,48) Hint: (4055) Conversion between ordinals and pointers is not portable
/usr/lib/lazarus/3.0/lcl/interfaces/./gtk2/gtk2wsstdctrls.pp(2669,47) Hint: (4055) Conversion between ordinals and pointers is not portable
/usr/lib/lazarus/3.0/lcl/interfaces/./gtk2/gtk2wsstdctrls.pp(2723,33) Hint: (4055) Conversion between ordinals and pointers is not portable
/usr/lib/lazarus/3.0/lcl/interfaces/./gtk2/gtk2wsstdctrls.pp(2727,39) Hint: (4055) Conversion between ordinals and pointers is not portable
/usr/lib/lazarus/3.0/lcl/interfaces/./gtk2/gtk2wsstdctrls.pp(72,76) Hint: (5024) Parameter "AIsHorizontal" not used
/usr/lib/lazarus/3.0/lcl/interfaces/./gtk2/gtk2wsstdctrls.pp(2749,29) Hint: (4055) Conversion between ordinals and pointers is not portable
/usr/lib/lazarus/3.0/lcl/interfaces/./gtk2/gtk2wsstdctrls.pp(2788,30) Hint: (4055) Conversion between ordinals and pointers is not portable
/usr/lib/lazarus/3.0/lcl/interfaces/./gtk2/gtk2wsstdctrls.pp(2832,30) Hint: (4055) Conversion between ordinals and pointers is not portable
/usr/lib/lazarus/3.0/lcl/interfaces/./gtk2/gtk2wsstdctrls.pp(2850,26) Hint: (4055) Conversion between ordinals and pointers is not portable
/usr/lib/lazarus/3.0/lcl/interfaces/./gtk2/gtk2wsstdctrls.pp(2851,39) Hint: (4055) Conversion between ordinals and pointers is not portable
/usr/lib/lazarus/3.0/lcl/interfaces/./gtk2/gtk2wsstdctrls.pp(2876,26) Hint: (4055) Conversion between ordinals and pointers is not portable
/usr/lib/lazarus/3.0/lcl/interfaces/./gtk2/gtk2wsstdctrls.pp(2877,39) Hint: (4055) Conversion between ordinals and pointers is not portable
/usr/lib/lazarus/3.0/lcl/interfaces/./gtk2/gtk2wsstdctrls.pp(2921,33) Hint: (4055) Conversion between ordinals and pointers is not portable
/usr/lib/lazarus/3.0/lcl/interfaces/./gtk2/gtk2wsstdctrls.pp(2924,34) Hint: (4055) Conversion between ordinals and pointers is not portable
/usr/lib/lazarus/3.0/lcl/interfaces/./gtk2/gtk2wsstdctrls.pp(2932,26) Hint: (4055) Conversion between ordinals and pointers is not portable
/usr/lib/lazarus/3.0/lcl/interfaces/./gtk2/gtk2wsstdctrls.pp(2938,39) Hint: (4055) Conversion between ordinals and pointers is not portable
/usr/lib/lazarus/3.0/lcl/interfaces/./gtk2/gtk2wsstdctrls.pp(2946,33) Hint: (4055) Conversion between ordinals and pointers is not portable
/usr/lib/lazarus/3.0/lcl/interfaces/./gtk2/gtk2wsstdctrls.pp(2948,33) Hint: (4055) Conversion between ordinals and pointers is not portable
/usr/lib/lazarus/3.0/lcl/interfaces/./gtk2/gtk2wsstdctrls.pp(2949,21) Hint: (4055) Conversion between ordinals and pointers is not portable
/usr/lib/lazarus/3.0/lcl/interfaces/./gtk2/gtk2wsstdctrls.pp(2960,36) Hint: (4055) Conversion between ordinals and pointers is not portable
/usr/lib/lazarus/3.0/lcl/interfaces/./gtk2/gtk2wsstdctrls.pp(375,40) Hint: (5024) Parameter "AWinControl" not used
/usr/lib/lazarus/3.0/lcl/interfaces/./gtk2/gtk2wsstdctrls.pp(375,75) Hint: (5024) Parameter "AText" not used
/usr/lib/lazarus/3.0/lcl/interfaces/./gtk2/gtk2wsstdctrls.pp(2988,23) Hint: (4055) Conversion between ordinals and pointers is not portable
/usr/lib/lazarus/3.0/lcl/interfaces/./gtk2/gtk2wsstdctrls.pp(3006,34) Hint: (4055) Conversion between ordinals and pointers is not portable
/usr/lib/lazarus/3.0/lcl/interfaces/./gtk2/gtk2wsstdctrls.pp(3021,61) Hint: (4055) Conversion between ordinals and pointers is not portable
/usr/lib/lazarus/3.0/lcl/interfaces/./gtk2/gtk2wsstdctrls.pp(3035,44) Hint: (4055) Conversion between ordinals and pointers is not portable
/usr/lib/lazarus/3.0/lcl/interfaces/./gtk2/gtk2wsbuttons.pp(96,62) Hint: (5024) Parameter "AState" not used
/usr/lib/lazarus/3.0/lcl/interfaces/./gtk2/gtk2wsbuttons.pp(192,33) Hint: (4055) Conversion between ordinals and pointers is not portable
/usr/lib/lazarus/3.0/lcl/interfaces/./gtk2/gtk2wsbuttons.pp(198,39) Hint: (4055) Conversion between ordinals and pointers is not portable
/usr/lib/lazarus/3.0/lcl/interfaces/./gtk2/gtk2wsbuttons.pp(205,24) Hint: (4055) Conversion between ordinals and pointers is not portable
/usr/lib/lazarus/3.0/lcl/interfaces/./gtk2/gtk2wsbuttons.pp(211,33) Hint: (4055) Conversion between ordinals and pointers is not portable
/usr/lib/lazarus/3.0/lcl/interfaces/./gtk2/gtk2wsbuttons.pp(213,33) Hint: (4055) Conversion between ordinals and pointers is not portable
/usr/lib/lazarus/3.0/lcl/interfaces/./gtk2/gtk2wsbuttons.pp(215,26) Hint: (4055) Conversion between ordinals and pointers is not portable
/usr/lib/lazarus/3.0/lcl/interfaces/./gtk2/gtk2wsbuttons.pp(216,21) Hint: (4055) Conversion between ordinals and pointers is not portable
/usr/lib/lazarus/3.0/lcl/interfaces/./gtk2/gtk2wsbuttons.pp(229,22) Hint: (4055) Conversion between ordinals and pointers is not portable
/usr/lib/lazarus/3.0/lcl/interfaces/./gtk2/gtk2wsbuttons.pp(246,22) Hint: (4055) Conversion between ordinals and pointers is not portable
/usr/lib/lazarus/3.0/lcl/interfaces/./gtk2/gtk2wsbuttons.pp(61,72) Hint: (5024) Parameter "AValue" not used
/usr/lib/lazarus/3.0/lcl/interfaces/./gtk2/gtk2wsbuttons.pp(261,22) Hint: (4055) Conversion between ordinals and pointers is not portable
/usr/lib/lazarus/3.0/lcl/interfaces/./gtk2/gtk2wsbuttons.pp(275,22) Hint: (4055) Conversion between ordinals and pointers is not portable
/usr/lib/lazarus/3.0/lcl/interfaces/./gtk2/gtk2wsbuttons.pp(294,22) Hint: (4055) Conversion between ordinals and pointers is not portable
/usr/lib/lazarus/3.0/lcl/interfaces/./gtk2/gtk2wsbuttons.pp(316,17) Hint: (4055) Conversion between ordinals and pointers is not portable
/usr/lib/lazarus/3.0/lcl/interfaces/./gtk2/gtk2wsbuttons.pp(330,36) Hint: (4055) Conversion between ordinals and pointers is not portable
/usr/lib/lazarus/3.0/lcl/interfaces/./gtk2/gtk2wsbuttons.pp(428,21) Hint: (4055) Conversion between ordinals and pointers is not portable
(3104) Compiling ./gtk2/gtk2wscalendar.pp
/usr/lib/lazarus/3.0/lcl/interfaces/./gtk2/gtk2wscalendar.pp(125,45) Hint: (4055) Conversion between ordinals and pointers is not portable
/usr/lib/lazarus/3.0/lcl/interfaces/./gtk2/gtk2wscalendar.pp(144,33) Hint: (4055) Conversion between ordinals and pointers is not portable
/usr/lib/lazarus/3.0/lcl/interfaces/./gtk2/gtk2wscalendar.pp(157,33) Hint: (4055) Conversion between ordinals and pointers is not portable
/usr/lib/lazarus/3.0/lcl/interfaces/./gtk2/gtk2wscalendar.pp(196,38) Hint: (4055) Conversion between ordinals and pointers is not portable
(3104) Compiling ./gtk2/gtk2wschecklst.pp
/usr/lib/lazarus/3.0/lcl/interfaces/./gtk2/gtk2wschecklst.pp(78,21) Hint: (5057) Local variable "Mess" does not seem to be initialized
/usr/lib/lazarus/3.0/lcl/interfaces/./gtk2/gtk2wschecklst.pp(70,51) Hint: (5024) Parameter "Widget" not used
/usr/lib/lazarus/3.0/lcl/interfaces/./gtk2/gtk2wschecklst.pp(83,44) Hint: (5024) Parameter "tree_column" not used
/usr/lib/lazarus/3.0/lcl/interfaces/./gtk2/gtk2wschecklst.pp(84,79) Hint: (5024) Parameter "data" not used
/usr/lib/lazarus/3.0/lcl/interfaces/./gtk2/gtk2wschecklst.pp(137,21) Hint: (5057) Local variable "Mess" does not seem to be initialized
/usr/lib/lazarus/3.0/lcl/interfaces/./gtk2/gtk2wschecklst.pp(100,42) Hint: (5024) Parameter "cellrenderertoggle" not used
/usr/lib/lazarus/3.0/lcl/interfaces/./gtk2/gtk2wschecklst.pp(169,13) Hint: (4055) Conversion between ordinals and pointers is not portable
/usr/lib/lazarus/3.0/lcl/interfaces/./gtk2/gtk2wschecklst.pp(247,36) Hint: (4055) Conversion between ordinals and pointers is not portable
/usr/lib/lazarus/3.0/lcl/interfaces/./gtk2/gtk2wschecklst.pp(269,36) Hint: (4055) Conversion between ordinals and pointers is not portable
/usr/lib/lazarus/3.0/lcl/interfaces/./gtk2/gtk2wschecklst.pp(290,36) Hint: (4055) Conversion between ordinals and pointers is not portable
/usr/lib/lazarus/3.0/lcl/interfaces/./gtk2/gtk2wschecklst.pp(309,36) Hint: (4055) Conversion between ordinals and pointers is not portable
(3104) Compiling ./gtk2/gtk2wscomctrls.pp
(3104) Compiling ./gtk2/gtk2listviewtreemodel.pas
/usr/lib/lazarus/3.0/lcl/interfaces/./gtk2/gtk2listviewtreemodel.pas(79,42) Hint: (5024) Parameter "g_class" not used
/usr/lib/lazarus/3.0/lcl/interfaces/./gtk2/gtk2listviewtreemodel.pas(79,65) Hint: (5024) Parameter "class_data" not used
/usr/lib/lazarus/3.0/lcl/interfaces/./gtk2/gtk2listviewtreemodel.pas(80,37) Hint: (5024) Parameter "instance" not used
/usr/lib/lazarus/3.0/lcl/interfaces/./gtk2/gtk2listviewtreemodel.pas(80,67) Hint: (5024) Parameter "g_class" not used
/usr/lib/lazarus/3.0/lcl/interfaces/./gtk2/gtk2listviewtreemodel.pas(81,74) Hint: (5024) Parameter "iface_data" not used
/usr/lib/lazarus/3.0/lcl/interfaces/./gtk2/gtk2listviewtreemodel.pas(40,32) Hint: (5024) Parameter "path" not used
/usr/lib/lazarus/3.0/lcl/interfaces/./gtk2/gtk2listviewtreemodel.pas(40,56) Hint: (5024) Parameter "iter" not used
/usr/lib/lazarus/3.0/lcl/interfaces/./gtk2/gtk2listviewtreemodel.pas(41,33) Hint: (5024) Parameter "path" not used
/usr/lib/lazarus/3.0/lcl/interfaces/./gtk2/gtk2listviewtreemodel.pas(41,57) Hint: (5024) Parameter "iter" not used
/usr/lib/lazarus/3.0/lcl/interfaces/./gtk2/gtk2listviewtreemodel.pas(42,42) Hint: (5024) Parameter "path" not used
/usr/lib/lazarus/3.0/lcl/interfaces/./gtk2/gtk2listviewtreemodel.pas(42,66) Hint: (5024) Parameter "iter" not used
/usr/lib/lazarus/3.0/lcl/interfaces/./gtk2/gtk2listviewtreemodel.pas(43,32) Hint: (5024) Parameter "path" not used
/usr/lib/lazarus/3.0/lcl/interfaces/./gtk2/gtk2listviewtreemodel.pas(44,35) Hint: (5024) Parameter "path" not used
/usr/lib/lazarus/3.0/lcl/interfaces/./gtk2/gtk2listviewtreemodel.pas(44,59) Hint: (5024) Parameter "iter" not used
/usr/lib/lazarus/3.0/lcl/interfaces/./gtk2/gtk2listviewtreemodel.pas(44,83) Hint: (5024) Parameter "new_order" not used
/usr/lib/lazarus/3.0/lcl/interfaces/./gtk2/gtk2listviewtreemodel.pas(47,36) Hint: (5024) Parameter "index" not used
/usr/lib/lazarus/3.0/lcl/interfaces/./gtk2/gtk2listviewtreemodel.pas(213,28) Hint: (4055) Conversion between ordinals and pointers is not portable
/usr/lib/lazarus/3.0/lcl/interfaces/./gtk2/gtk2listviewtreemodel.pas(225,17) Hint: (4055) Conversion between ordinals and pointers is not portable
/usr/lib/lazarus/3.0/lcl/interfaces/./gtk2/gtk2listviewtreemodel.pas(237,17) Hint: (4055) Conversion between ordinals and pointers is not portable
/usr/lib/lazarus/3.0/lcl/interfaces/./gtk2/gtk2listviewtreemodel.pas(50,49) Hint: (5024) Parameter "column" not used
/usr/lib/lazarus/3.0/lcl/interfaces/./gtk2/gtk2listviewtreemodel.pas(293,12) Hint: (4055) Conversion between ordinals and pointers is not portable
/usr/lib/lazarus/3.0/lcl/interfaces/./gtk2/gtk2listviewtreemodel.pas(294,18) Hint: (4055) Conversion between ordinals and pointers is not portable
/usr/lib/lazarus/3.0/lcl/interfaces/./gtk2/gtk2listviewtreemodel.pas(52,34) Hint: (5024) Parameter "iter" not used
/usr/lib/lazarus/3.0/lcl/interfaces/./gtk2/gtk2listviewtreemodel.pas(52,58) Hint: (5024) Parameter "parent" not used
/usr/lib/lazarus/3.0/lcl/interfaces/./gtk2/gtk2listviewtreemodel.pas(53,35) Hint: (5024) Parameter "iter" not used
/usr/lib/lazarus/3.0/lcl/interfaces/./gtk2/gtk2listviewtreemodel.pas(322,10) Hint: (4055) Conversion between ordinals and pointers is not portable
/usr/lib/lazarus/3.0/lcl/interfaces/./gtk2/gtk2listviewtreemodel.pas(56,32) Hint: (5024) Parameter "iter" not used
/usr/lib/lazarus/3.0/lcl/interfaces/./gtk2/gtk2listviewtreemodel.pas(56,56) Hint: (5024) Parameter "child" not used
/usr/lib/lazarus/3.0/lcl/interfaces/./gtk2/gtk2listviewtreemodel.pas(57,29) Hint: (5024) Parameter "iter" not used
/usr/lib/lazarus/3.0/lcl/interfaces/./gtk2/gtk2listviewtreemodel.pas(58,31) Hint: (5024) Parameter "iter" not used
/usr/lib/lazarus/3.0/lcl/interfaces/./gtk2/gtk2listviewtreemodel.pas(347,26) Hint: (4055) Conversion between ordinals and pointers is not portable
/usr/lib/lazarus/3.0/lcl/interfaces/./gtk2/gtk2listviewtreemodel.pas(350,40) Note: (6058) Call to subroutine "function TLCLListViewModel.TreeModel:^untyped;" marked as inline is not inlined
/usr/lib/lazarus/3.0/lcl/interfaces/./gtk2/gtk2listviewtreemodel.pas(360,39) Note: (6058) Call to subroutine "function TLCLListViewModel.TreeModel:^untyped;" marked as inline is not inlined
/usr/lib/lazarus/3.0/lcl/interfaces/./gtk2/gtk2pagecontrol.inc(105,21) Hint: (5057) Local variable "Mess" does not seem to be initialized
/usr/lib/lazarus/3.0/lcl/interfaces/./gtk2/gtk2pagecontrol.inc(107,22) Hint: (5057) Local variable "NMHdr" does not seem to be initialized
/usr/lib/lazarus/3.0/lcl/interfaces/./gtk2/gtk2pagecontrol.inc(109,26) Hint: (4055) Conversion between ordinals and pointers is not portable
/usr/lib/lazarus/3.0/lcl/interfaces/./gtk2/gtk2pagecontrol.inc(162,38) Hint: (4055) Conversion between ordinals and pointers is not portable
/usr/lib/lazarus/3.0/lcl/interfaces/./gtk2/gtk2pagecontrol.inc(91,65) Hint: (5024) Parameter "page" not used
/usr/lib/lazarus/3.0/lcl/interfaces/./gtk2/gtk2pagecontrol.inc(200,23) Hint: (5057) Local variable "Mess" does not seem to be initialized
/usr/lib/lazarus/3.0/lcl/interfaces/./gtk2/gtk2pagecontrol.inc(202,24) Hint: (5057) Local variable "NMHdr" does not seem to be initialized
/usr/lib/lazarus/3.0/lcl/interfaces/./gtk2/gtk2pagecontrol.inc(204,28) Hint: (4055) Conversion between ordinals and pointers is not portable
/usr/lib/lazarus/3.0/lcl/interfaces/./gtk2/gtk2pagecontrol.inc(179,60) Hint: (5024) Parameter "page" not used
/usr/lib/lazarus/3.0/lcl/interfaces/./gtk2/gtk2pagecontrol.inc(239,23) Hint: (4055) Conversion between ordinals and pointers is not portable
/usr/lib/lazarus/3.0/lcl/interfaces/./gtk2/gtk2pagecontrol.inc(245,31) Hint: (4055) Conversion between ordinals and pointers is not portable
/usr/lib/lazarus/3.0/lcl/interfaces/./gtk2/gtk2pagecontrol.inc(309,38) Hint: (4055) Conversion between ordinals and pointers is not portable
/usr/lib/lazarus/3.0/lcl/interfaces/./gtk2/gtk2pagecontrol.inc(328,41) Hint: (4055) Conversion between ordinals and pointers is not portable
/usr/lib/lazarus/3.0/lcl/interfaces/./gtk2/gtk2wscomctrls.pp(94,25) Hint: (5024) Parameter "aLeft" not used
/usr/lib/lazarus/3.0/lcl/interfaces/./gtk2/gtk2wscomctrls.pp(94,37) Hint: (5024) Parameter "aTop" not used
/usr/lib/lazarus/3.0/lcl/interfaces/./gtk2/gtk2pagecontrol.inc(369,26) Hint: (4055) Conversion between ordinals and pointers is not portable
/usr/lib/lazarus/3.0/lcl/interfaces/./gtk2/gtk2pagecontrol.inc(370,22) Hint: (4055) Conversion between ordinals and pointers is not portable
/usr/lib/lazarus/3.0/lcl/interfaces/./gtk2/gtk2pagecontrol.inc(444,24) Hint: (4055) Conversion between ordinals and pointers is not portable
/usr/lib/lazarus/3.0/lcl/interfaces/./gtk2/gtk2pagecontrol.inc(445,51) Hint: (4055) Conversion between ordinals and pointers is not portable
/usr/lib/lazarus/3.0/lcl/interfaces/./gtk2/gtk2pagecontrol.inc(488,24) Hint: (4055) Conversion between ordinals and pointers is not portable
/usr/lib/lazarus/3.0/lcl/interfaces/./gtk2/gtk2pagecontrol.inc(533,24) Hint: (4055) Conversion between ordinals and pointers is not portable
/usr/lib/lazarus/3.0/lcl/interfaces/./gtk2/gtk2pagecontrol.inc(567,23) Hint: (4055) Conversion between ordinals and pointers is not portable
/usr/lib/lazarus/3.0/lcl/interfaces/./gtk2/gtk2pagecontrol.inc(574,20) Hint: (4055) Conversion between ordinals and pointers is not portable
/usr/lib/lazarus/3.0/lcl/interfaces/./gtk2/gtk2pagecontrol.inc(589,33) Hint: (4055) Conversion between ordinals and pointers is not portable
/usr/lib/lazarus/3.0/lcl/interfaces/./gtk2/gtk2pagecontrol.inc(596,25) Hint: (4055) Conversion between ordinals and pointers is not portable
/usr/lib/lazarus/3.0/lcl/interfaces/./gtk2/gtk2pagecontrol.inc(601,37) Hint: (4055) Conversion between ordinals and pointers is not portable
/usr/lib/lazarus/3.0/lcl/interfaces/./gtk2/gtk2pagecontrol.inc(610,37) Hint: (4055) Conversion between ordinals and pointers is not portable
/usr/lib/lazarus/3.0/lcl/interfaces/./gtk2/gtk2pagecontrol.inc(612,36) Hint: (4055) Conversion between ordinals and pointers is not portable
/usr/lib/lazarus/3.0/lcl/interfaces/./gtk2/gtk2pagecontrol.inc(635,33) Hint: (4055) Conversion between ordinals and pointers is not portable
/usr/lib/lazarus/3.0/lcl/interfaces/./gtk2/gtk2pagecontrol.inc(641,31) Hint: (4055) Conversion between ordinals and pointers is not portable
/usr/lib/lazarus/3.0/lcl/interfaces/./gtk2/gtk2pagecontrol.inc(667,22) Hint: (4055) Conversion between ordinals and pointers is not portable
/usr/lib/lazarus/3.0/lcl/interfaces/./gtk2/gtk2pagecontrol.inc(668,20) Hint: (4055) Conversion between ordinals and pointers is not portable
/usr/lib/lazarus/3.0/lcl/interfaces/./gtk2/gtk2pagecontrol.inc(737,13) Hint: (4055) Conversion between ordinals and pointers is not portable
/usr/lib/lazarus/3.0/lcl/interfaces/./gtk2/gtk2wscustomlistview.inc(33,16) Hint: (4055) Conversion between ordinals and pointers is not portable
/usr/lib/lazarus/3.0/lcl/interfaces/./gtk2/gtk2wscustomlistview.inc(119,19) Hint: (5057) Local variable "NM" does not seem to be initialized
/usr/lib/lazarus/3.0/lcl/interfaces/./gtk2/gtk2wscustomlistview.inc(120,27) Hint: (4055) Conversion between ordinals and pointers is not portable
/usr/lib/lazarus/3.0/lcl/interfaces/./gtk2/gtk2wscustomlistview.inc(142,19) Hint: (5057) Local variable "NM" does not seem to be initialized
/usr/lib/lazarus/3.0/lcl/interfaces/./gtk2/gtk2wscustomlistview.inc(143,27) Hint: (4055) Conversion between ordinals and pointers is not portable
/usr/lib/lazarus/3.0/lcl/interfaces/./gtk2/gtk2wscustomlistview.inc(133,33) Hint: (5024) Parameter "model" not used
/usr/lib/lazarus/3.0/lcl/interfaces/./gtk2/gtk2wscustomlistview.inc(160,19) Hint: (5057) Local variable "NM" does not seem to be initialized
/usr/lib/lazarus/3.0/lcl/interfaces/./gtk2/gtk2wscustomlistview.inc(161,27) Hint: (4055) Conversion between ordinals and pointers is not portable
/usr/lib/lazarus/3.0/lcl/interfaces/./gtk2/gtk2wscustomlistview.inc(152,34) Hint: (5024) Parameter "model" not used
/usr/lib/lazarus/3.0/lcl/interfaces/./gtk2/gtk2wscustomlistview.inc(152,81) Hint: (5024) Parameter "Iter" not used
/usr/lib/lazarus/3.0/lcl/interfaces/./gtk2/gtk2wscustomlistview.inc(173,33) Hint: (5024) Parameter "model" not used
/usr/lib/lazarus/3.0/lcl/interfaces/./gtk2/gtk2wscustomlistview.inc(173,60) Hint: (5024) Parameter "path" not used
/usr/lib/lazarus/3.0/lcl/interfaces/./gtk2/gtk2wscustomlistview.inc(173,85) Hint: (5024) Parameter "Iter" not used
/usr/lib/lazarus/3.0/lcl/interfaces/./gtk2/gtk2wscustomlistview.inc(173,110) Hint: (5024) Parameter "WidgetInfo" not used
/usr/lib/lazarus/3.0/lcl/interfaces/./gtk2/gtk2wscustomlistview.inc(196,19) Hint: (5057) Local variable "NM" does not seem to be initialized
/usr/lib/lazarus/3.0/lcl/interfaces/./gtk2/gtk2wscustomlistview.inc(197,27) Hint: (4055) Conversion between ordinals and pointers is not portable
/usr/lib/lazarus/3.0/lcl/interfaces/./gtk2/gtk2wscustomlistview.inc(213,19) Hint: (5057) Local variable "NM" does not seem to be initialized
/usr/lib/lazarus/3.0/lcl/interfaces/./gtk2/gtk2wscustomlistview.inc(224,29) Hint: (4055) Conversion between ordinals and pointers is not portable
/usr/lib/lazarus/3.0/lcl/interfaces/./gtk2/gtk2wscustomlistview.inc(261,59) Hint: (4055) Conversion between ordinals and pointers is not portable
/usr/lib/lazarus/3.0/lcl/interfaces/./gtk2/gtk2wscustomlistview.inc(265,59) Hint: (4055) Conversion between ordinals and pointers is not portable
/usr/lib/lazarus/3.0/lcl/interfaces/./gtk2/gtk2wscustomlistview.inc(387,37) Hint: (5024) Parameter "selection" not used
/usr/lib/lazarus/3.0/lcl/interfaces/./gtk2/gtk2wscustomlistview.inc(387,72) Hint: (5024) Parameter "model" not used
/usr/lib/lazarus/3.0/lcl/interfaces/./gtk2/gtk2wscustomlistview.inc(410,52) Hint: (5024) Parameter "tree_column" not used
/usr/lib/lazarus/3.0/lcl/interfaces/./gtk2/gtk2wscustomlistview.inc(506,62) Hint: (5024) Parameter "cell_layout" not used
/usr/lib/lazarus/3.0/lcl/interfaces/./gtk2/gtk2wscustomlistview.inc(652,33) Hint: (4055) Conversion between ordinals and pointers is not portable
/usr/lib/lazarus/3.0/lcl/interfaces/./gtk2/gtk2wscustomlistview.inc(653,36) Hint: (4055) Conversion between ordinals and pointers is not portable
/usr/lib/lazarus/3.0/lcl/interfaces/./gtk2/gtk2wscustomlistview.inc(738,110) Hint: (4055) Conversion between ordinals and pointers is not portable
/usr/lib/lazarus/3.0/lcl/interfaces/./gtk2/gtk2wscustomlistview.inc(805,33) Hint: (4055) Conversion between ordinals and pointers is not portable
/usr/lib/lazarus/3.0/lcl/interfaces/./gtk2/gtk2wscustomlistview.inc(826,33) Hint: (4055) Conversion between ordinals and pointers is not portable
/usr/lib/lazarus/3.0/lcl/interfaces/./gtk2/gtk2wscomctrls.pp(154,103) Hint: (5024) Parameter "AColumn" not used
/usr/lib/lazarus/3.0/lcl/interfaces/./gtk2/gtk2wscustomlistview.inc(850,36) Hint: (4055) Conversion between ordinals and pointers is not portable
/usr/lib/lazarus/3.0/lcl/interfaces/./gtk2/gtk2wscustomlistview.inc(851,33) Hint: (4055) Conversion between ordinals and pointers is not portable
/usr/lib/lazarus/3.0/lcl/interfaces/./gtk2/gtk2wscustomlistview.inc(915,33) Hint: (4055) Conversion between ordinals and pointers is not portable
/usr/lib/lazarus/3.0/lcl/interfaces/./gtk2/gtk2wscomctrls.pp(156,108) Hint: (5024) Parameter "AColumn" not used
/usr/lib/lazarus/3.0/lcl/interfaces/./gtk2/gtk2wscustomlistview.inc(943,33) Hint: (4055) Conversion between ordinals and pointers is not portable
/usr/lib/lazarus/3.0/lcl/interfaces/./gtk2/gtk2wscomctrls.pp(157,102) Hint: (5024) Parameter "AColumn" not used
/usr/lib/lazarus/3.0/lcl/interfaces/./gtk2/gtk2wscustomlistview.inc(979,33) Hint: (4055) Conversion between ordinals and pointers is not portable
/usr/lib/lazarus/3.0/lcl/interfaces/./gtk2/gtk2wscomctrls.pp(158,101) Hint: (5024) Parameter "AColumn" not used
/usr/lib/lazarus/3.0/lcl/interfaces/./gtk2/gtk2wscustomlistview.inc(1001,33) Hint: (4055) Conversion between ordinals and pointers is not portable
/usr/lib/lazarus/3.0/lcl/interfaces/./gtk2/gtk2wscomctrls.pp(159,100) Hint: (5024) Parameter "AColumn" not used
/usr/lib/lazarus/3.0/lcl/interfaces/./gtk2/gtk2wscustomlistview.inc(1008,53) Note: (6058) Call to subroutine "function EscapeUnderscores(const Str:AnsiString):AnsiString;" marked as inline is not inlined
/usr/lib/lazarus/3.0/lcl/interfaces/./gtk2/gtk2wscomctrls.pp(160,75) Hint: (5024) Parameter "AIndex" not used
/usr/lib/lazarus/3.0/lcl/interfaces/./gtk2/gtk2wscomctrls.pp(160,103) Hint: (5024) Parameter "AColumn" not used
/usr/lib/lazarus/3.0/lcl/interfaces/./gtk2/gtk2wscomctrls.pp(160,136) Hint: (5024) Parameter "AImageIndex" not used
/usr/lib/lazarus/3.0/lcl/interfaces/./gtk2/gtk2wscustomlistview.inc(1031,33) Hint: (4055) Conversion between ordinals and pointers is not portable
/usr/lib/lazarus/3.0/lcl/interfaces/./gtk2/gtk2wscomctrls.pp(161,101) Hint: (5024) Parameter "AColumn" not used
/usr/lib/lazarus/3.0/lcl/interfaces/./gtk2/gtk2wscustomlistview.inc(1048,33) Hint: (4055) Conversion between ordinals and pointers is not portable
/usr/lib/lazarus/3.0/lcl/interfaces/./gtk2/gtk2wscomctrls.pp(162,101) Hint: (5024) Parameter "AColumn" not used
/usr/lib/lazarus/3.0/lcl/interfaces/./gtk2/gtk2wscustomlistview.inc(1064,33) Hint: (4055) Conversion between ordinals and pointers is not portable
/usr/lib/lazarus/3.0/lcl/interfaces/./gtk2/gtk2wscomctrls.pp(163,98) Hint: (5024) Parameter "AColumn" not used
/usr/lib/lazarus/3.0/lcl/interfaces/./gtk2/gtk2wscustomlistview.inc(1084,33) Hint: (4055) Conversion between ordinals and pointers is not portable
/usr/lib/lazarus/3.0/lcl/interfaces/./gtk2/gtk2wscomctrls.pp(164,100) Hint: (5024) Parameter "AColumn" not used
/usr/lib/lazarus/3.0/lcl/interfaces/./gtk2/gtk2wscustomlistview.inc(1112,33) Hint: (4055) Conversion between ordinals and pointers is not portable
/usr/lib/lazarus/3.0/lcl/interfaces/./gtk2/gtk2wscomctrls.pp(166,18) Hint: (5024) Parameter "AColumn" not used
/usr/lib/lazarus/3.0/lcl/interfaces/./gtk2/gtk2wscustomlistview.inc(1141,33) Hint: (4055) Conversion between ordinals and pointers is not portable
/usr/lib/lazarus/3.0/lcl/interfaces/./gtk2/gtk2wscustomlistview.inc(1176,33) Hint: (4055) Conversion between ordinals and pointers is not portable
/usr/lib/lazarus/3.0/lcl/interfaces/./gtk2/gtk2wscustomlistview.inc(1278,33) Hint: (4055) Conversion between ordinals and pointers is not portable
/usr/lib/lazarus/3.0/lcl/interfaces/./gtk2/gtk2wscomctrls.pp(172,67) Hint: (5024) Parameter "AItem" not used
/usr/lib/lazarus/3.0/lcl/interfaces/./gtk2/gtk2wscustomlistview.inc(1313,33) Hint: (4055) Conversion between ordinals and pointers is not portable
/usr/lib/lazarus/3.0/lcl/interfaces/./gtk2/gtk2wscomctrls.pp(173,63) Hint: (5024) Parameter "AItem" not used
/usr/lib/lazarus/3.0/lcl/interfaces/./gtk2/gtk2wscomctrls.pp(174,47) Hint: (5024) Parameter "ALV" not used
/usr/lib/lazarus/3.0/lcl/interfaces/./gtk2/gtk2wscomctrls.pp(174,80) Hint: (5024) Parameter "AIndex" not used
/usr/lib/lazarus/3.0/lcl/interfaces/./gtk2/gtk2wscustomlistview.inc(1361,33) Hint: (4055) Conversion between ordinals and pointers is not portable
/usr/lib/lazarus/3.0/lcl/interfaces/./gtk2/gtk2wscustomlistview.inc(1383,75) Hint: (5057) Local variable "Cell" does not seem to be initialized
/usr/lib/lazarus/3.0/lcl/interfaces/./gtk2/gtk2wscomctrls.pp(175,96) Hint: (5024) Parameter "AItem" not used
/usr/lib/lazarus/3.0/lcl/interfaces/./gtk2/gtk2wscustomlistview.inc(1428,33) Hint: (4055) Conversion between ordinals and pointers is not portable
/usr/lib/lazarus/3.0/lcl/interfaces/./gtk2/gtk2wscomctrls.pp(176,94) Hint: (5024) Parameter "AItem" not used
/usr/lib/lazarus/3.0/lcl/interfaces/./gtk2/gtk2wscomctrls.pp(177,75) Hint: (5024) Parameter "AIndex" not used
/usr/lib/lazarus/3.0/lcl/interfaces/./gtk2/gtk2wscomctrls.pp(177,103) Hint: (5024) Parameter "AItem" not used
/usr/lib/lazarus/3.0/lcl/interfaces/./gtk2/gtk2wscomctrls.pp(177,132) Hint: (5024) Parameter "AChecked" not used
/usr/lib/lazarus/3.0/lcl/interfaces/./gtk2/gtk2wscustomlistview.inc(1472,33) Hint: (4055) Conversion between ordinals and pointers is not portable
/usr/lib/lazarus/3.0/lcl/interfaces/./gtk2/gtk2wscomctrls.pp(178,96) Hint: (5024) Parameter "AItem" not used
/usr/lib/lazarus/3.0/lcl/interfaces/./gtk2/gtk2wscustomlistview.inc(1547,33) Hint: (4055) Conversion between ordinals and pointers is not portable
/usr/lib/lazarus/3.0/lcl/interfaces/./gtk2/gtk2wscustomlistview.inc(1610,46) Hint: (4055) Conversion between ordinals and pointers is not portable
/usr/lib/lazarus/3.0/lcl/interfaces/./gtk2/gtk2wscomctrls.pp(179,96) Hint: (5024) Parameter "AItem" not used
/usr/lib/lazarus/3.0/lcl/interfaces/./gtk2/gtk2wscustomlistview.inc(1632,33) Hint: (4055) Conversion between ordinals and pointers is not portable
/usr/lib/lazarus/3.0/lcl/interfaces/./gtk2/gtk2wscomctrls.pp(180,95) Hint: (5024) Parameter "AItem" not used
/usr/lib/lazarus/3.0/lcl/interfaces/./gtk2/gtk2wscomctrls.pp(180,124) Hint: (5024) Parameter "ASubIndex" not used
/usr/lib/lazarus/3.0/lcl/interfaces/./gtk2/gtk2wscomctrls.pp(180,155) Hint: (5024) Parameter "AText" not used
/usr/lib/lazarus/3.0/lcl/interfaces/./gtk2/gtk2wscustomlistview.inc(1662,33) Hint: (4055) Conversion between ordinals and pointers is not portable
/usr/lib/lazarus/3.0/lcl/interfaces/./gtk2/gtk2wscomctrls.pp(181,92) Hint: (5024) Parameter "AItem" not used
/usr/lib/lazarus/3.0/lcl/interfaces/./gtk2/gtk2wscomctrls.pp(181,121) Hint: (5024) Parameter "PartialOK" not used
/usr/lib/lazarus/3.0/lcl/interfaces/./gtk2/gtk2wscustomlistview.inc(1686,33) Hint: (4055) Conversion between ordinals and pointers is not portable
/usr/lib/lazarus/3.0/lcl/interfaces/./gtk2/gtk2wscomctrls.pp(183,71) Hint: (5024) Parameter "AIndex" not used
/usr/lib/lazarus/3.0/lcl/interfaces/./gtk2/gtk2wscomctrls.pp(183,99) Hint: (5024) Parameter "AItem" not used
/usr/lib/lazarus/3.0/lcl/interfaces/./gtk2/gtk2wscustomlistview.inc(1744,24) Hint: (4055) Conversion between ordinals and pointers is not portable
/usr/lib/lazarus/3.0/lcl/interfaces/./gtk2/gtk2wscustomlistview.inc(1791,67) Hint: (4055) Conversion between ordinals and pointers is not portable
/usr/lib/lazarus/3.0/lcl/interfaces/./gtk2/gtk2wscustomlistview.inc(1820,33) Hint: (4055) Conversion between ordinals and pointers is not portable
/usr/lib/lazarus/3.0/lcl/interfaces/./gtk2/gtk2wscustomlistview.inc(1848,26) Hint: (4055) Conversion between ordinals and pointers is not portable
/usr/lib/lazarus/3.0/lcl/interfaces/./gtk2/gtk2wscustomlistview.inc(1855,26) Hint: (4055) Conversion between ordinals and pointers is not portable
/usr/lib/lazarus/3.0/lcl/interfaces/./gtk2/gtk2wscustomlistview.inc(1878,33) Hint: (4055) Conversion between ordinals and pointers is not portable
/usr/lib/lazarus/3.0/lcl/interfaces/./gtk2/gtk2wscustomlistview.inc(1893,33) Hint: (4055) Conversion between ordinals and pointers is not portable
/usr/lib/lazarus/3.0/lcl/interfaces/./gtk2/gtk2wscustomlistview.inc(1928,33) Hint: (4055) Conversion between ordinals and pointers is not portable
/usr/lib/lazarus/3.0/lcl/interfaces/./gtk2/gtk2wscustomlistview.inc(1946,33) Hint: (4055) Conversion between ordinals and pointers is not portable
/usr/lib/lazarus/3.0/lcl/interfaces/./gtk2/gtk2wscustomlistview.inc(2000,33) Hint: (4055) Conversion between ordinals and pointers is not portable
/usr/lib/lazarus/3.0/lcl/interfaces/./gtk2/gtk2wscustomlistview.inc(2030,33) Hint: (4055) Conversion between ordinals and pointers is not portable
/usr/lib/lazarus/3.0/lcl/interfaces/./gtk2/gtk2wscustomlistview.inc(2064,33) Hint: (4055) Conversion between ordinals and pointers is not portable
/usr/lib/lazarus/3.0/lcl/interfaces/./gtk2/gtk2wscustomlistview.inc(2094,33) Hint: (4055) Conversion between ordinals and pointers is not portable
/usr/lib/lazarus/3.0/lcl/interfaces/./gtk2/gtk2wscustomlistview.inc(2114,34) Hint: (4055) Conversion between ordinals and pointers is not portable
/usr/lib/lazarus/3.0/lcl/interfaces/./gtk2/gtk2wscustomlistview.inc(2142,33) Hint: (4055) Conversion between ordinals and pointers is not portable
/usr/lib/lazarus/3.0/lcl/interfaces/./gtk2/gtk2wscomctrls.pp(204,71) Hint: (5024) Parameter "AValue" not used
/usr/lib/lazarus/3.0/lcl/interfaces/./gtk2/gtk2wscustomlistview.inc(2182,19) Hint: (4055) Conversion between ordinals and pointers is not portable
/usr/lib/lazarus/3.0/lcl/interfaces/./gtk2/gtk2wscomctrls.pp(206,81) Hint: (5024) Parameter "AValue" not used
/usr/lib/lazarus/3.0/lcl/interfaces/./gtk2/gtk2wscustomlistview.inc(2204,18) Hint: (4055) Conversion between ordinals and pointers is not portable
/usr/lib/lazarus/3.0/lcl/interfaces/./gtk2/gtk2wscomctrls.pp(208,78) Hint: (5024) Parameter "AValue" not used
/usr/lib/lazarus/3.0/lcl/interfaces/./gtk2/gtk2wscustomlistview.inc(2232,33) Hint: (4055) Conversion between ordinals and pointers is not portable
/usr/lib/lazarus/3.0/lcl/interfaces/./gtk2/gtk2wscustomlistview.inc(2294,33) Hint: (4055) Conversion between ordinals and pointers is not portable
/usr/lib/lazarus/3.0/lcl/interfaces/./gtk2/gtk2wscomctrls.pp(212,74) Hint: (5024) Parameter "Avalue" not used
/usr/lib/lazarus/3.0/lcl/interfaces/./gtk2/gtk2wscustomlistview.inc(2319,33) Hint: (4055) Conversion between ordinals and pointers is not portable
/usr/lib/lazarus/3.0/lcl/interfaces/./gtk2/gtk2wscustomlistview.inc(2333,33) Hint: (4055) Conversion between ordinals and pointers is not portable
/usr/lib/lazarus/3.0/lcl/interfaces/./gtk2/gtk2wscustomlistview.inc(2348,24) Hint: (4055) Conversion between ordinals and pointers is not portable
/usr/lib/lazarus/3.0/lcl/interfaces/./gtk2/gtk2wscustomlistview.inc(2362,33) Hint: (4055) Conversion between ordinals and pointers is not portable
/usr/lib/lazarus/3.0/lcl/interfaces/./gtk2/gtk2wscomctrls.pp(216,68) Hint: (5024) Parameter "AType" not used
/usr/lib/lazarus/3.0/lcl/interfaces/./gtk2/gtk2wscomctrls.pp(216,97) Hint: (5024) Parameter "AColumn" not used
/usr/lib/lazarus/3.0/lcl/interfaces/./gtk2/gtk2wscomctrls.pp(217,18) Hint: (5024) Parameter "ASortDirection" not used
/usr/lib/lazarus/3.0/lcl/interfaces/./gtk2/gtk2wscustomlistview.inc(2381,33) Hint: (4055) Conversion between ordinals and pointers is not portable
/usr/lib/lazarus/3.0/lcl/interfaces/./gtk2/gtk2wscustomlistview.inc(2415,25) Hint: (4055) Conversion between ordinals and pointers is not portable
/usr/lib/lazarus/3.0/lcl/interfaces/./gtk2/gtk2wscustomlistview.inc(2428,33) Hint: (4055) Conversion between ordinals and pointers is not portable
/usr/lib/lazarus/3.0/lcl/interfaces/./gtk2/gtk2wscustomlistview.inc(2430,25) Hint: (4055) Conversion between ordinals and pointers is not portable
/usr/lib/lazarus/3.0/lcl/interfaces/./gtk2/gtk2wscomctrls.pp(312,38) Hint: (5024) Parameter "AWidget" not used
/usr/lib/lazarus/3.0/lcl/interfaces/./gtk2/gtk2wscomctrls.pp(349,33) Hint: (4055) Conversion between ordinals and pointers is not portable
/usr/lib/lazarus/3.0/lcl/interfaces/./gtk2/gtk2wscomctrls.pp(353,39) Hint: (4055) Conversion between ordinals and pointers is not portable
/usr/lib/lazarus/3.0/lcl/interfaces/./gtk2/gtk2wscomctrls.pp(377,36) Hint: (4055) Conversion between ordinals and pointers is not portable
/usr/lib/lazarus/3.0/lcl/interfaces/./gtk2/gtk2wscomctrls.pp(378,35) Hint: (4055) Conversion between ordinals and pointers is not portable
/usr/lib/lazarus/3.0/lcl/interfaces/./gtk2/gtk2wscomctrls.pp(380,59) Hint: (4055) Conversion between ordinals and pointers is not portable
/usr/lib/lazarus/3.0/lcl/interfaces/./gtk2/gtk2wscomctrls.pp(386,37) Hint: (4055) Conversion between ordinals and pointers is not portable
/usr/lib/lazarus/3.0/lcl/interfaces/./gtk2/gtk2wscomctrls.pp(391,37) Hint: (4055) Conversion between ordinals and pointers is not portable
/usr/lib/lazarus/3.0/lcl/interfaces/./gtk2/gtk2wscomctrls.pp(399,47) Hint: (4055) Conversion between ordinals and pointers is not portable
/usr/lib/lazarus/3.0/lcl/interfaces/./gtk2/gtk2wscomctrls.pp(403,49) Hint: (4055) Conversion between ordinals and pointers is not portable
/usr/lib/lazarus/3.0/lcl/interfaces/./gtk2/gtk2wscomctrls.pp(404,48) Hint: (4055) Conversion between ordinals and pointers is not portable
/usr/lib/lazarus/3.0/lcl/interfaces/./gtk2/gtk2wscomctrls.pp(419,17) Hint: (4055) Conversion between ordinals and pointers is not portable
/usr/lib/lazarus/3.0/lcl/interfaces/./gtk2/gtk2wscomctrls.pp(431,17) Hint: (4055) Conversion between ordinals and pointers is not portable
/usr/lib/lazarus/3.0/lcl/interfaces/./gtk2/gtk2wscomctrls.pp(448,26) Hint: (4055) Conversion between ordinals and pointers is not portable
/usr/lib/lazarus/3.0/lcl/interfaces/./gtk2/gtk2wscomctrls.pp(280,30) Hint: (5024) Parameter "WithThemeSpace" not used
/usr/lib/lazarus/3.0/lcl/interfaces/./gtk2/gtk2wscomctrls.pp(480,44) Hint: (4055) Conversion between ordinals and pointers is not portable
/usr/lib/lazarus/3.0/lcl/interfaces/./gtk2/gtk2wscomctrls.pp(482,37) Hint: (4055) Conversion between ordinals and pointers is not portable
/usr/lib/lazarus/3.0/lcl/interfaces/./gtk2/gtk2wscomctrls.pp(490,18) Hint: (4055) Conversion between ordinals and pointers is not portable
/usr/lib/lazarus/3.0/lcl/interfaces/./gtk2/gtk2wscomctrls.pp(497,24) Hint: (4055) Conversion between ordinals and pointers is not portable
/usr/lib/lazarus/3.0/lcl/interfaces/./gtk2/gtk2wscomctrls.pp(503,67) Hint: (4055) Conversion between ordinals and pointers is not portable
/usr/lib/lazarus/3.0/lcl/interfaces/./gtk2/gtk2wscomctrls.pp(507,12) Hint: (4055) Conversion between ordinals and pointers is not portable
/usr/lib/lazarus/3.0/lcl/interfaces/./gtk2/gtk2wscomctrls.pp(519,33) Hint: (4055) Conversion between ordinals and pointers is not portable
/usr/lib/lazarus/3.0/lcl/interfaces/./gtk2/gtk2wscomctrls.pp(520,39) Hint: (4055) Conversion between ordinals and pointers is not portable
/usr/lib/lazarus/3.0/lcl/interfaces/./gtk2/gtk2wscomctrls.pp(550,20) Hint: (4055) Conversion between ordinals and pointers is not portable
/usr/lib/lazarus/3.0/lcl/interfaces/./gtk2/gtk2wscomctrls.pp(579,38) Hint: (4055) Conversion between ordinals and pointers is not portable
/usr/lib/lazarus/3.0/lcl/interfaces/./gtk2/gtk2wscomctrls.pp(589,25) Hint: (4055) Conversion between ordinals and pointers is not portable
/usr/lib/lazarus/3.0/lcl/interfaces/./gtk2/gtk2wscomctrls.pp(613,33) Hint: (4055) Conversion between ordinals and pointers is not portable
/usr/lib/lazarus/3.0/lcl/interfaces/./gtk2/gtk2wscomctrls.pp(617,39) Hint: (4055) Conversion between ordinals and pointers is not portable
/usr/lib/lazarus/3.0/lcl/interfaces/./gtk2/gtk2wscomctrls.pp(630,16) Hint: (4055) Conversion between ordinals and pointers is not portable
/usr/lib/lazarus/3.0/lcl/interfaces/./gtk2/gtk2wscomctrls.pp(655,42) Hint: (4055) Conversion between ordinals and pointers is not portable
/usr/lib/lazarus/3.0/lcl/interfaces/./gtk2/gtk2wscomctrls.pp(122,49) Hint: (5024) Parameter "AWinControl" not used
/usr/lib/lazarus/3.0/lcl/interfaces/./gtk2/gtk2wscomctrls.pp(123,34) Hint: (5024) Parameter "PreferredWidth" not used
/usr/lib/lazarus/3.0/lcl/interfaces/./gtk2/gtk2wscomctrls.pp(124,30) Hint: (5024) Parameter "WithThemeSpace" not used
/usr/lib/lazarus/3.0/lcl/interfaces/./gtk2/gtk2wscomctrls.pp(681,16) Hint: (4055) Conversion between ordinals and pointers is not portable
/usr/lib/lazarus/3.0/lcl/interfaces/./gtk2/gtk2wscomctrls.pp(126,68) Hint: (5024) Parameter "SizeGrip" not used
/usr/lib/lazarus/3.0/lcl/interfaces/./gtk2/gtk2wscomctrls.pp(705,33) Hint: (4055) Conversion between ordinals and pointers is not portable
(3104) Compiling ./gtk2/gtk2wsdialogs.pp
/usr/lib/lazarus/3.0/lcl/interfaces/./gtk2/gtk2wsdialogs.pp(134,18) Hint: (4055) Conversion between ordinals and pointers is not portable
/usr/lib/lazarus/3.0/lcl/interfaces/./gtk2/gtk2wsdialogs.pp(148,45) Hint: (4055) Conversion between ordinals and pointers is not portable
/usr/lib/lazarus/3.0/lcl/interfaces/./gtk2/gtk2wsdialogs.pp(160,49) Hint: (5024) Parameter "Chooser" not used
/usr/lib/lazarus/3.0/lcl/interfaces/./gtk2/gtk2wsdialogs.pp(320,25) Hint: (4055) Conversion between ordinals and pointers is not portable
/usr/lib/lazarus/3.0/lcl/interfaces/./gtk2/gtk2wsdialogs.pp(405,42) Hint: (4055) Conversion between ordinals and pointers is not portable
/usr/lib/lazarus/3.0/lcl/interfaces/./gtk2/gtk2wsdialogs.pp(488,20) Hint: (4055) Conversion between ordinals and pointers is not portable
/usr/lib/lazarus/3.0/lcl/interfaces/./gtk2/gtk2wsdialogs.pp(782,42) Hint: (4055) Conversion between ordinals and pointers is not portable
/usr/lib/lazarus/3.0/lcl/interfaces/./gtk2/gtk2wsdialogs.pp(804,48) Hint: (4055) Conversion between ordinals and pointers is not portable
/usr/lib/lazarus/3.0/lcl/interfaces/./gtk2/gtk2wsdialogs.pp(83,56) Hint: (5024) Parameter "ACommonDialog" not used
/usr/lib/lazarus/3.0/lcl/interfaces/./gtk2/gtk2wsdialogs.pp(76,56) Hint: (5024) Parameter "ACommonDialog" not used
/usr/lib/lazarus/3.0/lcl/interfaces/./gtk2/gtk2wsdialogs.pp(973,25) Hint: (4055) Conversion between ordinals and pointers is not portable
/usr/lib/lazarus/3.0/lcl/interfaces/./gtk2/gtk2wsdialogs.pp(984,38) Hint: (4055) Conversion between ordinals and pointers is not portable
/usr/lib/lazarus/3.0/lcl/interfaces/./gtk2/gtk2wsdialogs.pp(1016,25) Hint: (4055) Conversion between ordinals and pointers is not portable
/usr/lib/lazarus/3.0/lcl/interfaces/./gtk2/gtk2wsdialogs.pp(69,56) Hint: (5024) Parameter "ACommonDialog" not used
/usr/lib/lazarus/3.0/lcl/interfaces/./gtk2/gtk2wsdialogs.pp(1165,26) Hint: (4055) Conversion between ordinals and pointers is not portable
/usr/lib/lazarus/3.0/lcl/interfaces/./gtk2/gtk2wsdialogs.pp(46,45) Hint: (5024) Parameter "ACommonDialog" not used
/usr/lib/lazarus/3.0/lcl/interfaces/./gtk2/gtk2wsdialogs.pp(1283,19) Hint: (4055) Conversion between ordinals and pointers is not portable
/usr/lib/lazarus/3.0/lcl/interfaces/./gtk2/gtk2wsdialogs.pp(1324,26) Hint: (4055) Conversion between ordinals and pointers is not portable
/usr/lib/lazarus/3.0/lcl/interfaces/./gtk2/gtk2wsdialogs.pp(93,56) Hint: (5024) Parameter "ACommonDialog" not used
/usr/lib/lazarus/3.0/lcl/interfaces/./gtk2/gtk2wsdialogs.pp(1405,26) Hint: (4055) Conversion between ordinals and pointers is not portable
/usr/lib/lazarus/3.0/lcl/interfaces/./gtk2/gtk2wsdialogs.pp(109,56) Hint: (5024) Parameter "ACommonDialog" not used
(3104) Compiling ./gtk2/gtk2wsextctrls.pp
/usr/lib/lazarus/3.0/lcl/interfaces/./gtk2/gtk2wsextctrls.pp(218,31) Hint: (4055) Conversion between ordinals and pointers is not portable
/usr/lib/lazarus/3.0/lcl/interfaces/./gtk2/gtk2wsextctrls.pp(241,33) Hint: (4055) Conversion between ordinals and pointers is not portable
/usr/lib/lazarus/3.0/lcl/interfaces/./gtk2/gtk2wsextctrls.pp(146,47) Hint: (5024) Parameter "AControl" not used
/usr/lib/lazarus/3.0/lcl/interfaces/./gtk2/gtk2wsextctrls.pp(260,35) Hint: (4055) Conversion between ordinals and pointers is not portable
/usr/lib/lazarus/3.0/lcl/interfaces/./gtk2/gtk2wsextctrls.pp(276,12) Hint: (4055) Conversion between ordinals and pointers is not portable
/usr/lib/lazarus/3.0/lcl/interfaces/./gtk2/gtk2trayicon.inc(69,35) Hint: (5024) Parameter "Display" not used
/usr/lib/lazarus/3.0/lcl/interfaces/./gtk2/gtk2trayicon.inc(90,19) Hint: (5057) Local variable "Ev" does not seem to be initialized
/usr/lib/lazarus/3.0/lcl/interfaces/./gtk2/gtk2trayicon.inc(160,27) Hint: (5024) Parameter "widget" not used
/usr/lib/lazarus/3.0/lcl/interfaces/./gtk2/gtk2trayicon.inc(192,33) Hint: (5024) Parameter "widget" not used
/usr/lib/lazarus/3.0/lcl/interfaces/./gtk2/gtk2trayicon.inc(230,31) Hint: (5024) Parameter "widget" not used
/usr/lib/lazarus/3.0/lcl/interfaces/./gtk2/gtk2trayicon.inc(264,24) Hint: (5024) Parameter "widget" not used
/usr/lib/lazarus/3.0/lcl/interfaces/./gtk2/gtk2trayicon.inc(284,25) Hint: (5024) Parameter "widget" not used
/usr/lib/lazarus/3.0/lcl/interfaces/./gtk2/gtk2trayicon.inc(295,39) Hint: (5024) Parameter "status_icon" not used
/usr/lib/lazarus/3.0/lcl/interfaces/./gtk2/gtk2trayicon.inc(304,36) Hint: (5024) Parameter "status_icon" not used
/usr/lib/lazarus/3.0/lcl/interfaces/./gtk2/gtk2trayicon.inc(304,70) Hint: (5024) Parameter "button" not used
/usr/lib/lazarus/3.0/lcl/interfaces/./gtk2/gtk2trayicon.inc(305,22) Hint: (5024) Parameter "activate_time" not used
/usr/lib/lazarus/3.0/lcl/interfaces/./gtk2/gtk2trayicon.inc(313,42) Hint: (5024) Parameter "status_icon" not used
/usr/lib/lazarus/3.0/lcl/interfaces/./gtk2/gtk2trayicon.inc(337,44) Hint: (5024) Parameter "status_icon" not used
/usr/lib/lazarus/3.0/lcl/interfaces/./gtk2/gtk2trayicon.inc(364,43) Hint: (5024) Parameter "status_icon" not used
/usr/lib/lazarus/3.0/lcl/interfaces/./gtk2/gtk2trayicon.inc(365,28) Hint: (5024) Parameter "keyboard_mode" not used
/usr/lib/lazarus/3.0/lcl/interfaces/./gtk2/gtk2trayicon.inc(365,58) Hint: (5024) Parameter "tooltip" not used
/usr/lib/lazarus/3.0/lcl/interfaces/./gtk2/gtk2trayicon.inc(385,55) Hint: (4055) Conversion between ordinals and pointers is not portable
/usr/lib/lazarus/3.0/lcl/interfaces/./gtk2/gtk2trayicon.inc(421,53) Hint: (4055) Conversion between ordinals and pointers is not portable
/usr/lib/lazarus/3.0/lcl/interfaces/./gtk2/gtk2trayicon.inc(580,55) Hint: (4055) Conversion between ordinals and pointers is not portable
(3104) Compiling ./gtk2/gtk2wsextdlgs.pp
(3104) Compiling ./gtk2/gtk2wsforms.pp
/usr/lib/lazarus/3.0/lcl/interfaces/./gtk2/gtk2wsforms.pp(131,32) Hint: (4055) Conversion between ordinals and pointers is not portable
/usr/lib/lazarus/3.0/lcl/interfaces/./gtk2/gtk2wsforms.pp(132,30) Hint: (4055) Conversion between ordinals and pointers is not portable
/usr/lib/lazarus/3.0/lcl/interfaces/./gtk2/gtk2wsforms.pp(136,22) Hint: (4055) Conversion between ordinals and pointers is not portable
/usr/lib/lazarus/3.0/lcl/interfaces/./gtk2/gtk2wsforms.pp(161,40) Hint: (4055) Conversion between ordinals and pointers is not portable
/usr/lib/lazarus/3.0/lcl/interfaces/./gtk2/gtk2wsforms.pp(259,27) Hint: (5057) Local variable "Mess" does not seem to be initialized
/usr/lib/lazarus/3.0/lcl/interfaces/./gtk2/gtk2wsforms.pp(284,34) Hint: (4055) Conversion between ordinals and pointers is not portable
/usr/lib/lazarus/3.0/lcl/interfaces/./gtk2/gtk2wsforms.pp(292,33) Hint: (4055) Conversion between ordinals and pointers is not portable
/usr/lib/lazarus/3.0/lcl/interfaces/./gtk2/gtk2wsforms.pp(298,35) Hint: (4055) Conversion between ordinals and pointers is not portable
/usr/lib/lazarus/3.0/lcl/interfaces/./gtk2/gtk2wsforms.pp(301,39) Hint: (4055) Conversion between ordinals and pointers is not portable
/usr/lib/lazarus/3.0/lcl/interfaces/./gtk2/gtk2wsforms.pp(303,39) Hint: (4055) Conversion between ordinals and pointers is not portable
/usr/lib/lazarus/3.0/lcl/interfaces/./gtk2/gtk2wsforms.pp(342,20) Hint: (4055) Conversion between ordinals and pointers is not portable
/usr/lib/lazarus/3.0/lcl/interfaces/./gtk2/gtk2wsforms.pp(404,56) Hint: (4055) Conversion between ordinals and pointers is not portable
/usr/lib/lazarus/3.0/lcl/interfaces/./gtk2/gtk2wsforms.pp(450,34) Hint: (4055) Conversion between ordinals and pointers is not portable
/usr/lib/lazarus/3.0/lcl/interfaces/./gtk2/gtk2wsforms.pp(471,33) Hint: (4055) Conversion between ordinals and pointers is not portable
/usr/lib/lazarus/3.0/lcl/interfaces/./gtk2/gtk2wsforms.pp(492,36) Hint: (4055) Conversion between ordinals and pointers is not portable
/usr/lib/lazarus/3.0/lcl/interfaces/./gtk2/gtk2wsforms.pp(537,40) Hint: (4055) Conversion between ordinals and pointers is not portable
/usr/lib/lazarus/3.0/lcl/interfaces/./gtk2/gtk2wsforms.pp(539,40) Hint: (4055) Conversion between ordinals and pointers is not portable
/usr/lib/lazarus/3.0/lcl/interfaces/./gtk2/gtk2wsforms.pp(540,35) Hint: (4055) Conversion between ordinals and pointers is not portable
/usr/lib/lazarus/3.0/lcl/interfaces/./gtk2/gtk2wsforms.pp(624,62) Hint: (4055) Conversion between ordinals and pointers is not portable
/usr/lib/lazarus/3.0/lcl/interfaces/./gtk2/gtk2wsforms.pp(626,35) Hint: (4055) Conversion between ordinals and pointers is not portable
/usr/lib/lazarus/3.0/lcl/interfaces/./gtk2/gtk2wsforms.pp(628,35) Hint: (4055) Conversion between ordinals and pointers is not portable
/usr/lib/lazarus/3.0/lcl/interfaces/./gtk2/gtk2wsforms.pp(644,18) Hint: (4055) Conversion between ordinals and pointers is not portable
/usr/lib/lazarus/3.0/lcl/interfaces/./gtk2/gtk2wsforms.pp(676,25) Hint: (4055) Conversion between ordinals and pointers is not portable
/usr/lib/lazarus/3.0/lcl/interfaces/./gtk2/gtk2wsforms.pp(677,36) Hint: (4055) Conversion between ordinals and pointers is not portable
/usr/lib/lazarus/3.0/lcl/interfaces/./gtk2/gtk2wsforms.pp(81,29) Hint: (5024) Parameter "AOldFormStyle" not used
/usr/lib/lazarus/3.0/lcl/interfaces/./gtk2/gtk2wsforms.pp(685,28) Hint: (4055) Conversion between ordinals and pointers is not portable
/usr/lib/lazarus/3.0/lcl/interfaces/./gtk2/gtk2wsforms.pp(688,30) Hint: (4055) Conversion between ordinals and pointers is not portable
/usr/lib/lazarus/3.0/lcl/interfaces/./gtk2/gtk2wsforms.pp(727,23) Hint: (4055) Conversion between ordinals and pointers is not portable
/usr/lib/lazarus/3.0/lcl/interfaces/./gtk2/gtk2wsforms.pp(740,26) Hint: (4055) Conversion between ordinals and pointers is not portable
/usr/lib/lazarus/3.0/lcl/interfaces/./gtk2/gtk2wsforms.pp(742,40) Hint: (4055) Conversion between ordinals and pointers is not portable
/usr/lib/lazarus/3.0/lcl/interfaces/./gtk2/gtk2wsforms.pp(748,40) Hint: (4055) Conversion between ordinals and pointers is not portable
/usr/lib/lazarus/3.0/lcl/interfaces/./gtk2/gtk2wsforms.pp(751,21) Hint: (4055) Conversion between ordinals and pointers is not portable
/usr/lib/lazarus/3.0/lcl/interfaces/./gtk2/gtk2wsforms.pp(757,35) Hint: (4055) Conversion between ordinals and pointers is not portable
/usr/lib/lazarus/3.0/lcl/interfaces/./gtk2/gtk2wsforms.pp(797,29) Hint: (4055) Conversion between ordinals and pointers is not portable
/usr/lib/lazarus/3.0/lcl/interfaces/./gtk2/gtk2wsforms.pp(824,35) Hint: (4055) Conversion between ordinals and pointers is not portable
/usr/lib/lazarus/3.0/lcl/interfaces/./gtk2/gtk2wsforms.pp(85,42) Hint: (5024) Parameter "AForm" not used
/usr/lib/lazarus/3.0/lcl/interfaces/./gtk2/gtk2wsforms.pp(879,39) Hint: (4055) Conversion between ordinals and pointers is not portable
/usr/lib/lazarus/3.0/lcl/interfaces/./gtk2/gtk2wsforms.pp(899,39) Hint: (4055) Conversion between ordinals and pointers is not portable
/usr/lib/lazarus/3.0/lcl/interfaces/./gtk2/gtk2wsforms.pp(899,76) Hint: (4055) Conversion between ordinals and pointers is not portable
/usr/lib/lazarus/3.0/lcl/interfaces/./gtk2/gtk2wsforms.pp(901,39) Hint: (4055) Conversion between ordinals and pointers is not portable
/usr/lib/lazarus/3.0/lcl/interfaces/./gtk2/gtk2wsforms.pp(965,33) Hint: (4055) Conversion between ordinals and pointers is not portable
/usr/lib/lazarus/3.0/lcl/interfaces/./gtk2/gtk2wsforms.pp(1008,37) Hint: (4055) Conversion between ordinals and pointers is not portable
/usr/lib/lazarus/3.0/lcl/interfaces/./gtk2/gtk2wsforms.pp(1023,8) Note: (2025) User defined: test with smaller minor versions and check where LM_CONFIGUREEVENT is needed.
/usr/lib/lazarus/3.0/lcl/interfaces/./gtk2/gtk2wsforms.pp(1081,33) Hint: (4055) Conversion between ordinals and pointers is not portable
/usr/lib/lazarus/3.0/lcl/interfaces/./gtk2/gtk2wsforms.pp(1095,35) Hint: (4055) Conversion between ordinals and pointers is not portable
(3104) Compiling ./gtk2/gtk2wsgrids.pp
(3104) Compiling ./gtk2/gtk2wsimglist.pp
(3104) Compiling ./gtk2/gtk2wsmenus.pp
/usr/lib/lazarus/3.0/lcl/interfaces/./gtk2/gtk2wsmenus.pp(86,7) Hint: (5024) Parameter "user_data" not used
/usr/lib/lazarus/3.0/lcl/interfaces/./gtk2/gtk2wsmenus.pp(133,21) Hint: (5057) Local variable "Mess" does not seem to be initialized
/usr/lib/lazarus/3.0/lcl/interfaces/./gtk2/gtk2wsmenus.pp(183,23) Hint: (5057) Local variable "Mess" does not seem to be initialized
/usr/lib/lazarus/3.0/lcl/interfaces/./gtk2/gtk2wsmenus.pp(189,34) Hint: (5024) Parameter "item" not used
/usr/lib/lazarus/3.0/lcl/interfaces/./gtk2/gtk2wsmenus.pp(203,37) Hint: (4055) Conversion between ordinals and pointers is not portable
/usr/lib/lazarus/3.0/lcl/interfaces/./gtk2/gtk2wsmenus.pp(205,35) Hint: (4055) Conversion between ordinals and pointers is not portable
/usr/lib/lazarus/3.0/lcl/interfaces/./gtk2/gtk2wsmenus.pp(226,37) Hint: (4055) Conversion between ordinals and pointers is not portable
/usr/lib/lazarus/3.0/lcl/interfaces/./gtk2/gtk2wsmenus.pp(228,35) Hint: (4055) Conversion between ordinals and pointers is not portable
/usr/lib/lazarus/3.0/lcl/interfaces/./gtk2/gtk2wsmenus.pp(234,36) Hint: (5024) Parameter "item" not used
/usr/lib/lazarus/3.0/lcl/interfaces/./gtk2/gtk2wsmenus.pp(234,56) Hint: (5024) Parameter "AMenuItem" not used
/usr/lib/lazarus/3.0/lcl/interfaces/./gtk2/gtk2wsmenus.pp(268,22) Hint: (4055) Conversion between ordinals and pointers is not portable
/usr/lib/lazarus/3.0/lcl/interfaces/./gtk2/gtk2wsmenus.pp(271,30) Hint: (4055) Conversion between ordinals and pointers is not portable
/usr/lib/lazarus/3.0/lcl/interfaces/./gtk2/gtk2wsmenus.pp(294,33) Hint: (4055) Conversion between ordinals and pointers is not portable
/usr/lib/lazarus/3.0/lcl/interfaces/./gtk2/gtk2wsmenus.pp(309,60) Hint: (4055) Conversion between ordinals and pointers is not portable
/usr/lib/lazarus/3.0/lcl/interfaces/./gtk2/gtk2wsmenus.pp(361,24) Hint: (4055) Conversion between ordinals and pointers is not portable
/usr/lib/lazarus/3.0/lcl/interfaces/./gtk2/gtk2wsmenus.pp(377,38) Hint: (4055) Conversion between ordinals and pointers is not portable
/usr/lib/lazarus/3.0/lcl/interfaces/./gtk2/gtk2wsmenus.pp(381,26) Hint: (4055) Conversion between ordinals and pointers is not portable
/usr/lib/lazarus/3.0/lcl/interfaces/./gtk2/gtk2wsmenus.pp(383,35) Hint: (4055) Conversion between ordinals and pointers is not portable
/usr/lib/lazarus/3.0/lcl/interfaces/./gtk2/gtk2wsmenus.pp(398,39) Hint: (4055) Conversion between ordinals and pointers is not portable
/usr/lib/lazarus/3.0/lcl/interfaces/./gtk2/gtk2wsmenus.pp(417,26) Hint: (4055) Conversion between ordinals and pointers is not portable
/usr/lib/lazarus/3.0/lcl/interfaces/./gtk2/gtk2wsmenus.pp(436,16) Hint: (4055) Conversion between ordinals and pointers is not portable
/usr/lib/lazarus/3.0/lcl/interfaces/./gtk2/gtk2wsmenus.pp(464,33) Hint: (4055) Conversion between ordinals and pointers is not portable
/usr/lib/lazarus/3.0/lcl/interfaces/./gtk2/gtk2wsmenus.pp(48,72) Hint: (5024) Parameter "RadioItem" not used
/usr/lib/lazarus/3.0/lcl/interfaces/./gtk2/gtk2wsmenus.pp(483,26) Hint: (4055) Conversion between ordinals and pointers is not portable
/usr/lib/lazarus/3.0/lcl/interfaces/./gtk2/gtk2wsmenus.pp(50,99) Hint: (5024) Parameter "AIcon" not used
/usr/lib/lazarus/3.0/lcl/interfaces/./gtk2/gtk2wsmenus.pp(522,17) Hint: (4055) Conversion between ordinals and pointers is not portable
/usr/lib/lazarus/3.0/lcl/interfaces/./gtk2/gtk2wsmenus.pp(532,26) Hint: (4055) Conversion between ordinals and pointers is not portable
/usr/lib/lazarus/3.0/lcl/interfaces/./gtk2/gtk2wsmenus.pp(555,39) Hint: (4055) Conversion between ordinals and pointers is not portable
/usr/lib/lazarus/3.0/lcl/interfaces/./gtk2/gtk2wsmenus.pp(556,45) Hint: (4055) Conversion between ordinals and pointers is not portable
/usr/lib/lazarus/3.0/lcl/interfaces/./gtk2/gtk2wsmenus.pp(564,42) Hint: (4055) Conversion between ordinals and pointers is not portable
/usr/lib/lazarus/3.0/lcl/interfaces/./gtk2/gtk2wsmenus.pp(565,48) Hint: (4055) Conversion between ordinals and pointers is not portable
/usr/lib/lazarus/3.0/lcl/interfaces/./gtk2/gtk2wsmenus.pp(58,79) Hint: (5024) Parameter "UseRightToLeftReading" not used
/usr/lib/lazarus/3.0/lcl/interfaces/./gtk2/gtk2wsmenus.pp(573,57) Hint: (5024) Parameter "push_in" not used
/usr/lib/lazarus/3.0/lcl/interfaces/./gtk2/gtk2wsmenus.pp(651,24) Hint: (4055) Conversion between ordinals and pointers is not portable
/usr/lib/lazarus/3.0/lcl/interfaces/./gtk2/gtk2wsmenus.pp(675,22) Hint: (4055) Conversion between ordinals and pointers is not portable
(3104) Compiling ./gtk2/gtk2wsspin.pp
/usr/lib/lazarus/3.0/lcl/interfaces/./gtk2/gtk2wsspin.pp(63,40) Hint: (4055) Conversion between ordinals and pointers is not portable
/usr/lib/lazarus/3.0/lcl/interfaces/./gtk2/gtk2wsspin.pp(80,18) Hint: (4055) Conversion between ordinals and pointers is not portable
/usr/lib/lazarus/3.0/lcl/interfaces/./gtk2/gtk2wsspin.pp(106,46) Hint: (4055) Conversion between ordinals and pointers is not portable
/usr/lib/lazarus/3.0/lcl/interfaces/./gtk2/gtk2wsspin.pp(131,18) Hint: (4055) Conversion between ordinals and pointers is not portable
/usr/lib/lazarus/3.0/lcl/interfaces/./gtk2/gtk2wsspin.pp(148,18) Hint: (4055) Conversion between ordinals and pointers is not portable
/usr/lib/lazarus/3.0/lcl/interfaces/./gtk2/gtk2wsspin.pp(187,18) Hint: (4055) Conversion between ordinals and pointers is not portable
/usr/lib/lazarus/3.0/lcl/interfaces/./gtk2/gtk2wsspin.pp(205,36) Hint: (4055) Conversion between ordinals and pointers is not portable
/usr/lib/lazarus/3.0/lcl/interfaces/./gtk2/gtk2wsspin.pp(237,21) Hint: (5057) Local variable "Mess" does not seem to be initialized
/usr/lib/lazarus/3.0/lcl/interfaces/./gtk2/gtk2wsspin.pp(258,33) Hint: (4055) Conversion between ordinals and pointers is not portable
(3104) Compiling ./gtk2/gtk2wspairsplitter.pp
(3104) Compiling ./gtk2/unitywsctrls.pas
/usr/lib/lazarus/3.0/lcl/interfaces/./gtk2/unitywsctrls.pas(176,19) Hint: (4055) Conversion between ordinals and pointers is not portable
/usr/lib/lazarus/3.0/lcl/interfaces/./gtk2/unitywsctrls.pas(178,21) Hint: (4055) Conversion between ordinals and pointers is not portable
/usr/lib/lazarus/3.0/lcl/interfaces/./gtk2/unitywsctrls.pas(183,46) Hint: (4055) Conversion between ordinals and pointers is not portable
/usr/lib/lazarus/3.0/lcl/interfaces/./gtk2/unitywsctrls.pas(192,46) Hint: (4055) Conversion between ordinals and pointers is not portable
/usr/lib/lazarus/3.0/lcl/interfaces/./gtk2/unitywsctrls.pas(212,19) Hint: (4055) Conversion between ordinals and pointers is not portable
/usr/lib/lazarus/3.0/lcl/interfaces/./gtk2/unitywsctrls.pas(214,21) Hint: (4055) Conversion between ordinals and pointers is not portable
/usr/lib/lazarus/3.0/lcl/interfaces/./gtk2/unitywsctrls.pas(218,46) Hint: (4055) Conversion between ordinals and pointers is not portable
/usr/lib/lazarus/3.0/lcl/interfaces/./gtk2/unitywsctrls.pas(229,53) Hint: (4055) Conversion between ordinals and pointers is not portable
/usr/lib/lazarus/3.0/lcl/interfaces/./gtk2/unitywsctrls.pas(71,43) Hint: (5024) Parameter "ATrayIcon" not used
/usr/lib/lazarus/3.0/lcl/interfaces/./gtk2/gtk2wsfactory.pas(13,31) Hint: (5023) Unit "WSDialogs" not used in Gtk2WSFactory
/usr/lib/lazarus/3.0/lcl/interfaces/./gtk2/gtk2wsfactory.pas(25,8) Hint: (5023) Unit "Gtk2WSImgList" not used in Gtk2WSFactory
(3104) Compiling ./gtk2/gtk2themes.pas
/usr/lib/lazarus/3.0/lcl/interfaces/./gtk2/gtk2themes.pas(74,49) Hint: (5024) Parameter "Window" not used
/usr/lib/lazarus/3.0/lcl/interfaces/./gtk2/gtk2themes.pas(74,68) Hint: (5024) Parameter "Target" not used
/usr/lib/lazarus/3.0/lcl/interfaces/./gtk2/gtk2themes.pas(74,86) Hint: (5024) Parameter "Bounds" not used
/usr/lib/lazarus/3.0/lcl/interfaces/./gtk2/gtk2themes.pas(223,45) Warning: (5066) Symbol "GetDetailSize" is deprecated: "use GetDetailSizeForPPI"
/usr/lib/lazarus/3.0/lcl/interfaces/./gtk2/gtk2themes.pas(233,23) Warning: (5093) function result variable of a managed type does not seem to be initialized
/usr/lib/lazarus/3.0/lcl/interfaces/./gtk2/gtk2themes.pas(572,29) Hint: (5057) Local variable "AValue" does not seem to be initialized
/usr/lib/lazarus/3.0/lcl/interfaces/./gtk2/gtk2themes.pas(684,25) Hint: (4055) Conversion between ordinals and pointers is not portable
/usr/lib/lazarus/3.0/lcl/interfaces/./gtk2/gtk2themes.pas(689,35) Hint: (5024) Parameter "ASettings" not used
/usr/lib/lazarus/3.0/lcl/interfaces/./gtk2/gtk2themes.pas(689,65) Hint: (5024) Parameter "pspec" not used
/usr/lib/lazarus/3.0/lcl/interfaces/./gtk2/gtk2themes.pas(695,33) Hint: (5024) Parameter "ASettings" not used
/usr/lib/lazarus/3.0/lcl/interfaces/./gtk2/gtk2themes.pas(695,63) Hint: (5024) Parameter "pspec" not used
/usr/lib/lazarus/3.0/lcl/interfaces/./gtk2/gtk2themes.pas(719,82) Hint: (4055) Conversion between ordinals and pointers is not portable
/usr/lib/lazarus/3.0/lcl/interfaces/./gtk2/gtk2themes.pas(732,82) Hint: (4055) Conversion between ordinals and pointers is not portable
/usr/lib/lazarus/3.0/lcl/interfaces/./gtk2/gtk2themes.pas(90,104) Hint: (5024) Parameter "Flags2" not used
/usr/lib/lazarus/3.0/lcl/interfaces/./gtk2/gtk2themes.pas(94,39) Hint: (5024) Parameter "Details" not used
/usr/lib/lazarus/3.0/lcl/interfaces/./gtk2/gtk2widgetset.inc(120,20) Hint: (5057) Local variable "Msg" does not seem to be initialized
/usr/lib/lazarus/3.0/lcl/interfaces/./gtk2/gtk2widgetset.inc(123,20) Hint: (4055) Conversion between ordinals and pointers is not portable
/usr/lib/lazarus/3.0/lcl/interfaces/./gtk2/gtk2widgetset.inc(153,30) Hint: (4055) Conversion between ordinals and pointers is not portable
/usr/lib/lazarus/3.0/lcl/interfaces/./gtk2/gtk2widgetset.inc(156,37) Hint: (4055) Conversion between ordinals and pointers is not portable
/usr/lib/lazarus/3.0/lcl/interfaces/./gtk2/gtk2widgetset.inc(144,76) Hint: (5024) Parameter "data" not used
/usr/lib/lazarus/3.0/lcl/interfaces/./gtk2/gtk2widgetset.inc(161,30) Hint: (5024) Parameter "widget" not used
/usr/lib/lazarus/3.0/lcl/interfaces/./gtk2/gtk2widgetset.inc(161,74) Hint: (5024) Parameter "data" not used
/usr/lib/lazarus/3.0/lcl/interfaces/./gtk2/gtk2widgetset.inc(197,41) Hint: (4055) Conversion between ordinals and pointers is not portable
/usr/lib/lazarus/3.0/lcl/interfaces/./gtk2/gtk2widgetset.inc(189,31) Hint: (5024) Parameter "cellrenderertoggle" not used
/usr/lib/lazarus/3.0/lcl/interfaces/./gtk2/gtk2widgetset.inc(213,40) Hint: (5024) Parameter "arg2" not used
/usr/lib/lazarus/3.0/lcl/interfaces/./gtk2/gtk2widgetset.inc(213,72) Hint: (5024) Parameter "data" not used
/usr/lib/lazarus/3.0/lcl/interfaces/./gtk2/gtk2widgetset.inc(233,31) Hint: (5024) Parameter "context" not used
/usr/lib/lazarus/3.0/lcl/interfaces/./gtk2/gtk2widgetset.inc(234,8) Hint: (5024) Parameter "Data" not used
/usr/lib/lazarus/3.0/lcl/interfaces/./gtk2/gtk2int.pas(299,25) Hint: (5024) Parameter "ExtendedSelect" not used
/usr/lib/lazarus/3.0/lcl/interfaces/./gtk2/gtk2widgetset.inc(1017,19) Hint: (4055) Conversion between ordinals and pointers is not portable
/usr/lib/lazarus/3.0/lcl/interfaces/./gtk2/gtk2widgetset.inc(1172,27) Hint: (4055) Conversion between ordinals and pointers is not portable
/usr/lib/lazarus/3.0/lcl/interfaces/./gtk2/gtk2widgetset.inc(1173,27) Hint: (4055) Conversion between ordinals and pointers is not portable
/usr/lib/lazarus/3.0/lcl/interfaces/./gtk2/gtk2widgetset.inc(1192,31) Hint: (4055) Conversion between ordinals and pointers is not portable
/usr/lib/lazarus/3.0/lcl/interfaces/./gtk2/gtk2widgetset.inc(1196,37) Hint: (4055) Conversion between ordinals and pointers is not portable
/usr/lib/lazarus/3.0/lcl/interfaces/./gtk2/gtk2widgetset.inc(1199,35) Hint: (4055) Conversion between ordinals and pointers is not portable
/usr/lib/lazarus/3.0/lcl/interfaces/./gtk2/gtk2widgetset.inc(1214,31) Hint: (4055) Conversion between ordinals and pointers is not portable
/usr/lib/lazarus/3.0/lcl/interfaces/./gtk2/gtk2widgetset.inc(1217,35) Hint: (4055) Conversion between ordinals and pointers is not portable
/usr/lib/lazarus/3.0/lcl/interfaces/./gtk2/gtk2widgetset.inc(1270,17) Hint: (4055) Conversion between ordinals and pointers is not portable
/usr/lib/lazarus/3.0/lcl/interfaces/./gtk2/gtk2widgetset.inc(1317,17) Hint: (4055) Conversion between ordinals and pointers is not portable
/usr/lib/lazarus/3.0/lcl/interfaces/./gtk2/gtk2widgetset.inc(1456,34) Hint: (5024) Parameter "sig" not used
/usr/lib/lazarus/3.0/lcl/interfaces/./gtk2/gtk2widgetset.inc(1456,53) Hint: (5024) Parameter "siginfo" not used
/usr/lib/lazarus/3.0/lcl/interfaces/./gtk2/gtk2widgetset.inc(1457,8) Hint: (5024) Parameter "sigcontext" not used
/usr/lib/lazarus/3.0/lcl/interfaces/./gtk2/gtk2widgetset.inc(1513,34) Hint: (5057) Local variable "TM" does not seem to be initialized
/usr/lib/lazarus/3.0/lcl/interfaces/./gtk2/gtk2widgetset.inc(1622,10) Note: (6058) Call to subroutine "function AnsiStrComp(S1:PChar;S2:PChar):LongInt;" marked as inline is not inlined
/usr/lib/lazarus/3.0/lcl/interfaces/./gtk2/gtk2int.pas(152,39) Hint: (5024) Parameter "AObject" not used
/usr/lib/lazarus/3.0/lcl/interfaces/./gtk2/gtk2widgetset.inc(1929,3) Note: (6058) Call to subroutine "function FpWrite(fd:LongInt;const buf:<Formal type>;nbytes:QWord):Int64;" marked as inline is not inlined
/usr/lib/lazarus/3.0/lcl/interfaces/./gtk2/gtk2widgetset.inc(1975,34) Hint: (5057) Local variable "thrashspace" does not seem to be initialized
/usr/lib/lazarus/3.0/lcl/interfaces/./gtk2/gtk2widgetset.inc(1969,37) Hint: (5024) Parameter "source" not used
/usr/lib/lazarus/3.0/lcl/interfaces/./gtk2/gtk2widgetset.inc(1969,63) Hint: (5024) Parameter "condition" not used
/usr/lib/lazarus/3.0/lcl/interfaces/./gtk2/gtk2widgetset.inc(1975,3) Note: (6058) Call to subroutine "function FpRead(fd:LongInt;var buf:<Formal type>;nbytes:QWord):Int64;" marked as inline is not inlined
/usr/lib/lazarus/3.0/lcl/interfaces/./gtk2/gtk2widgetset.inc(2595,12) Hint: (4055) Conversion between ordinals and pointers is not portable
/usr/lib/lazarus/3.0/lcl/interfaces/./gtk2/gtk2widgetset.inc(2596,12) Hint: (4055) Conversion between ordinals and pointers is not portable
/usr/lib/lazarus/3.0/lcl/interfaces/./gtk2/gtk2widgetset.inc(2633,25) Hint: (5057) Local variable "LogBrush" does not seem to be initialized
/usr/lib/lazarus/3.0/lcl/interfaces/./gtk2/gtk2widgetset.inc(2638,10) Hint: (4055) Conversion between ordinals and pointers is not portable
/usr/lib/lazarus/3.0/lcl/interfaces/./gtk2/gtk2widgetset.inc(2648,12) Hint: (4055) Conversion between ordinals and pointers is not portable
/usr/lib/lazarus/3.0/lcl/interfaces/./gtk2/gtk2widgetset.inc(2649,12) Hint: (4055) Conversion between ordinals and pointers is not portable
/usr/lib/lazarus/3.0/lcl/interfaces/./gtk2/gtk2widgetset.inc(2705,25) Hint: (4055) Conversion between ordinals and pointers is not portable
/usr/lib/lazarus/3.0/lcl/interfaces/./gtk2/gtk2widgetset.inc(2738,32) Hint: (5024) Parameter "Data" not used
/usr/lib/lazarus/3.0/lcl/interfaces/./gtk2/gtk2widgetset.inc(2761,25) Hint: (5057) Local variable "LogBrush" does not seem to be initialized
/usr/lib/lazarus/3.0/lcl/interfaces/./gtk2/gtk2widgetset.inc(2764,8) Hint: (4055) Conversion between ordinals and pointers is not portable
/usr/lib/lazarus/3.0/lcl/interfaces/./gtk2/gtk2widgetset.inc(2768,8) Hint: (4055) Conversion between ordinals and pointers is not portable
/usr/lib/lazarus/3.0/lcl/interfaces/./gtk2/gtk2widgetset.inc(2771,8) Hint: (4055) Conversion between ordinals and pointers is not portable
/usr/lib/lazarus/3.0/lcl/interfaces/./gtk2/gtk2widgetset.inc(2774,8) Hint: (4055) Conversion between ordinals and pointers is not portable
/usr/lib/lazarus/3.0/lcl/interfaces/./gtk2/gtk2widgetset.inc(2777,8) Hint: (4055) Conversion between ordinals and pointers is not portable
/usr/lib/lazarus/3.0/lcl/interfaces/./gtk2/gtk2widgetset.inc(2780,8) Hint: (4055) Conversion between ordinals and pointers is not portable
/usr/lib/lazarus/3.0/lcl/interfaces/./gtk2/gtk2widgetset.inc(2786,8) Hint: (4055) Conversion between ordinals and pointers is not portable
/usr/lib/lazarus/3.0/lcl/interfaces/./gtk2/gtk2widgetset.inc(2789,8) Hint: (4055) Conversion between ordinals and pointers is not portable
/usr/lib/lazarus/3.0/lcl/interfaces/./gtk2/gtk2widgetset.inc(2792,8) Hint: (4055) Conversion between ordinals and pointers is not portable
/usr/lib/lazarus/3.0/lcl/interfaces/./gtk2/gtk2int.pas(292,38) Hint: (5024) Parameter "ATitle" not used
/usr/lib/lazarus/3.0/lcl/interfaces/./gtk2/gtk2widgetset.inc(2972,24) Hint: (5058) Variable "BitInfo" does not seem to be initialized
/usr/lib/lazarus/3.0/lcl/interfaces/./gtk2/gtk2widgetset.inc(2988,21) Hint: (5057) Local variable "FDIB" does not seem to be initialized
/usr/lib/lazarus/3.0/lcl/interfaces/./gtk2/gtk2widgetset.inc(3033,41) Hint: (4055) Conversion between ordinals and pointers is not portable
/usr/lib/lazarus/3.0/lcl/interfaces/./gtk2/gtk2widgetset.inc(3051,41) Hint: (4055) Conversion between ordinals and pointers is not portable
/usr/lib/lazarus/3.0/lcl/interfaces/./gtk2/gtk2widgetset.inc(3414,26) Hint: (5057) Local variable "R1" does not seem to be initialized
/usr/lib/lazarus/3.0/lcl/interfaces/./gtk2/gtk2widgetset.inc(3466,26) Hint: (5057) Local variable "R1" does not seem to be initialized
/usr/lib/lazarus/3.0/lcl/interfaces/./gtk2/gtk2widgetset.inc(3977,28) Hint: (4055) Conversion between ordinals and pointers is not portable
/usr/lib/lazarus/3.0/lcl/interfaces/./gtk2/gtk2widgetset.inc(4058,53) Hint: (4055) Conversion between ordinals and pointers is not portable
/usr/lib/lazarus/3.0/lcl/interfaces/./gtk2/gtk2widgetset.inc(4633,32) Hint: (4055) Conversion between ordinals and pointers is not portable
/usr/lib/lazarus/3.0/lcl/interfaces/./gtk2/gtk2widgetset.inc(4776,18) Hint: (4055) Conversion between ordinals and pointers is not portable
/usr/lib/lazarus/3.0/lcl/interfaces/./gtk2/gtk2int.pas(228,50) Hint: (5024) Parameter "Left" not used
/usr/lib/lazarus/3.0/lcl/interfaces/./gtk2/gtk2int.pas(228,60) Hint: (5024) Parameter "Top" not used
/usr/lib/lazarus/3.0/lcl/interfaces/./gtk2/gtk2int.pas(228,69) Hint: (5024) Parameter "Width" not used
/usr/lib/lazarus/3.0/lcl/interfaces/./gtk2/gtk2int.pas(228,80) Hint: (5024) Parameter "Height" not used
/usr/lib/lazarus/3.0/lcl/interfaces/./gtk2/gtk2widgetset.inc(4853,23) Hint: (4055) Conversion between ordinals and pointers is not portable
/usr/lib/lazarus/3.0/lcl/interfaces/./gtk2/gtk2widgetset.inc(4855,16) Hint: (4055) Conversion between ordinals and pointers is not portable
/usr/lib/lazarus/3.0/lcl/interfaces/./gtk2/gtk2widgetset.inc(4896,31) Hint: (4055) Conversion between ordinals and pointers is not portable
/usr/lib/lazarus/3.0/lcl/interfaces/./gtk2/gtk2widgetset.inc(4944,15) Hint: (4055) Conversion between ordinals and pointers is not portable
/usr/lib/lazarus/3.0/lcl/interfaces/./gtk2/gtk2widgetset.inc(4946,31) Hint: (4055) Conversion between ordinals and pointers is not portable
/usr/lib/lazarus/3.0/lcl/interfaces/./gtk2/gtk2widgetset.inc(4954,27) Hint: (4055) Conversion between ordinals and pointers is not portable
/usr/lib/lazarus/3.0/lcl/interfaces/./gtk2/gtk2widgetset.inc(4973,16) Hint: (4055) Conversion between ordinals and pointers is not portable
/usr/lib/lazarus/3.0/lcl/interfaces/./gtk2/gtk2int.pas(163,43) Hint: (5024) Parameter "Sender" not used
/usr/lib/lazarus/3.0/lcl/interfaces/./gtk2/gtk2widgetset.inc(5135,28) Hint: (4055) Conversion between ordinals and pointers is not portable
/usr/lib/lazarus/3.0/lcl/interfaces/./gtk2/gtk2widgetset.inc(5161,26) Hint: (4055) Conversion between ordinals and pointers is not portable
/usr/lib/lazarus/3.0/lcl/interfaces/./gtk2/gtk2widgetset.inc(5202,22) Hint: (4055) Conversion between ordinals and pointers is not portable
/usr/lib/lazarus/3.0/lcl/interfaces/./gtk2/gtk2widgetset.inc(5462,17) Hint: (4055) Conversion between ordinals and pointers is not portable
/usr/lib/lazarus/3.0/lcl/interfaces/./gtk2/gtk2widgetset.inc(5520,25) Hint: (5057) Local variable "GDKColor" does not seem to be initialized
/usr/lib/lazarus/3.0/lcl/interfaces/./gtk2/gtk2widgetset.inc(5546,43) Hint: (4055) Conversion between ordinals and pointers is not portable
/usr/lib/lazarus/3.0/lcl/interfaces/./gtk2/gtk2widgetset.inc(5576,23) Hint: (4055) Conversion between ordinals and pointers is not portable
/usr/lib/lazarus/3.0/lcl/interfaces/./gtk2/gtk2widgetset.inc(6155,52) Hint: (4055) Conversion between ordinals and pointers is not portable
/usr/lib/lazarus/3.0/lcl/interfaces/./gtk2/gtk2widgetset.inc(6156,23) Hint: (4055) Conversion between ordinals and pointers is not portable
/usr/lib/lazarus/3.0/lcl/interfaces/./gtk2/gtk2widgetset.inc(6165,28) Hint: (4055) Conversion between ordinals and pointers is not portable
/usr/lib/lazarus/3.0/lcl/interfaces/./gtk2/gtk2widgetset.inc(6176,23) Hint: (4055) Conversion between ordinals and pointers is not portable
/usr/lib/lazarus/3.0/lcl/interfaces/./gtk2/gtk2widgetset.inc(6521,11) Hint: (4055) Conversion between ordinals and pointers is not portable
/usr/lib/lazarus/3.0/lcl/interfaces/./gtk2/gtk2widgetset.inc(6521,38) Hint: (4055) Conversion between ordinals and pointers is not portable
/usr/lib/lazarus/3.0/lcl/interfaces/./gtk2/gtk2widgetset.inc(6468,5) Note: (6058) Call to subroutine "function TFPGList<System.LongInt>.Add(const Item:LongInt):LongInt;" marked as inline is not inlined
/usr/lib/lazarus/3.0/lcl/interfaces/./gtk2/gtk2widgetset.inc(6471,5) Note: (6058) Call to subroutine "function TFPGList<System.LongInt>.Add(const Item:LongInt):LongInt;" marked as inline is not inlined
/usr/lib/lazarus/3.0/lcl/interfaces/./gtk2/gtk2widgetset.inc(6494,23) Note: (6058) Call to subroutine "function TFPGList<System.LongInt>.Get(Index:LongInt):LongInt;" marked as inline is not inlined
/usr/lib/lazarus/3.0/lcl/interfaces/./gtk2/gtk2widgetset.inc(6494,38) Note: (6058) Call to subroutine "function TFPGList<System.LongInt>.Get(Index:LongInt):LongInt;" marked as inline is not inlined
/usr/lib/lazarus/3.0/lcl/interfaces/./gtk2/gtk2widgetset.inc(6509,25) Note: (6058) Call to subroutine "function TFPGList<System.LongInt>.Get(Index:LongInt):LongInt;" marked as inline is not inlined
/usr/lib/lazarus/3.0/lcl/interfaces/./gtk2/gtk2widgetset.inc(6510,23) Note: (6058) Call to subroutine "function TFPGList<System.LongInt>.Get(Index:LongInt):LongInt;" marked as inline is not inlined
/usr/lib/lazarus/3.0/lcl/interfaces/./gtk2/gtk2widgetset.inc(6416,20) Note: (6058) Call to subroutine "function UTF8CodepointSize(p:PChar):LongInt;" marked as inline is not inlined
/usr/lib/lazarus/3.0/lcl/interfaces/./gtk2/gtk2widgetset.inc(6425,20) Note: (6058) Call to subroutine "function UTF8CodepointSize(p:PChar):LongInt;" marked as inline is not inlined
/usr/lib/lazarus/3.0/lcl/interfaces/./gtk2/gtk2widgetset.inc(6576,36) Hint: (5024) Parameter "AWidget" not used
/usr/lib/lazarus/3.0/lcl/interfaces/./gtk2/gtk2winapi.inc(126,16) Hint: (4055) Conversion between ordinals and pointers is not portable
/usr/lib/lazarus/3.0/lcl/interfaces/./gtk2/gtk2winapi.inc(137,49) Hint: (4055) Conversion between ordinals and pointers is not portable
/usr/lib/lazarus/3.0/lcl/interfaces/./gtk2/gtk2winapi.inc(142,43) Hint: (4055) Conversion between ordinals and pointers is not portable
/usr/lib/lazarus/3.0/lcl/interfaces/./gtk2/gtk2winapih.inc(36,30) Hint: (5024) Parameter "hHk" not used
/usr/lib/lazarus/3.0/lcl/interfaces/./gtk2/gtk2winapih.inc(36,47) Hint: (5024) Parameter "ncode" not used
/usr/lib/lazarus/3.0/lcl/interfaces/./gtk2/gtk2winapih.inc(36,69) Hint: (5024) Parameter "wParam" not used
/usr/lib/lazarus/3.0/lcl/interfaces/./gtk2/gtk2winapih.inc(36,90) Hint: (5024) Parameter "lParam" not used
/usr/lib/lazarus/3.0/lcl/interfaces/./gtk2/gtk2winapi.inc(215,31) Hint: (4055) Conversion between ordinals and pointers is not portable
/usr/lib/lazarus/3.0/lcl/interfaces/./gtk2/gtk2winapih.inc(37,30) Hint: (5024) Parameter "lpPrevWndFunc" not used
/usr/lib/lazarus/3.0/lcl/interfaces/./gtk2/gtk2winapi.inc(244,42) Hint: (4055) Conversion between ordinals and pointers is not portable
/usr/lib/lazarus/3.0/lcl/interfaces/./gtk2/gtk2winapih.inc(50,50) Hint: (5024) Parameter "AFormat" not used
/usr/lib/lazarus/3.0/lcl/interfaces/./gtk2/gtk2winapi.inc(778,25) Hint: (5058) Variable "Header" does not seem to be initialized
/usr/lib/lazarus/3.0/lcl/interfaces/./gtk2/gtk2winapi.inc(969,26) Hint: (4055) Conversion between ordinals and pointers is not portable
/usr/lib/lazarus/3.0/lcl/interfaces/./gtk2/gtk2winapi.inc(1054,52) Hint: (4055) Conversion between ordinals and pointers is not portable
/usr/lib/lazarus/3.0/lcl/interfaces/./gtk2/gtk2winapi.inc(1056,25) Hint: (4055) Conversion between ordinals and pointers is not portable
/usr/lib/lazarus/3.0/lcl/interfaces/./gtk2/gtk2winapi.inc(1059,51) Hint: (4055) Conversion between ordinals and pointers is not portable
/usr/lib/lazarus/3.0/lcl/interfaces/./gtk2/gtk2winapi.inc(1064,51) Hint: (4055) Conversion between ordinals and pointers is not portable
/usr/lib/lazarus/3.0/lcl/interfaces/./gtk2/gtk2winapi.inc(1071,58) Hint: (4055) Conversion between ordinals and pointers is not portable
/usr/lib/lazarus/3.0/lcl/interfaces/./gtk2/gtk2winapi.inc(1097,27) Hint: (4055) Conversion between ordinals and pointers is not portable
/usr/lib/lazarus/3.0/lcl/interfaces/./gtk2/gtk2winapi.inc(1121,21) Hint: (4055) Conversion between ordinals and pointers is not portable
/usr/lib/lazarus/3.0/lcl/interfaces/./gtk2/gtk2winapi.inc(1128,21) Hint: (4055) Conversion between ordinals and pointers is not portable
/usr/lib/lazarus/3.0/lcl/interfaces/./gtk2/gtk2winapi.inc(1205,26) Hint: (4055) Conversion between ordinals and pointers is not portable
/usr/lib/lazarus/3.0/lcl/interfaces/./gtk2/gtk2winapih.inc(58,34) Hint: (5024) Parameter "DC" not used
/usr/lib/lazarus/3.0/lcl/interfaces/./gtk2/gtk2winapi.inc(1255,29) Hint: (4055) Conversion between ordinals and pointers is not portable
/usr/lib/lazarus/3.0/lcl/interfaces/./gtk2/gtk2winapi.inc(1262,34) Hint: (4055) Conversion between ordinals and pointers is not portable
/usr/lib/lazarus/3.0/lcl/interfaces/./gtk2/gtk2winapi.inc(1264,47) Hint: (4055) Conversion between ordinals and pointers is not portable
/usr/lib/lazarus/3.0/lcl/interfaces/./gtk2/gtk2winapi.inc(1267,27) Hint: (4055) Conversion between ordinals and pointers is not portable
/usr/lib/lazarus/3.0/lcl/interfaces/./gtk2/gtk2winapi.inc(1268,29) Hint: (4055) Conversion between ordinals and pointers is not portable
/usr/lib/lazarus/3.0/lcl/interfaces/./gtk2/gtk2winapi.inc(1270,29) Hint: (4055) Conversion between ordinals and pointers is not portable
/usr/lib/lazarus/3.0/lcl/interfaces/./gtk2/gtk2winapi.inc(1320,24) Hint: (5091) Local variable "points" of a managed type does not seem to be initialized
/usr/lib/lazarus/3.0/lcl/interfaces/./gtk2/gtk2winapi.inc(1333,23) Hint: (4055) Conversion between ordinals and pointers is not portable
/usr/lib/lazarus/3.0/lcl/interfaces/./gtk2/gtk2winapi.inc(1581,30) Hint: (4055) Conversion between ordinals and pointers is not portable
/usr/lib/lazarus/3.0/lcl/interfaces/./gtk2/gtk2winapi.inc(1605,11) Hint: (4055) Conversion between ordinals and pointers is not portable
/usr/lib/lazarus/3.0/lcl/interfaces/./gtk2/gtk2winapi.inc(1607,36) Hint: (4055) Conversion between ordinals and pointers is not portable
/usr/lib/lazarus/3.0/lcl/interfaces/./gtk2/gtk2winapi.inc(1611,20) Hint: (4055) Conversion between ordinals and pointers is not portable
/usr/lib/lazarus/3.0/lcl/interfaces/./gtk2/gtk2winapi.inc(1633,26) Hint: (4055) Conversion between ordinals and pointers is not portable
/usr/lib/lazarus/3.0/lcl/interfaces/./gtk2/gtk2winapi.inc(1638,28) Hint: (4055) Conversion between ordinals and pointers is not portable
/usr/lib/lazarus/3.0/lcl/interfaces/./gtk2/gtk2winapi.inc(1686,27) Hint: (4055) Conversion between ordinals and pointers is not portable
/usr/lib/lazarus/3.0/lcl/interfaces/./gtk2/gtk2winapi.inc(1714,23) Hint: (4055) Conversion between ordinals and pointers is not portable
/usr/lib/lazarus/3.0/lcl/interfaces/./gtk2/gtk2winapi.inc(1757,23) Hint: (4055) Conversion between ordinals and pointers is not portable
/usr/lib/lazarus/3.0/lcl/interfaces/./gtk2/gtk2winapi.inc(1793,23) Hint: (4055) Conversion between ordinals and pointers is not portable
/usr/lib/lazarus/3.0/lcl/interfaces/./gtk2/gtk2winapi.inc(1834,16) Hint: (4055) Conversion between ordinals and pointers is not portable
/usr/lib/lazarus/3.0/lcl/interfaces/./gtk2/gtk2winapi.inc(1835,17) Hint: (4055) Conversion between ordinals and pointers is not portable
/usr/lib/lazarus/3.0/lcl/interfaces/./gtk2/gtk2winapi.inc(1836,17) Hint: (4055) Conversion between ordinals and pointers is not portable
/usr/lib/lazarus/3.0/lcl/interfaces/./gtk2/gtk2winapi.inc(1931,48) Hint: (4055) Conversion between ordinals and pointers is not portable
/usr/lib/lazarus/3.0/lcl/interfaces/./gtk2/gtk2winapi.inc(1938,35) Hint: (4055) Conversion between ordinals and pointers is not portable
/usr/lib/lazarus/3.0/lcl/interfaces/./gtk2/gtk2winapi.inc(1945,21) Hint: (4055) Conversion between ordinals and pointers is not portable
/usr/lib/lazarus/3.0/lcl/interfaces/./gtk2/gtk2winapi.inc(2256,27) Hint: (5057) Local variable "AValue" does not seem to be initialized
/usr/lib/lazarus/3.0/lcl/interfaces/./gtk2/gtk2winapi.inc(2505,57) Hint: (5057) Local variable "AP" does not seem to be initialized
/usr/lib/lazarus/3.0/lcl/interfaces/./gtk2/gtk2winapi.inc(2644,56) Hint: (5057) Local variable "Points" does not seem to be initialized
/usr/lib/lazarus/3.0/lcl/interfaces/./gtk2/gtk2winapi.inc(2678,19) Hint: (5057) Local variable "Points" does not seem to be initialized
/usr/lib/lazarus/3.0/lcl/interfaces/./gtk2/gtk2winapi.inc(2760,24) Hint: (5091) Local variable "AStr" of a managed type does not seem to be initialized
/usr/lib/lazarus/3.0/lcl/interfaces/./gtk2/gtk2winapi.inc(2772,31) Hint: (5057) Local variable "TM" does not seem to be initialized
/usr/lib/lazarus/3.0/lcl/interfaces/./gtk2/gtk2winapi.inc(2822,54) Hint: (5057) Local variable "Size" does not seem to be initialized
/usr/lib/lazarus/3.0/lcl/interfaces/./gtk2/gtk2winapi.inc(2719,77) Note: (6058) Call to subroutine "function UTF8CodepointSize(p:PChar):LongInt;" marked as inline is not inlined
/usr/lib/lazarus/3.0/lcl/interfaces/./gtk2/gtk2winapih.inc(81,31) Hint: (5024) Parameter "Wnd" not used
/usr/lib/lazarus/3.0/lcl/interfaces/./gtk2/gtk2winapih.inc(81,47) Hint: (5024) Parameter "wSBflags" not used
/usr/lib/lazarus/3.0/lcl/interfaces/./gtk2/gtk2winapih.inc(81,62) Hint: (5024) Parameter "wArrows" not used
/usr/lib/lazarus/3.0/lcl/interfaces/./gtk2/gtk2winapi.inc(2867,45) Hint: (4055) Conversion between ordinals and pointers is not portable
/usr/lib/lazarus/3.0/lcl/interfaces/./gtk2/gtk2winapi.inc(2868,35) Hint: (4055) Conversion between ordinals and pointers is not portable
/usr/lib/lazarus/3.0/lcl/interfaces/./gtk2/gtk2winapi.inc(2869,55) Hint: (4055) Conversion between ordinals and pointers is not portable
/usr/lib/lazarus/3.0/lcl/interfaces/./gtk2/gtk2winapi.inc(2890,49) Hint: (4055) Conversion between ordinals and pointers is not portable
/usr/lib/lazarus/3.0/lcl/interfaces/./gtk2/gtk2winapi.inc(2895,43) Hint: (4055) Conversion between ordinals and pointers is not portable
/usr/lib/lazarus/3.0/lcl/interfaces/./gtk2/gtk2winapi.inc(2901,18) Hint: (4055) Conversion between ordinals and pointers is not portable
/usr/lib/lazarus/3.0/lcl/interfaces/./gtk2/gtk2winapih.inc(85,35) Hint: (5024) Parameter "hdc" not used
/usr/lib/lazarus/3.0/lcl/interfaces/./gtk2/gtk2winapih.inc(85,50) Hint: (5024) Parameter "lprcClip" not used
/usr/lib/lazarus/3.0/lcl/interfaces/./gtk2/gtk2winapi.inc(3426,16) Hint: (5024) Parameter "AWritingSystem" not used
/usr/lib/lazarus/3.0/lcl/interfaces/./gtk2/gtk2winapi.inc(3494,14) Hint: (5024) Parameter "AMetric" not used
/usr/lib/lazarus/3.0/lcl/interfaces/./gtk2/gtk2winapi.inc(3494,50) Hint: (5024) Parameter "AFontType" not used
/usr/lib/lazarus/3.0/lcl/interfaces/./gtk2/gtk2winapih.inc(89,34) Hint: (5024) Parameter "DC" not used
/usr/lib/lazarus/3.0/lcl/interfaces/./gtk2/gtk2winapih.inc(89,111) Hint: (5024) Parameter "Flags" not used
/usr/lib/lazarus/3.0/lcl/interfaces/./gtk2/gtk2winapi.inc(3580,9) Note: (6058) Call to subroutine "function TFPGList<System.Byte>.Add(const Item:Byte):LongInt;" marked as inline is not inlined
/usr/lib/lazarus/3.0/lcl/interfaces/./gtk2/gtk2winapi.inc(3597,60) Note: (6058) Call to subroutine "function TFPGList<System.Byte>.Get(Index:LongInt):Byte;" marked as inline is not inlined
/usr/lib/lazarus/3.0/lcl/interfaces/./gtk2/gtk2winapi.inc(3608,60) Note: (6058) Call to subroutine "function TFPGList<System.Byte>.Get(Index:LongInt):Byte;" marked as inline is not inlined
/usr/lib/lazarus/3.0/lcl/interfaces/./gtk2/gtk2winapi.inc(3745,23) Hint: (4055) Conversion between ordinals and pointers is not portable
/usr/lib/lazarus/3.0/lcl/interfaces/./gtk2/gtk2winapi.inc(3796,39) Hint: (4055) Conversion between ordinals and pointers is not portable
/usr/lib/lazarus/3.0/lcl/interfaces/./gtk2/gtk2winapi.inc(3863,20) Note: (6058) Call to subroutine "function UTF8CodepointSize(p:PChar):LongInt;" marked as inline is not inlined
/usr/lib/lazarus/3.0/lcl/interfaces/./gtk2/gtk2winapi.inc(3992,12) Hint: (4055) Conversion between ordinals and pointers is not portable
/usr/lib/lazarus/3.0/lcl/interfaces/./gtk2/gtk2winapi.inc(4031,35) Hint: (4055) Conversion between ordinals and pointers is not portable
/usr/lib/lazarus/3.0/lcl/interfaces/./gtk2/gtk2winapi.inc(4035,30) Hint: (4055) Conversion between ordinals and pointers is not portable
/usr/lib/lazarus/3.0/lcl/interfaces/./gtk2/gtk2winapi.inc(4154,11) Hint: (4055) Conversion between ordinals and pointers is not portable
/usr/lib/lazarus/3.0/lcl/interfaces/./gtk2/gtk2winapi.inc(4204,31) Hint: (4055) Conversion between ordinals and pointers is not portable
/usr/lib/lazarus/3.0/lcl/interfaces/./gtk2/gtk2winapi.inc(4236,15) Hint: (4055) Conversion between ordinals and pointers is not portable
/usr/lib/lazarus/3.0/lcl/interfaces/./gtk2/gtk2winapi.inc(4261,15) Hint: (4055) Conversion between ordinals and pointers is not portable
/usr/lib/lazarus/3.0/lcl/interfaces/./gtk2/gtk2winapi.inc(4304,23) Hint: (4055) Conversion between ordinals and pointers is not portable
/usr/lib/lazarus/3.0/lcl/interfaces/./gtk2/gtk2winapi.inc(4336,46) Hint: (4055) Conversion between ordinals and pointers is not portable
/usr/lib/lazarus/3.0/lcl/interfaces/./gtk2/gtk2winapi.inc(4338,48) Hint: (4055) Conversion between ordinals and pointers is not portable
/usr/lib/lazarus/3.0/lcl/interfaces/./gtk2/gtk2winapih.inc(109,32) Hint: (5024) Parameter "DC" not used
/usr/lib/lazarus/3.0/lcl/interfaces/./gtk2/gtk2winapih.inc(109,46) Hint: (5024) Parameter "p2" not used
/usr/lib/lazarus/3.0/lcl/interfaces/./gtk2/gtk2winapih.inc(109,55) Hint: (5024) Parameter "p3" not used
/usr/lib/lazarus/3.0/lcl/interfaces/./gtk2/gtk2winapih.inc(109,76) Hint: (5024) Parameter "ABCStructs" not used
/usr/lib/lazarus/3.0/lcl/interfaces/./gtk2/gtk2winapi.inc(4380,18) Hint: (4055) Conversion between ordinals and pointers is not portable
/usr/lib/lazarus/3.0/lcl/interfaces/./gtk2/gtk2winapi.inc(4445,37) Hint: (4055) Conversion between ordinals and pointers is not portable
/usr/lib/lazarus/3.0/lcl/interfaces/./gtk2/gtk2winapi.inc(4537,31) Hint: (4055) Conversion between ordinals and pointers is not portable
/usr/lib/lazarus/3.0/lcl/interfaces/./gtk2/gtk2winapi.inc(4539,35) Hint: (4055) Conversion between ordinals and pointers is not portable
/usr/lib/lazarus/3.0/lcl/interfaces/./gtk2/gtk2winapi.inc(4588,39) Hint: (4055) Conversion between ordinals and pointers is not portable
/usr/lib/lazarus/3.0/lcl/interfaces/./gtk2/gtk2winapi.inc(4616,22) Hint: (4055) Conversion between ordinals and pointers is not portable
/usr/lib/lazarus/3.0/lcl/interfaces/./gtk2/gtk2winapi.inc(4617,31) Hint: (4055) Conversion between ordinals and pointers is not portable
/usr/lib/lazarus/3.0/lcl/interfaces/./gtk2/gtk2winapi.inc(4619,10) Hint: (4055) Conversion between ordinals and pointers is not portable
/usr/lib/lazarus/3.0/lcl/interfaces/./gtk2/gtk2winapi.inc(4681,32) Hint: (4055) Conversion between ordinals and pointers is not portable
/usr/lib/lazarus/3.0/lcl/interfaces/./gtk2/gtk2winapi.inc(4682,31) Hint: (4055) Conversion between ordinals and pointers is not portable
/usr/lib/lazarus/3.0/lcl/interfaces/./gtk2/gtk2winapi.inc(4683,30) Hint: (4055) Conversion between ordinals and pointers is not portable
/usr/lib/lazarus/3.0/lcl/interfaces/./gtk2/gtk2winapi.inc(4684,29) Hint: (4055) Conversion between ordinals and pointers is not portable
/usr/lib/lazarus/3.0/lcl/interfaces/./gtk2/gtk2winapi.inc(4712,34) Hint: (4055) Conversion between ordinals and pointers is not portable
/usr/lib/lazarus/3.0/lcl/interfaces/./gtk2/gtk2winapi.inc(4865,33) Hint: (4055) Conversion between ordinals and pointers is not portable
/usr/lib/lazarus/3.0/lcl/interfaces/./gtk2/gtk2winapi.inc(4867,20) Hint: (4055) Conversion between ordinals and pointers is not portable
/usr/lib/lazarus/3.0/lcl/interfaces/./gtk2/gtk2winapi.inc(4888,34) Hint: (4055) Conversion between ordinals and pointers is not portable
/usr/lib/lazarus/3.0/lcl/interfaces/./gtk2/gtk2winapi.inc(4934,33) Hint: (4055) Conversion between ordinals and pointers is not portable
/usr/lib/lazarus/3.0/lcl/interfaces/./gtk2/gtk2winapi.inc(5001,50) Hint: (4055) Conversion between ordinals and pointers is not portable
/usr/lib/lazarus/3.0/lcl/interfaces/./gtk2/gtk2winapi.inc(5010,52) Hint: (4055) Conversion between ordinals and pointers is not portable
/usr/lib/lazarus/3.0/lcl/interfaces/./gtk2/gtk2winapi.inc(5018,63) Hint: (4055) Conversion between ordinals and pointers is not portable
/usr/lib/lazarus/3.0/lcl/interfaces/./gtk2/gtk2winapi.inc(5107,32) Hint: (5057) Local variable "BitmapSection" does not seem to be initialized
/usr/lib/lazarus/3.0/lcl/interfaces/./gtk2/gtk2winapi.inc(5108,15) Hint: (4055) Conversion between ordinals and pointers is not portable
/usr/lib/lazarus/3.0/lcl/interfaces/./gtk2/gtk2winapi.inc(5363,30) Hint: (4055) Conversion between ordinals and pointers is not portable
/usr/lib/lazarus/3.0/lcl/interfaces/./gtk2/gtk2winapi.inc(5363,20) Hint: (4055) Conversion between ordinals and pointers is not portable
/usr/lib/lazarus/3.0/lcl/interfaces/./gtk2/gtk2winapi.inc(5377,36) Hint: (4055) Conversion between ordinals and pointers is not portable
/usr/lib/lazarus/3.0/lcl/interfaces/./gtk2/gtk2winapi.inc(5390,16) Hint: (4055) Conversion between ordinals and pointers is not portable
/usr/lib/lazarus/3.0/lcl/interfaces/./gtk2/gtk2winapi.inc(5418,16) Hint: (4055) Conversion between ordinals and pointers is not portable
/usr/lib/lazarus/3.0/lcl/interfaces/./gtk2/gtk2winapi.inc(5451,36) Hint: (4055) Conversion between ordinals and pointers is not portable
/usr/lib/lazarus/3.0/lcl/interfaces/./gtk2/gtk2winapi.inc(5457,20) Hint: (4055) Conversion between ordinals and pointers is not portable
/usr/lib/lazarus/3.0/lcl/interfaces/./gtk2/gtk2winapi.inc(5603,42) Hint: (4055) Conversion between ordinals and pointers is not portable
/usr/lib/lazarus/3.0/lcl/interfaces/./gtk2/gtk2winapi.inc(5756,31) Hint: (5057) Local variable "AValue" does not seem to be initialized
/usr/lib/lazarus/3.0/lcl/interfaces/./gtk2/gtk2winapi.inc(6191,63) Hint: (4055) Conversion between ordinals and pointers is not portable
/usr/lib/lazarus/3.0/lcl/interfaces/./gtk2/gtk2winapi.inc(6191,27) Hint: (4055) Conversion between ordinals and pointers is not portable
/usr/lib/lazarus/3.0/lcl/interfaces/./gtk2/gtk2winapi.inc(6201,42) Hint: (4055) Conversion between ordinals and pointers is not portable
/usr/lib/lazarus/3.0/lcl/interfaces/./gtk2/gtk2winapi.inc(6234,42) Hint: (4055) Conversion between ordinals and pointers is not portable
/usr/lib/lazarus/3.0/lcl/interfaces/./gtk2/gtk2winapi.inc(6242,42) Hint: (4055) Conversion between ordinals and pointers is not portable
/usr/lib/lazarus/3.0/lcl/interfaces/./gtk2/gtk2winapi.inc(6302,18) Hint: (4055) Conversion between ordinals and pointers is not portable
/usr/lib/lazarus/3.0/lcl/interfaces/./gtk2/gtk2winapi.inc(6357,19) Hint: (4055) Conversion between ordinals and pointers is not portable
/usr/lib/lazarus/3.0/lcl/interfaces/./gtk2/gtk2winapi.inc(6376,24) Hint: (4055) Conversion between ordinals and pointers is not portable
/usr/lib/lazarus/3.0/lcl/interfaces/./gtk2/gtk2winapi.inc(6378,23) Hint: (4055) Conversion between ordinals and pointers is not portable
/usr/lib/lazarus/3.0/lcl/interfaces/./gtk2/gtk2winapi.inc(6379,24) Hint: (4055) Conversion between ordinals and pointers is not portable
/usr/lib/lazarus/3.0/lcl/interfaces/./gtk2/gtk2winapi.inc(6397,21) Hint: (4055) Conversion between ordinals and pointers is not portable
/usr/lib/lazarus/3.0/lcl/interfaces/./gtk2/gtk2winapi.inc(6436,16) Hint: (4055) Conversion between ordinals and pointers is not portable
/usr/lib/lazarus/3.0/lcl/interfaces/./gtk2/gtk2winapi.inc(6571,31) Hint: (4055) Conversion between ordinals and pointers is not portable
/usr/lib/lazarus/3.0/lcl/interfaces/./gtk2/gtk2winapi.inc(6585,16) Hint: (4055) Conversion between ordinals and pointers is not portable
/usr/lib/lazarus/3.0/lcl/interfaces/./gtk2/gtk2winapi.inc(6588,32) Hint: (4055) Conversion between ordinals and pointers is not portable
/usr/lib/lazarus/3.0/lcl/interfaces/./gtk2/gtk2winapi.inc(6614,55) Hint: (4055) Conversion between ordinals and pointers is not portable
/usr/lib/lazarus/3.0/lcl/interfaces/./gtk2/gtk2winapi.inc(6699,27) Hint: (4055) Conversion between ordinals and pointers is not portable
/usr/lib/lazarus/3.0/lcl/interfaces/./gtk2/gtk2winapi.inc(6709,24) Hint: (4055) Conversion between ordinals and pointers is not portable
/usr/lib/lazarus/3.0/lcl/interfaces/./gtk2/gtk2winapi.inc(6703,53) Hint: (5024) Parameter "Event" not used
/usr/lib/lazarus/3.0/lcl/interfaces/./gtk2/gtk2winapi.inc(6735,32) Hint: (4055) Conversion between ordinals and pointers is not portable
/usr/lib/lazarus/3.0/lcl/interfaces/./gtk2/gtk2winapih.inc(167,26) Hint: (5024) Parameter "hWnd" not used
/usr/lib/lazarus/3.0/lcl/interfaces/./gtk2/gtk2winapi.inc(6829,18) Hint: (4055) Conversion between ordinals and pointers is not portable
/usr/lib/lazarus/3.0/lcl/interfaces/./gtk2/gtk2winapih.inc(173,45) Hint: (5024) Parameter "Handle" not used
/usr/lib/lazarus/3.0/lcl/interfaces/./gtk2/gtk2winapih.inc(173,65) Hint: (5024) Parameter "wMsgFilterMin" not used
/usr/lib/lazarus/3.0/lcl/interfaces/./gtk2/gtk2winapih.inc(173,85) Hint: (5024) Parameter "wMsgFilterMax" not used
/usr/lib/lazarus/3.0/lcl/interfaces/./gtk2/gtk2winapi.inc(6944,27) Hint: (5091) Local variable "ThePoints" of a managed type does not seem to be initialized
/usr/lib/lazarus/3.0/lcl/interfaces/./gtk2/gtk2winapi.inc(6993,45) Hint: (4055) Conversion between ordinals and pointers is not portable
/usr/lib/lazarus/3.0/lcl/interfaces/./gtk2/gtk2winapi.inc(7082,40) Hint: (4055) Conversion between ordinals and pointers is not portable
/usr/lib/lazarus/3.0/lcl/interfaces/./gtk2/gtk2winapi.inc(7225,12) Hint: (4055) Conversion between ordinals and pointers is not portable
/usr/lib/lazarus/3.0/lcl/interfaces/./gtk2/gtk2winapi.inc(7226,11) Hint: (4055) Conversion between ordinals and pointers is not portable
/usr/lib/lazarus/3.0/lcl/interfaces/./gtk2/gtk2winapi.inc(7227,11) Hint: (4055) Conversion between ordinals and pointers is not portable
/usr/lib/lazarus/3.0/lcl/interfaces/./gtk2/gtk2winapi.inc(7232,40) Hint: (4055) Conversion between ordinals and pointers is not portable
/usr/lib/lazarus/3.0/lcl/interfaces/./gtk2/gtk2winapi.inc(7355,37) Hint: (4055) Conversion between ordinals and pointers is not portable
/usr/lib/lazarus/3.0/lcl/interfaces/./gtk2/gtk2winapi.inc(7391,42) Hint: (4055) Conversion between ordinals and pointers is not portable
/usr/lib/lazarus/3.0/lcl/interfaces/./gtk2/gtk2winapi.inc(7398,30) Hint: (4055) Conversion between ordinals and pointers is not portable
/usr/lib/lazarus/3.0/lcl/interfaces/./gtk2/gtk2winapi.inc(7400,38) Hint: (4055) Conversion between ordinals and pointers is not portable
/usr/lib/lazarus/3.0/lcl/interfaces/./gtk2/gtk2winapi.inc(7417,38) Hint: (4055) Conversion between ordinals and pointers is not portable
/usr/lib/lazarus/3.0/lcl/interfaces/./gtk2/gtk2winapi.inc(7433,38) Hint: (4055) Conversion between ordinals and pointers is not portable
/usr/lib/lazarus/3.0/lcl/interfaces/./gtk2/gtk2winapi.inc(7434,26) Hint: (4055) Conversion between ordinals and pointers is not portable
/usr/lib/lazarus/3.0/lcl/interfaces/./gtk2/gtk2winapi.inc(7447,26) Hint: (4055) Conversion between ordinals and pointers is not portable
/usr/lib/lazarus/3.0/lcl/interfaces/./gtk2/gtk2winapi.inc(7447,68) Hint: (4055) Conversion between ordinals and pointers is not portable
/usr/lib/lazarus/3.0/lcl/interfaces/./gtk2/gtk2winapi.inc(7451,50) Hint: (4055) Conversion between ordinals and pointers is not portable
/usr/lib/lazarus/3.0/lcl/interfaces/./gtk2/gtk2winapi.inc(7454,40) Hint: (4055) Conversion between ordinals and pointers is not portable
/usr/lib/lazarus/3.0/lcl/interfaces/./gtk2/gtk2winapi.inc(7459,48) Hint: (4055) Conversion between ordinals and pointers is not portable
/usr/lib/lazarus/3.0/lcl/interfaces/./gtk2/gtk2winapi.inc(7491,38) Hint: (4055) Conversion between ordinals and pointers is not portable
/usr/lib/lazarus/3.0/lcl/interfaces/./gtk2/gtk2winapi.inc(7517,37) Hint: (4055) Conversion between ordinals and pointers is not portable
/usr/lib/lazarus/3.0/lcl/interfaces/./gtk2/gtk2winapih.inc(188,25) Hint: (5024) Parameter "hWnd" not used
/usr/lib/lazarus/3.0/lcl/interfaces/./gtk2/gtk2winapi.inc(7558,26) Hint: (4055) Conversion between ordinals and pointers is not portable
/usr/lib/lazarus/3.0/lcl/interfaces/./gtk2/gtk2winapi.inc(7651,35) Hint: (4055) Conversion between ordinals and pointers is not portable
/usr/lib/lazarus/3.0/lcl/interfaces/./gtk2/gtk2winapi.inc(7653,22) Hint: (4055) Conversion between ordinals and pointers is not portable
/usr/lib/lazarus/3.0/lcl/interfaces/./gtk2/gtk2winapi.inc(7727,18) Hint: (4055) Conversion between ordinals and pointers is not portable
/usr/lib/lazarus/3.0/lcl/interfaces/./gtk2/gtk2winapih.inc(195,86) Hint: (5024) Parameter "hrgnUpdate" not used
/usr/lib/lazarus/3.0/lcl/interfaces/./gtk2/gtk2winapi.inc(7927,33) Hint: (4055) Conversion between ordinals and pointers is not portable
/usr/lib/lazarus/3.0/lcl/interfaces/./gtk2/gtk2winapi.inc(7938,31) Hint: (4055) Conversion between ordinals and pointers is not portable
/usr/lib/lazarus/3.0/lcl/interfaces/./gtk2/gtk2winapi.inc(7977,88) Hint: (4055) Conversion between ordinals and pointers is not portable
/usr/lib/lazarus/3.0/lcl/interfaces/./gtk2/gtk2winapih.inc(198,29) Hint: (5024) Parameter "DC" not used
/usr/lib/lazarus/3.0/lcl/interfaces/./gtk2/gtk2winapih.inc(198,43) Hint: (5024) Parameter "Palette" not used
/usr/lib/lazarus/3.0/lcl/interfaces/./gtk2/gtk2winapih.inc(198,67) Hint: (5024) Parameter "ForceBackground" not used
/usr/lib/lazarus/3.0/lcl/interfaces/./gtk2/gtk2winapi.inc(8081,38) Hint: (5024) Parameter "TargetObject" not used
/usr/lib/lazarus/3.0/lcl/interfaces/./gtk2/gtk2winapi.inc(8147,38) Hint: (5024) Parameter "TargetObject" not used
/usr/lib/lazarus/3.0/lcl/interfaces/./gtk2/gtk2winapi.inc(8173,31) Hint: (4055) Conversion between ordinals and pointers is not portable
/usr/lib/lazarus/3.0/lcl/interfaces/./gtk2/gtk2winapi.inc(8199,42) Hint: (4055) Conversion between ordinals and pointers is not portable
/usr/lib/lazarus/3.0/lcl/interfaces/./gtk2/gtk2winapi.inc(8201,32) Hint: (4055) Conversion between ordinals and pointers is not portable
/usr/lib/lazarus/3.0/lcl/interfaces/./gtk2/gtk2winapi.inc(8202,31) Hint: (4055) Conversion between ordinals and pointers is not portable
/usr/lib/lazarus/3.0/lcl/interfaces/./gtk2/gtk2winapi.inc(8261,18) Hint: (4055) Conversion between ordinals and pointers is not portable
/usr/lib/lazarus/3.0/lcl/interfaces/./gtk2/gtk2winapi.inc(8342,27) Hint: (4055) Conversion between ordinals and pointers is not portable
/usr/lib/lazarus/3.0/lcl/interfaces/./gtk2/gtk2winapi.inc(8355,23) Hint: (4055) Conversion between ordinals and pointers is not portable
/usr/lib/lazarus/3.0/lcl/interfaces/./gtk2/gtk2winapi.inc(8356,30) Hint: (4055) Conversion between ordinals and pointers is not portable
/usr/lib/lazarus/3.0/lcl/interfaces/./gtk2/gtk2winapi.inc(8369,21) Hint: (4055) Conversion between ordinals and pointers is not portable
/usr/lib/lazarus/3.0/lcl/interfaces/./gtk2/gtk2winapi.inc(8395,41) Hint: (4055) Conversion between ordinals and pointers is not portable
/usr/lib/lazarus/3.0/lcl/interfaces/./gtk2/gtk2winapi.inc(8397,48) Hint: (4055) Conversion between ordinals and pointers is not portable
/usr/lib/lazarus/3.0/lcl/interfaces/./gtk2/gtk2winapi.inc(8488,16) Hint: (4055) Conversion between ordinals and pointers is not portable
/usr/lib/lazarus/3.0/lcl/interfaces/./gtk2/gtk2winapi.inc(8630,31) Hint: (4055) Conversion between ordinals and pointers is not portable
/usr/lib/lazarus/3.0/lcl/interfaces/./gtk2/gtk2winapi.inc(8633,40) Hint: (4055) Conversion between ordinals and pointers is not portable
/usr/lib/lazarus/3.0/lcl/interfaces/./gtk2/gtk2winapi.inc(8641,46) Hint: (4055) Conversion between ordinals and pointers is not portable
/usr/lib/lazarus/3.0/lcl/interfaces/./gtk2/gtk2winapi.inc(8665,31) Hint: (4055) Conversion between ordinals and pointers is not portable
/usr/lib/lazarus/3.0/lcl/interfaces/./gtk2/gtk2winapi.inc(8691,25) Hint: (4055) Conversion between ordinals and pointers is not portable
/usr/lib/lazarus/3.0/lcl/interfaces/./gtk2/gtk2winapi.inc(8693,36) Hint: (4055) Conversion between ordinals and pointers is not portable
/usr/lib/lazarus/3.0/lcl/interfaces/./gtk2/gtk2winapi.inc(8702,25) Hint: (4055) Conversion between ordinals and pointers is not portable
/usr/lib/lazarus/3.0/lcl/interfaces/./gtk2/gtk2winapi.inc(8703,30) Hint: (4055) Conversion between ordinals and pointers is not portable
/usr/lib/lazarus/3.0/lcl/interfaces/./gtk2/gtk2winapi.inc(8704,33) Hint: (4055) Conversion between ordinals and pointers is not portable
/usr/lib/lazarus/3.0/lcl/interfaces/./gtk2/gtk2winapi.inc(8704,61) Hint: (4055) Conversion between ordinals and pointers is not portable
/usr/lib/lazarus/3.0/lcl/interfaces/./gtk2/gtk2winapi.inc(8706,32) Hint: (4055) Conversion between ordinals and pointers is not portable
/usr/lib/lazarus/3.0/lcl/interfaces/./gtk2/gtk2winapi.inc(8709,32) Hint: (4055) Conversion between ordinals and pointers is not portable
/usr/lib/lazarus/3.0/lcl/interfaces/./gtk2/gtk2winapi.inc(8712,33) Hint: (4055) Conversion between ordinals and pointers is not portable
/usr/lib/lazarus/3.0/lcl/interfaces/./gtk2/gtk2winapi.inc(8712,61) Hint: (4055) Conversion between ordinals and pointers is not portable
/usr/lib/lazarus/3.0/lcl/interfaces/./gtk2/gtk2winapi.inc(8712,103) Hint: (4055) Conversion between ordinals and pointers is not portable
/usr/lib/lazarus/3.0/lcl/interfaces/./gtk2/gtk2winapi.inc(8713,29) Hint: (4055) Conversion between ordinals and pointers is not portable
/usr/lib/lazarus/3.0/lcl/interfaces/./gtk2/gtk2winapi.inc(8716,32) Hint: (4055) Conversion between ordinals and pointers is not portable
/usr/lib/lazarus/3.0/lcl/interfaces/./gtk2/gtk2winapi.inc(8716,60) Hint: (4055) Conversion between ordinals and pointers is not portable
/usr/lib/lazarus/3.0/lcl/interfaces/./gtk2/gtk2winapi.inc(8719,27) Hint: (4055) Conversion between ordinals and pointers is not portable
/usr/lib/lazarus/3.0/lcl/interfaces/./gtk2/gtk2winapi.inc(8728,26) Hint: (4055) Conversion between ordinals and pointers is not portable
/usr/lib/lazarus/3.0/lcl/interfaces/./gtk2/gtk2winapi.inc(8859,36) Hint: (4055) Conversion between ordinals and pointers is not portable
/usr/lib/lazarus/3.0/lcl/interfaces/./gtk2/gtk2winapi.inc(8865,20) Hint: (4055) Conversion between ordinals and pointers is not portable
/usr/lib/lazarus/3.0/lcl/interfaces/./gtk2/gtk2winapi.inc(8871,35) Hint: (4055) Conversion between ordinals and pointers is not portable
/usr/lib/lazarus/3.0/lcl/interfaces/./gtk2/gtk2winapih.inc(218,37) Hint: (5024) Parameter "DC" not used
/usr/lib/lazarus/3.0/lcl/interfaces/./gtk2/gtk2winapih.inc(218,52) Hint: (5024) Parameter "nCharExtra" not used
/usr/lib/lazarus/3.0/lcl/interfaces/./gtk2/gtk2winapi.inc(9197,16) Hint: (4055) Conversion between ordinals and pointers is not portable
/usr/lib/lazarus/3.0/lcl/interfaces/./gtk2/gtk2winapi.inc(9202,42) Hint: (4055) Conversion between ordinals and pointers is not portable
/usr/lib/lazarus/3.0/lcl/interfaces/./gtk2/gtk2winapi.inc(9208,32) Hint: (4055) Conversion between ordinals and pointers is not portable
/usr/lib/lazarus/3.0/lcl/interfaces/./gtk2/gtk2winapi.inc(9212,32) Hint: (4055) Conversion between ordinals and pointers is not portable
/usr/lib/lazarus/3.0/lcl/interfaces/./gtk2/gtk2winapi.inc(9216,42) Hint: (4055) Conversion between ordinals and pointers is not portable
/usr/lib/lazarus/3.0/lcl/interfaces/./gtk2/gtk2winapi.inc(9222,42) Hint: (4055) Conversion between ordinals and pointers is not portable
/usr/lib/lazarus/3.0/lcl/interfaces/./gtk2/gtk2winapi.inc(9228,32) Hint: (4055) Conversion between ordinals and pointers is not portable
/usr/lib/lazarus/3.0/lcl/interfaces/./gtk2/gtk2winapi.inc(9232,32) Hint: (4055) Conversion between ordinals and pointers is not portable
/usr/lib/lazarus/3.0/lcl/interfaces/./gtk2/gtk2winapi.inc(9302,25) Hint: (4055) Conversion between ordinals and pointers is not portable
/usr/lib/lazarus/3.0/lcl/interfaces/./gtk2/gtk2winapi.inc(9341,42) Hint: (5024) Parameter "Widget" not used
/usr/lib/lazarus/3.0/lcl/interfaces/./gtk2/gtk2winapi.inc(9341,55) Hint: (5024) Parameter "LayoutWidget" not used
/usr/lib/lazarus/3.0/lcl/interfaces/./gtk2/gtk2winapi.inc(9352,16) Hint: (4055) Conversion between ordinals and pointers is not portable
/usr/lib/lazarus/3.0/lcl/interfaces/./gtk2/gtk2winapi.inc(9434,34) Hint: (4055) Conversion between ordinals and pointers is not portable
/usr/lib/lazarus/3.0/lcl/interfaces/./gtk2/gtk2winapi.inc(9437,20) Hint: (4055) Conversion between ordinals and pointers is not portable
/usr/lib/lazarus/3.0/lcl/interfaces/./gtk2/gtk2winapi.inc(9441,35) Hint: (4055) Conversion between ordinals and pointers is not portable
/usr/lib/lazarus/3.0/lcl/interfaces/./gtk2/gtk2winapi.inc(9443,22) Hint: (4055) Conversion between ordinals and pointers is not portable
/usr/lib/lazarus/3.0/lcl/interfaces/./gtk2/gtk2winapi.inc(9456,25) Hint: (4055) Conversion between ordinals and pointers is not portable
/usr/lib/lazarus/3.0/lcl/interfaces/./gtk2/gtk2winapi.inc(9474,21) Hint: (4055) Conversion between ordinals and pointers is not portable
/usr/lib/lazarus/3.0/lcl/interfaces/./gtk2/gtk2winapi.inc(9507,47) Hint: (4055) Conversion between ordinals and pointers is not portable
/usr/lib/lazarus/3.0/lcl/interfaces/./gtk2/gtk2winapi.inc(9513,20) Hint: (4055) Conversion between ordinals and pointers is not portable
/usr/lib/lazarus/3.0/lcl/interfaces/./gtk2/gtk2winapi.inc(9537,42) Hint: (4055) Conversion between ordinals and pointers is not portable
/usr/lib/lazarus/3.0/lcl/interfaces/./gtk2/gtk2winapi.inc(9562,18) Hint: (4055) Conversion between ordinals and pointers is not portable
/usr/lib/lazarus/3.0/lcl/interfaces/./gtk2/gtk2winapi.inc(9568,23) Hint: (4055) Conversion between ordinals and pointers is not portable
/usr/lib/lazarus/3.0/lcl/interfaces/./gtk2/gtk2winapih.inc(233,53) Hint: (5024) Parameter "uiParam" not used
/usr/lib/lazarus/3.0/lcl/interfaces/./gtk2/gtk2winapih.inc(233,92) Hint: (5024) Parameter "fWinIni" not used
/usr/lib/lazarus/3.0/lcl/interfaces/./gtk2/gtk2winapi.inc(9806,19) Hint: (4055) Conversion between ordinals and pointers is not portable
/usr/lib/lazarus/3.0/lcl/interfaces/./gtk2/gtk2winapi.inc(9834,56) Hint: (4055) Conversion between ordinals and pointers is not portable
/usr/lib/lazarus/3.0/lcl/interfaces/./gtk2/gtk2winapi.inc(9835,29) Hint: (4055) Conversion between ordinals and pointers is not portable
/usr/lib/lazarus/3.0/lcl/interfaces/./gtk2/gtk2winapi.inc(9836,34) Hint: (4055) Conversion between ordinals and pointers is not portable
/usr/lib/lazarus/3.0/lcl/interfaces/./gtk2/gtk2winapi.inc(9849,21) Hint: (5057) Local variable "ev" does not seem to be initialized
/usr/lib/lazarus/3.0/lcl/interfaces/./gtk2/gtk2winapi.inc(9852,20) Hint: (4055) Conversion between ordinals and pointers is not portable
/usr/lib/lazarus/3.0/lcl/interfaces/./gtk2/gtk2winapi.inc(9861,26) Hint: (4055) Conversion between ordinals and pointers is not portable
/usr/lib/lazarus/3.0/lcl/interfaces/./gtk2/gtk2winapi.inc(9866,25) Hint: (4055) Conversion between ordinals and pointers is not portable
/usr/lib/lazarus/3.0/lcl/interfaces/./gtk2/gtk2winapi.inc(9868,47) Hint: (4055) Conversion between ordinals and pointers is not portable
/usr/lib/lazarus/3.0/lcl/interfaces/./gtk2/gtk2winapi.inc(9880,36) Hint: (4055) Conversion between ordinals and pointers is not portable
/usr/lib/lazarus/3.0/lcl/interfaces/./gtk2/gtk2winapi.inc(9881,40) Hint: (4055) Conversion between ordinals and pointers is not portable
/usr/lib/lazarus/3.0/lcl/interfaces/./gtk2/gtk2winapi.inc(9890,27) Hint: (4055) Conversion between ordinals and pointers is not portable
/usr/lib/lazarus/3.0/lcl/interfaces/./gtk2/gtk2winapi.inc(9948,21) Hint: (4055) Conversion between ordinals and pointers is not portable
/usr/lib/lazarus/3.0/lcl/interfaces/./gtk2/gtk2winapi.inc(9977,18) Hint: (4055) Conversion between ordinals and pointers is not portable
/usr/lib/lazarus/3.0/lcl/interfaces/./gtk2/gtk2winapi.inc(9990,18) Hint: (4055) Conversion between ordinals and pointers is not portable
/usr/lib/lazarus/3.0/lcl/interfaces/./gtk2/gtk2winapi.inc(10003,18) Hint: (4055) Conversion between ordinals and pointers is not portable
/usr/lib/lazarus/3.0/lcl/interfaces/./gtk2/gtk2lclintf.inc(43,18) Hint: (4055) Conversion between ordinals and pointers is not portable
/usr/lib/lazarus/3.0/lcl/interfaces/./gtk2/gtk2lclintf.inc(44,36) Hint: (4055) Conversion between ordinals and pointers is not portable
/usr/lib/lazarus/3.0/lcl/interfaces/./gtk2/gtk2lclintf.inc(50,31) Hint: (4055) Conversion between ordinals and pointers is not portable
/usr/lib/lazarus/3.0/lcl/interfaces/./gtk2/gtk2lclintf.inc(54,11) Hint: (4055) Conversion between ordinals and pointers is not portable
/usr/lib/lazarus/3.0/lcl/interfaces/./gtk2/gtk2lclintf.inc(55,41) Hint: (4055) Conversion between ordinals and pointers is not portable
/usr/lib/lazarus/3.0/lcl/interfaces/./gtk2/gtk2lclintf.inc(62,30) Hint: (4055) Conversion between ordinals and pointers is not portable
/usr/lib/lazarus/3.0/lcl/interfaces/./gtk2/gtk2lclintf.inc(63,15) Hint: (4055) Conversion between ordinals and pointers is not portable
/usr/lib/lazarus/3.0/lcl/interfaces/./gtk2/gtk2lclintf.inc(64,43) Hint: (4055) Conversion between ordinals and pointers is not portable
/usr/lib/lazarus/3.0/lcl/interfaces/./gtk2/gtk2lclintf.inc(65,49) Hint: (4055) Conversion between ordinals and pointers is not portable
/usr/lib/lazarus/3.0/lcl/interfaces/./gtk2/gtk2lclintf.inc(78,27) Hint: (4055) Conversion between ordinals and pointers is not portable
/usr/lib/lazarus/3.0/lcl/interfaces/./gtk2/gtk2lclintfh.inc(38,37) Hint: (5024) Parameter "AOldRect" not used
/usr/lib/lazarus/3.0/lcl/interfaces/./gtk2/gtk2lclintf.inc(200,40) Hint: (4055) Conversion between ordinals and pointers is not portable
/usr/lib/lazarus/3.0/lcl/interfaces/./gtk2/gtk2lclintf.inc(853,38) Hint: (4055) Conversion between ordinals and pointers is not portable
/usr/lib/lazarus/3.0/lcl/interfaces/./gtk2/gtk2lclintf.inc(866,24) Hint: (4055) Conversion between ordinals and pointers is not portable
/usr/lib/lazarus/3.0/lcl/interfaces/./gtk2/gtk2lclintf.inc(858,56) Hint: (5024) Parameter "Event" not used
/usr/lib/lazarus/3.0/lcl/interfaces/./gtk2/gtk2lclintf.inc(876,27) Hint: (4055) Conversion between ordinals and pointers is not portable
/usr/lib/lazarus/3.0/lcl/interfaces/./gtk2/gtk2lclintf.inc(953,27) Hint: (4055) Conversion between ordinals and pointers is not portable
/usr/lib/lazarus/3.0/lcl/interfaces/./gtk2/gtk2lclintf.inc(1086,68) Hint: (4055) Conversion between ordinals and pointers is not portable
/usr/lib/lazarus/3.0/lcl/interfaces/./gtk2/gtk2lclintf.inc(1090,16) Hint: (4055) Conversion between ordinals and pointers is not portable
/usr/lib/lazarus/3.0/lcl/interfaces/./gtk2/gtk2lclintf.inc(1102,20) Hint: (4055) Conversion between ordinals and pointers is not portable
/usr/lib/lazarus/3.0/lcl/interfaces/./gtk2/gtk2lclintf.inc(1131,61) Hint: (4055) Conversion between ordinals and pointers is not portable
/usr/lib/lazarus/3.0/lcl/interfaces/./gtk2/gtk2lclintf.inc(1263,16) Hint: (4055) Conversion between ordinals and pointers is not portable
/usr/lib/lazarus/3.0/lcl/interfaces/./gtk2/gtk2lclintf.inc(1273,18) Hint: (4055) Conversion between ordinals and pointers is not portable
/usr/lib/lazarus/3.0/lcl/interfaces/./gtk2/gtk2lclintf.inc(1300,59) Hint: (4055) Conversion between ordinals and pointers is not portable
/usr/lib/lazarus/3.0/lcl/interfaces/./gtk2/gtk2lclintf.inc(1318,27) Hint: (4055) Conversion between ordinals and pointers is not portable
/usr/lib/lazarus/3.0/lcl/interfaces/./gtk2/gtk2lclintf.inc(1332,37) Hint: (5024) Parameter "source" not used
/usr/lib/lazarus/3.0/lcl/interfaces/./gtk2/gtk2lclintf.inc(1402,33) Hint: (4055) Conversion between ordinals and pointers is not portable
/usr/lib/lazarus/3.0/lcl/interfaces/./gtk2/gtk2lclintf.inc(1424,28) Hint: (4055) Conversion between ordinals and pointers is not portable
/usr/lib/lazarus/3.0/lcl/interfaces/./gtk2/gtk2int.pas(755,38) Hint: (4055) Conversion between ordinals and pointers is not portable
/usr/lib/lazarus/3.0/lcl/interfaces/./gtk2/gtk2int.pas(797,36) Hint: (4055) Conversion between ordinals and pointers is not portable
/usr/lib/lazarus/3.0/lcl/interfaces/./gtk2/gtk2int.pas(899,47) Hint: (4055) Conversion between ordinals and pointers is not portable
/usr/lib/lazarus/3.0/lcl/interfaces/./gtk2/gtk2listsl.inc(93,20) Hint: (5057) Local variable "Msg" does not seem to be initialized
/usr/lib/lazarus/3.0/lcl/interfaces/./gtk2/gtk2listsl.inc(101,27) Hint: (4055) Conversion between ordinals and pointers is not portable
/usr/lib/lazarus/3.0/lcl/interfaces/./gtk2/gtk2listsl.inc(106,25) Hint: (4055) Conversion between ordinals and pointers is not portable
/usr/lib/lazarus/3.0/lcl/interfaces/./gtk2/gtk2listsl.inc(43,58) Hint: (5024) Parameter "area" not used
/usr/lib/lazarus/3.0/lcl/interfaces/./gtk2/gtk2listsl.inc(154,24) Hint: (4055) Conversion between ordinals and pointers is not portable
/usr/lib/lazarus/3.0/lcl/interfaces/./gtk2/gtk2listsl.inc(221,24) Hint: (4055) Conversion between ordinals and pointers is not portable
/usr/lib/lazarus/3.0/lcl/interfaces/./gtk2/gtk2listsl.inc(554,23) Hint: (4055) Conversion between ordinals and pointers is not portable
/usr/lib/lazarus/3.0/lcl/interfaces/./gtk2/gtk2listsl.inc(562,25) Hint: (4055) Conversion between ordinals and pointers is not portable
/usr/lib/lazarus/3.0/lcl/interfaces/./gtk2/gtk2listsl.inc(603,11) Note: (6058) Call to subroutine "function AnsiCompareText(const S1:AnsiString;const S2:AnsiString):LongInt;" marked as inline is not inlined
/usr/lib/lazarus/3.0/lcl/interfaces/./gtk2/gtk2listsl.inc(783,33) Hint: (4055) Conversion between ordinals and pointers is not portable
/usr/lib/lazarus/3.0/lcl/interfaces/./gtk2/gtk2listsl.inc(852,12) Note: (6058) Call to subroutine "function AnsiCompareText(const S1:AnsiString;const S2:AnsiString):LongInt;" marked as inline is not inlined
/usr/lib/lazarus/3.0/lcl/interfaces/./gtk2/gtk2listsl.inc(957,47) Hint: (4055) Conversion between ordinals and pointers is not portable
/usr/lib/lazarus/3.0/lcl/interfaces/./gtk2/gtk2listsl.inc(995,12) Note: (6058) Call to subroutine "function AnsiCompareText(const S1:AnsiString;const S2:AnsiString):LongInt;" marked as inline is not inlined
/usr/lib/lazarus/3.0/lcl/interfaces/./gtk2/gtk2listsl.inc(1003,21) Note: (6058) Call to subroutine "function AnsiCompareText(const S1:AnsiString;const S2:AnsiString):LongInt;" marked as inline is not inlined
/usr/lib/lazarus/3.0/lcl/interfaces/./gtk2/gtk2int.pas(394,8) Hint: (5023) Unit "Gtk2WSFactory" not used in Gtk2Int
/usr/lib/lazarus/3.0/lcl/interfaces/./gtk2/gtk2int.pas(404,8) Hint: (5023) Unit "Gtk2Debug" not used in Gtk2Int
/usr/lib/lazarus/3.0/lcl/interfaces/./gtk2/gtk2proc.inc(435,24) Hint: (4055) Conversion between ordinals and pointers is not portable
/usr/lib/lazarus/3.0/lcl/interfaces/./gtk2/gtk2proc.inc(636,39) Hint: (4055) Conversion between ordinals and pointers is not portable
/usr/lib/lazarus/3.0/lcl/interfaces/./gtk2/gtk2proc.inc(662,24) Hint: (4055) Conversion between ordinals and pointers is not portable
/usr/lib/lazarus/3.0/lcl/interfaces/./gtk2/gtk2proc.inc(667,47) Hint: (4055) Conversion between ordinals and pointers is not portable
/usr/lib/lazarus/3.0/lcl/interfaces/./gtk2/gtk2proc.inc(683,18) Hint: (4055) Conversion between ordinals and pointers is not portable
/usr/lib/lazarus/3.0/lcl/interfaces/./gtk2/gtk2proc.inc(714,32) Hint: (4055) Conversion between ordinals and pointers is not portable
/usr/lib/lazarus/3.0/lcl/interfaces/./gtk2/gtk2proc.inc(716,34) Hint: (4055) Conversion between ordinals and pointers is not portable
/usr/lib/lazarus/3.0/lcl/interfaces/./gtk2/gtk2proc.pp(366,40) Hint: (5024) Parameter "AForm" not used
/usr/lib/lazarus/3.0/lcl/interfaces/./gtk2/gtk2proc.pp(368,37) Hint: (5024) Parameter "AForm" not used
/usr/lib/lazarus/3.0/lcl/interfaces/./gtk2/gtk2proc.inc(792,16) Hint: (4055) Conversion between ordinals and pointers is not portable
/usr/lib/lazarus/3.0/lcl/interfaces/./gtk2/gtk2proc.inc(822,23) Hint: (5060) Function result variable does not seem to be initialized
/usr/lib/lazarus/3.0/lcl/interfaces/./gtk2/gtk2proc.inc(832,40) Hint: (4055) Conversion between ordinals and pointers is not portable
/usr/lib/lazarus/3.0/lcl/interfaces/./gtk2/gtk2proc.inc(848,18) Hint: (4055) Conversion between ordinals and pointers is not portable
/usr/lib/lazarus/3.0/lcl/interfaces/./gtk2/gtk2proc.inc(853,29) Hint: (4055) Conversion between ordinals and pointers is not portable
/usr/lib/lazarus/3.0/lcl/interfaces/./gtk2/gtk2proc.inc(878,18) Hint: (4055) Conversion between ordinals and pointers is not portable
/usr/lib/lazarus/3.0/lcl/interfaces/./gtk2/gtk2proc.inc(883,29) Hint: (4055) Conversion between ordinals and pointers is not portable
/usr/lib/lazarus/3.0/lcl/interfaces/./gtk2/gtk2proc.pp(623,34) Hint: (5024) Parameter "AScaleGC" not used
/usr/lib/lazarus/3.0/lcl/interfaces/./gtk2/gtk2proc.inc(1176,28) Hint: (4055) Conversion between ordinals and pointers is not portable
/usr/lib/lazarus/3.0/lcl/interfaces/./gtk2/gtk2proc.inc(1190,22) Hint: (4055) Conversion between ordinals and pointers is not portable
/usr/lib/lazarus/3.0/lcl/interfaces/./gtk2/gtk2proc.inc(1330,32) Hint: (5057) Local variable "SourceRect" does not seem to be initialized
/usr/lib/lazarus/3.0/lcl/interfaces/./gtk2/gtk2proc.inc(1361,17) Hint: (4055) Conversion between ordinals and pointers is not portable
/usr/lib/lazarus/3.0/lcl/interfaces/./gtk2/gtk2proc.pp(388,30) Hint: (5024) Parameter "DC" not used
/usr/lib/lazarus/3.0/lcl/interfaces/./gtk2/gtk2proc.inc(1725,16) Hint: (4055) Conversion between ordinals and pointers is not portable
/usr/lib/lazarus/3.0/lcl/interfaces/./gtk2/gtk2proc.inc(1730,16) Hint: (4055) Conversion between ordinals and pointers is not portable
/usr/lib/lazarus/3.0/lcl/interfaces/./gtk2/gtk2proc.inc(1738,54) Hint: (4055) Conversion between ordinals and pointers is not portable
/usr/lib/lazarus/3.0/lcl/interfaces/./gtk2/gtk2proc.inc(1748,52) Hint: (4055) Conversion between ordinals and pointers is not portable
/usr/lib/lazarus/3.0/lcl/interfaces/./gtk2/gtk2proc.inc(1757,46) Hint: (4055) Conversion between ordinals and pointers is not portable
/usr/lib/lazarus/3.0/lcl/interfaces/./gtk2/gtk2proc.inc(1762,44) Hint: (4055) Conversion between ordinals and pointers is not portable
/usr/lib/lazarus/3.0/lcl/interfaces/./gtk2/gtk2proc.inc(2048,42) Hint: (4055) Conversion between ordinals and pointers is not portable
/usr/lib/lazarus/3.0/lcl/interfaces/./gtk2/gtk2proc.inc(2295,54) Hint: (5057) Local variable "EventString" does not seem to be initialized
/usr/lib/lazarus/3.0/lcl/interfaces/./gtk2/gtk2proc.inc(3356,39) Hint: (5057) Local variable "ModMap" does not seem to be initialized
/usr/lib/lazarus/3.0/lcl/interfaces/./gtk2/gtk2proc.inc(3384,27) Hint: (5091) Local variable "KeySyms" of a managed type does not seem to be initialized
/usr/lib/lazarus/3.0/lcl/interfaces/./gtk2/gtk2proc.inc(3470,32) Hint: (5057) Local variable "KeySymChars" does not seem to be initialized
/usr/lib/lazarus/3.0/lcl/interfaces/./gtk2/gtk2proc.inc(3613,19) Hint: (4055) Conversion between ordinals and pointers is not portable
/usr/lib/lazarus/3.0/lcl/interfaces/./gtk2/gtk2proc.inc(3637,19) Hint: (4055) Conversion between ordinals and pointers is not portable
/usr/lib/lazarus/3.0/lcl/interfaces/./gtk2/gtk2proc.inc(3820,18) Hint: (4055) Conversion between ordinals and pointers is not portable
/usr/lib/lazarus/3.0/lcl/interfaces/./gtk2/gtk2proc.inc(4010,18) Hint: (4055) Conversion between ordinals and pointers is not portable
/usr/lib/lazarus/3.0/lcl/interfaces/./gtk2/gtk2proc.inc(4153,27) Hint: (4055) Conversion between ordinals and pointers is not portable
/usr/lib/lazarus/3.0/lcl/interfaces/./gtk2/gtk2proc.inc(4235,17) Hint: (4055) Conversion between ordinals and pointers is not portable
/usr/lib/lazarus/3.0/lcl/interfaces/./gtk2/gtk2proc.inc(4237,27) Hint: (5057) Local variable "Mess" does not seem to be initialized
/usr/lib/lazarus/3.0/lcl/interfaces/./gtk2/gtk2proc.inc(4276,26) Hint: (4055) Conversion between ordinals and pointers is not portable
/usr/lib/lazarus/3.0/lcl/interfaces/./gtk2/gtk2proc.inc(4470,24) Hint: (4055) Conversion between ordinals and pointers is not portable
/usr/lib/lazarus/3.0/lcl/interfaces/./gtk2/gtk2proc.inc(4471,20) Hint: (4055) Conversion between ordinals and pointers is not portable
/usr/lib/lazarus/3.0/lcl/interfaces/./gtk2/gtk2proc.inc(4510,24) Hint: (4055) Conversion between ordinals and pointers is not portable
/usr/lib/lazarus/3.0/lcl/interfaces/./gtk2/gtk2proc.inc(4511,20) Hint: (4055) Conversion between ordinals and pointers is not portable
/usr/lib/lazarus/3.0/lcl/interfaces/./gtk2/gtk2proc.inc(4835,29) Hint: (4055) Conversion between ordinals and pointers is not portable
/usr/lib/lazarus/3.0/lcl/interfaces/./gtk2/gtk2proc.inc(4838,50) Hint: (4055) Conversion between ordinals and pointers is not portable
/usr/lib/lazarus/3.0/lcl/interfaces/./gtk2/gtk2proc.inc(4840,36) Hint: (4055) Conversion between ordinals and pointers is not portable
/usr/lib/lazarus/3.0/lcl/interfaces/./gtk2/gtk2proc.inc(5008,34) Hint: (4055) Conversion between ordinals and pointers is not portable
/usr/lib/lazarus/3.0/lcl/interfaces/./gtk2/gtk2proc.inc(5014,59) Hint: (4055) Conversion between ordinals and pointers is not portable
/usr/lib/lazarus/3.0/lcl/interfaces/./gtk2/gtk2proc.inc(5024,64) Hint: (5024) Parameter "ASignal" not used
/usr/lib/lazarus/3.0/lcl/interfaces/./gtk2/gtk2proc.inc(5026,14) Hint: (5024) Parameter "ASFlags" not used
/usr/lib/lazarus/3.0/lcl/interfaces/./gtk2/gtk2proc.inc(5337,21) Hint: (4055) Conversion between ordinals and pointers is not portable
/usr/lib/lazarus/3.0/lcl/interfaces/./gtk2/gtk2proc.inc(5383,21) Hint: (4055) Conversion between ordinals and pointers is not portable
/usr/lib/lazarus/3.0/lcl/interfaces/./gtk2/gtk2proc.inc(5421,36) Hint: (4055) Conversion between ordinals and pointers is not portable
/usr/lib/lazarus/3.0/lcl/interfaces/./gtk2/gtk2proc.inc(5848,35) Hint: (4055) Conversion between ordinals and pointers is not portable
/usr/lib/lazarus/3.0/lcl/interfaces/./gtk2/gtk2proc.inc(5850,33) Hint: (4055) Conversion between ordinals and pointers is not portable
/usr/lib/lazarus/3.0/lcl/interfaces/./gtk2/gtk2proc.inc(5935,41) Hint: (4055) Conversion between ordinals and pointers is not portable
/usr/lib/lazarus/3.0/lcl/interfaces/./gtk2/gtk2proc.inc(5937,39) Hint: (4055) Conversion between ordinals and pointers is not portable
/usr/lib/lazarus/3.0/lcl/interfaces/./gtk2/gtk2proc.inc(6007,26) Hint: (4055) Conversion between ordinals and pointers is not portable
/usr/lib/lazarus/3.0/lcl/interfaces/./gtk2/gtk2proc.pp(647,36) Hint: (5024) Parameter "StatusBar" not used
/usr/lib/lazarus/3.0/lcl/interfaces/./gtk2/gtk2proc.pp(647,61) Hint: (5024) Parameter "Index" not used
/usr/lib/lazarus/3.0/lcl/interfaces/./gtk2/gtk2proc.inc(6214,20) Hint: (5057) Local variable "Msg" does not seem to be initialized
/usr/lib/lazarus/3.0/lcl/interfaces/./gtk2/gtk2proc.inc(6215,19) Hint: (5057) Local variable "PS" does not seem to be initialized
/usr/lib/lazarus/3.0/lcl/interfaces/./gtk2/gtk2proc.inc(6216,27) Hint: (5057) Local variable "ItemStruct" does not seem to be initialized
/usr/lib/lazarus/3.0/lcl/interfaces/./gtk2/gtk2proc.inc(6238,47) Hint: (4055) Conversion between ordinals and pointers is not portable
/usr/lib/lazarus/3.0/lcl/interfaces/./gtk2/gtk2proc.inc(6247,27) Hint: (4055) Conversion between ordinals and pointers is not portable
/usr/lib/lazarus/3.0/lcl/interfaces/./gtk2/gtk2proc.inc(6529,18) Hint: (4055) Conversion between ordinals and pointers is not portable
/usr/lib/lazarus/3.0/lcl/interfaces/./gtk2/gtk2proc.pp(663,54) Hint: (5024) Parameter "WithThemeSpace" not used
/usr/lib/lazarus/3.0/lcl/interfaces/./gtk2/gtk2proc.inc(6589,18) Hint: (4055) Conversion between ordinals and pointers is not portable
/usr/lib/lazarus/3.0/lcl/interfaces/./gtk2/gtk2proc.inc(6677,20) Hint: (4055) Conversion between ordinals and pointers is not portable
/usr/lib/lazarus/3.0/lcl/interfaces/./gtk2/gtk2proc.inc(6935,18) Hint: (4055) Conversion between ordinals and pointers is not portable
/usr/lib/lazarus/3.0/lcl/interfaces/./gtk2/gtk2proc.inc(6993,16) Hint: (4055) Conversion between ordinals and pointers is not portable
/usr/lib/lazarus/3.0/lcl/interfaces/./gtk2/gtk2proc.inc(7003,28) Hint: (4055) Conversion between ordinals and pointers is not portable
/usr/lib/lazarus/3.0/lcl/interfaces/./gtk2/gtk2proc.inc(7005,28) Hint: (4055) Conversion between ordinals and pointers is not portable
/usr/lib/lazarus/3.0/lcl/interfaces/./gtk2/gtk2proc.inc(7300,25) Hint: (5060) Function result variable does not seem to be initialized
/usr/lib/lazarus/3.0/lcl/interfaces/./gtk2/gtk2proc.inc(7608,23) Hint: (5060) Function result variable does not seem to be initialized
/usr/lib/lazarus/3.0/lcl/interfaces/./gtk2/gtk2proc.pp(688,34) Hint: (5024) Parameter "AForm" not used
/usr/lib/lazarus/3.0/lcl/interfaces/./gtk2/gtk2proc.inc(7896,61) Hint: (5024) Parameter "PreviousStyle" not used
/usr/lib/lazarus/3.0/lcl/interfaces/./gtk2/gtk2proc.inc(8256,32) Hint: (5057) Local variable "Requisition" does not seem to be initialized
/usr/lib/lazarus/3.0/lcl/interfaces/./gtk2/gtk2proc.inc(8460,23) Hint: (5060) Function result variable does not seem to be initialized
/usr/lib/lazarus/3.0/lcl/interfaces/./gtk2/gtk2proc.pp(402,48) Hint: (5024) Parameter "ThemeWidget" not used
/usr/lib/lazarus/3.0/lcl/interfaces/./gtk2/gtk2proc.inc(9017,20) Hint: (4055) Conversion between ordinals and pointers is not portable
/usr/lib/lazarus/3.0/lcl/interfaces/./gtk2/gtk2proc.inc(9284,23) Hint: (5060) Function result variable does not seem to be initialized
/usr/lib/lazarus/3.0/lcl/interfaces/./gtk2/gtk2callback.inc(30,38) Hint: (4055) Conversion between ordinals and pointers is not portable
/usr/lib/lazarus/3.0/lcl/interfaces/./gtk2/gtk2proc.pp(92,33) Hint: (5024) Parameter "TheMessage" not used
/usr/lib/lazarus/3.0/lcl/interfaces/./gtk2/gtk2proc.pp(92,58) Hint: (5024) Parameter "data" not used
/usr/lib/lazarus/3.0/lcl/interfaces/./gtk2/gtk2proc.pp(93,42) Hint: (5024) Parameter "Widget" not used
/usr/lib/lazarus/3.0/lcl/interfaces/./gtk2/gtk2callback.inc(145,25) Hint: (5024) Parameter "xevent" not used
/usr/lib/lazarus/3.0/lcl/interfaces/./gtk2/gtk2callback.inc(145,50) Hint: (5024) Parameter "event" not used
/usr/lib/lazarus/3.0/lcl/interfaces/./gtk2/gtk2callback.inc(145,73) Hint: (5024) Parameter "data" not used
/usr/lib/lazarus/3.0/lcl/interfaces/./gtk2/gtk2callback.inc(279,41) Note: (6058) Call to subroutine "function TWSLCLComponent.WSPrivate:Class Of TWSPrivate;" marked as inline is not inlined
/usr/lib/lazarus/3.0/lcl/interfaces/./gtk2/gtk2callback.inc(300,21) Hint: (5057) Local variable "Mess" does not seem to be initialized
/usr/lib/lazarus/3.0/lcl/interfaces/./gtk2/gtk2proc.pp(97,26) Hint: (5024) Parameter "widget" not used
/usr/lib/lazarus/3.0/lcl/interfaces/./gtk2/gtk2callback.inc(316,21) Hint: (5057) Local variable "Mess" does not seem to be initialized
/usr/lib/lazarus/3.0/lcl/interfaces/./gtk2/gtk2proc.pp(98,26) Hint: (5024) Parameter "widget" not used
/usr/lib/lazarus/3.0/lcl/interfaces/./gtk2/gtk2callback.inc(335,21) Hint: (5057) Local variable "Mess" does not seem to be initialized
/usr/lib/lazarus/3.0/lcl/interfaces/./gtk2/gtk2callback.inc(343,36) Hint: (4055) Conversion between ordinals and pointers is not portable
/usr/lib/lazarus/3.0/lcl/interfaces/./gtk2/gtk2callback.inc(391,21) Hint: (5057) Local variable "Mess" does not seem to be initialized
/usr/lib/lazarus/3.0/lcl/interfaces/./gtk2/gtk2callback.inc(433,10) Hint: (4055) Conversion between ordinals and pointers is not portable
/usr/lib/lazarus/3.0/lcl/interfaces/./gtk2/gtk2proc.pp(102,44) Hint: (5024) Parameter "data" not used
/usr/lib/lazarus/3.0/lcl/interfaces/./gtk2/gtk2callback.inc(458,26) Hint: (4055) Conversion between ordinals and pointers is not portable
/usr/lib/lazarus/3.0/lcl/interfaces/./gtk2/gtk2proc.pp(104,8) Hint: (5024) Parameter "ANewTextLength" not used
/usr/lib/lazarus/3.0/lcl/interfaces/./gtk2/gtk2proc.pp(104,35) Hint: (5024) Parameter "APosition" not used
/usr/lib/lazarus/3.0/lcl/interfaces/./gtk2/gtk2callback.inc(508,21) Hint: (5057) Local variable "Mess" does not seem to be initialized
/usr/lib/lazarus/3.0/lcl/interfaces/./gtk2/gtk2proc.pp(106,41) Hint: (5024) Parameter "widget" not used
/usr/lib/lazarus/3.0/lcl/interfaces/./gtk2/gtk2proc.pp(107,8) Hint: (5024) Parameter "AType" not used
/usr/lib/lazarus/3.0/lcl/interfaces/./gtk2/gtk2proc.pp(107,36) Hint: (5024) Parameter "APos" not used
/usr/lib/lazarus/3.0/lcl/interfaces/./gtk2/gtk2proc.pp(107,53) Hint: (5024) Parameter "data" not used
/usr/lib/lazarus/3.0/lcl/interfaces/./gtk2/gtk2callback.inc(713,21) Hint: (5057) Local variable "Mess" does not seem to be initialized
/usr/lib/lazarus/3.0/lcl/interfaces/./gtk2/gtk2callback.inc(736,38) Hint: (4055) Conversion between ordinals and pointers is not portable
/usr/lib/lazarus/3.0/lcl/interfaces/./gtk2/gtk2proc.pp(116,56) Hint: (5024) Parameter "Event" not used
/usr/lib/lazarus/3.0/lcl/interfaces/./gtk2/gtk2callback.inc(775,23) Hint: (5057) Local variable "Mess" does not seem to be initialized
/usr/lib/lazarus/3.0/lcl/interfaces/./gtk2/gtk2proc.pp(118,58) Hint: (5024) Parameter "Event" not used
/usr/lib/lazarus/3.0/lcl/interfaces/./gtk2/gtk2callback.inc(829,36) Hint: (4055) Conversion between ordinals and pointers is not portable
/usr/lib/lazarus/3.0/lcl/interfaces/./gtk2/gtk2callback.inc(830,34) Hint: (4055) Conversion between ordinals and pointers is not portable
/usr/lib/lazarus/3.0/lcl/interfaces/./gtk2/gtk2callback.inc(833,32) Hint: (4055) Conversion between ordinals and pointers is not portable
/usr/lib/lazarus/3.0/lcl/interfaces/./gtk2/gtk2callback.inc(951,21) Hint: (5057) Local variable "Mess" does not seem to be initialized
/usr/lib/lazarus/3.0/lcl/interfaces/./gtk2/gtk2proc.pp(130,46) Hint: (5024) Parameter "event" not used
/usr/lib/lazarus/3.0/lcl/interfaces/./gtk2/gtk2proc.pp(132,30) Hint: (5024) Parameter "widget" not used
/usr/lib/lazarus/3.0/lcl/interfaces/./gtk2/gtk2proc.pp(132,55) Hint: (5024) Parameter "event" not used
/usr/lib/lazarus/3.0/lcl/interfaces/./gtk2/gtk2proc.pp(133,30) Hint: (5024) Parameter "data" not used
/usr/lib/lazarus/3.0/lcl/interfaces/./gtk2/gtk2callback.inc(1045,23) Hint: (5057) Local variable "Mess" does not seem to be initialized
/usr/lib/lazarus/3.0/lcl/interfaces/./gtk2/gtk2proc.pp(134,55) Hint: (5024) Parameter "event" not used
/usr/lib/lazarus/3.0/lcl/interfaces/./gtk2/gtk2callback.inc(1204,40) Hint: (4055) Conversion between ordinals and pointers is not portable
/usr/lib/lazarus/3.0/lcl/interfaces/./gtk2/gtk2callback.inc(1245,14) Hint: (4055) Conversion between ordinals and pointers is not portable
/usr/lib/lazarus/3.0/lcl/interfaces/./gtk2/gtk2callback.inc(1253,21) Hint: (5057) Local variable "Mess" does not seem to be initialized
/usr/lib/lazarus/3.0/lcl/interfaces/./gtk2/gtk2callback.inc(1265,11) Hint: (4055) Conversion between ordinals and pointers is not portable
/usr/lib/lazarus/3.0/lcl/interfaces/./gtk2/gtk2proc.pp(137,61) Hint: (5024) Parameter "data" not used
/usr/lib/lazarus/3.0/lcl/interfaces/./gtk2/gtk2callback.inc(1274,21) Hint: (5057) Local variable "Mess" does not seem to be initialized
/usr/lib/lazarus/3.0/lcl/interfaces/./gtk2/gtk2proc.pp(138,27) Hint: (5024) Parameter "widget" not used
/usr/lib/lazarus/3.0/lcl/interfaces/./gtk2/gtk2proc.pp(138,52) Hint: (5024) Parameter "event" not used
/usr/lib/lazarus/3.0/lcl/interfaces/./gtk2/gtk2proc.pp(140,27) Hint: (5024) Parameter "widget" not used
/usr/lib/lazarus/3.0/lcl/interfaces/./gtk2/gtk2proc.pp(140,52) Hint: (5024) Parameter "data" not used
/usr/lib/lazarus/3.0/lcl/interfaces/./gtk2/gtk2callback.inc(1302,21) Hint: (5057) Local variable "Mess" does not seem to be initialized
/usr/lib/lazarus/3.0/lcl/interfaces/./gtk2/gtk2proc.pp(141,31) Hint: (5024) Parameter "Widget" not used
/usr/lib/lazarus/3.0/lcl/interfaces/./gtk2/gtk2callback.inc(1339,31) Hint: (4055) Conversion between ordinals and pointers is not portable
/usr/lib/lazarus/3.0/lcl/interfaces/./gtk2/gtk2callback.inc(1345,37) Hint: (4055) Conversion between ordinals and pointers is not portable
/usr/lib/lazarus/3.0/lcl/interfaces/./gtk2/gtk2callback.inc(1346,34) Hint: (4055) Conversion between ordinals and pointers is not portable
/usr/lib/lazarus/3.0/lcl/interfaces/./gtk2/gtk2callback.inc(1369,27) Hint: (4055) Conversion between ordinals and pointers is not portable
/usr/lib/lazarus/3.0/lcl/interfaces/./gtk2/gtk2callback.inc(1371,29) Hint: (4055) Conversion between ordinals and pointers is not portable
/usr/lib/lazarus/3.0/lcl/interfaces/./gtk2/gtk2callback.inc(1373,30) Hint: (4055) Conversion between ordinals and pointers is not portable
/usr/lib/lazarus/3.0/lcl/interfaces/./gtk2/gtk2callback.inc(1420,22) Hint: (4055) Conversion between ordinals and pointers is not portable
/usr/lib/lazarus/3.0/lcl/interfaces/./gtk2/gtk2callback.inc(1444,34) Hint: (4055) Conversion between ordinals and pointers is not portable
/usr/lib/lazarus/3.0/lcl/interfaces/./gtk2/gtk2callback.inc(1588,22) Hint: (4055) Conversion between ordinals and pointers is not portable
/usr/lib/lazarus/3.0/lcl/interfaces/./gtk2/gtk2callback.inc(1589,48) Hint: (4055) Conversion between ordinals and pointers is not portable
/usr/lib/lazarus/3.0/lcl/interfaces/./gtk2/gtk2callback.inc(1651,86) Hint: (4055) Conversion between ordinals and pointers is not portable
/usr/lib/lazarus/3.0/lcl/interfaces/./gtk2/gtk2callback.inc(1654,96) Hint: (4055) Conversion between ordinals and pointers is not portable
/usr/lib/lazarus/3.0/lcl/interfaces/./gtk2/gtk2callback.inc(1605,38) Hint: (5024) Parameter "ACtl" not used
/usr/lib/lazarus/3.0/lcl/interfaces/./gtk2/gtk2callback.inc(1693,20) Hint: (4055) Conversion between ordinals and pointers is not portable
/usr/lib/lazarus/3.0/lcl/interfaces/./gtk2/gtk2callback.inc(1720,32) Hint: (4055) Conversion between ordinals and pointers is not portable
/usr/lib/lazarus/3.0/lcl/interfaces/./gtk2/gtk2callback.inc(1676,8) Hint: (5024) Parameter "AWidget" not used
/usr/lib/lazarus/3.0/lcl/interfaces/./gtk2/gtk2proc.pp(153,42) Hint: (5024) Parameter "widget" not used
/usr/lib/lazarus/3.0/lcl/interfaces/./gtk2/gtk2proc.pp(153,67) Hint: (5024) Parameter "event" not used
/usr/lib/lazarus/3.0/lcl/interfaces/./gtk2/gtk2proc.pp(154,8) Hint: (5024) Parameter "data" not used
/usr/lib/lazarus/3.0/lcl/interfaces/./gtk2/gtk2proc.pp(156,44) Hint: (5024) Parameter "widget" not used
/usr/lib/lazarus/3.0/lcl/interfaces/./gtk2/gtk2proc.pp(156,69) Hint: (5024) Parameter "event" not used
/usr/lib/lazarus/3.0/lcl/interfaces/./gtk2/gtk2proc.pp(157,8) Hint: (5024) Parameter "data" not used
/usr/lib/lazarus/3.0/lcl/interfaces/./gtk2/gtk2callback.inc(1973,46) Hint: (4055) Conversion between ordinals and pointers is not portable
/usr/lib/lazarus/3.0/lcl/interfaces/./gtk2/gtk2callback.inc(1999,31) Hint: (4055) Conversion between ordinals and pointers is not portable
/usr/lib/lazarus/3.0/lcl/interfaces/./gtk2/gtk2callback.inc(2014,50) Hint: (4055) Conversion between ordinals and pointers is not portable
/usr/lib/lazarus/3.0/lcl/interfaces/./gtk2/gtk2callback.inc(2015,34) Hint: (4055) Conversion between ordinals and pointers is not portable
/usr/lib/lazarus/3.0/lcl/interfaces/./gtk2/gtk2callback.inc(2107,28) Hint: (4055) Conversion between ordinals and pointers is not portable
/usr/lib/lazarus/3.0/lcl/interfaces/./gtk2/gtk2callback.inc(2110,30) Hint: (4055) Conversion between ordinals and pointers is not portable
/usr/lib/lazarus/3.0/lcl/interfaces/./gtk2/gtk2callback.inc(2135,24) Hint: (5057) Local variable "Msg" does not seem to be initialized
/usr/lib/lazarus/3.0/lcl/interfaces/./gtk2/gtk2callback.inc(2137,24) Hint: (4055) Conversion between ordinals and pointers is not portable
/usr/lib/lazarus/3.0/lcl/interfaces/./gtk2/gtk2callback.inc(2191,4) Note: (2025) User defined: ControlGetsMouseUpBefore always return true. See if still necessary
/usr/lib/lazarus/3.0/lcl/interfaces/./gtk2/gtk2proc.pp(164,40) Hint: (5024) Parameter "AControl" not used
/usr/lib/lazarus/3.0/lcl/interfaces/./gtk2/gtk2callback.inc(2213,46) Hint: (4055) Conversion between ordinals and pointers is not portable
/usr/lib/lazarus/3.0/lcl/interfaces/./gtk2/gtk2callback.inc(2221,31) Hint: (4055) Conversion between ordinals and pointers is not portable
/usr/lib/lazarus/3.0/lcl/interfaces/./gtk2/gtk2callback.inc(2227,37) Hint: (4055) Conversion between ordinals and pointers is not portable
/usr/lib/lazarus/3.0/lcl/interfaces/./gtk2/gtk2callback.inc(2228,34) Hint: (4055) Conversion between ordinals and pointers is not portable
/usr/lib/lazarus/3.0/lcl/interfaces/./gtk2/gtk2callback.inc(2279,35) Hint: (4055) Conversion between ordinals and pointers is not portable
/usr/lib/lazarus/3.0/lcl/interfaces/./gtk2/gtk2callback.inc(2281,36) Hint: (4055) Conversion between ordinals and pointers is not portable
/usr/lib/lazarus/3.0/lcl/interfaces/./gtk2/gtk2callback.inc(2397,4) Note: (2025) User defined: See if is necessary to stop emission. Return true is enough to avoid propagation
/usr/lib/lazarus/3.0/lcl/interfaces/./gtk2/gtk2callback.inc(2420,31) Hint: (4055) Conversion between ordinals and pointers is not portable
/usr/lib/lazarus/3.0/lcl/interfaces/./gtk2/gtk2callback.inc(2426,48) Hint: (4055) Conversion between ordinals and pointers is not portable
/usr/lib/lazarus/3.0/lcl/interfaces/./gtk2/gtk2callback.inc(2427,34) Hint: (4055) Conversion between ordinals and pointers is not portable
/usr/lib/lazarus/3.0/lcl/interfaces/./gtk2/gtk2callback.inc(2431,22) Hint: (5057) Local variable "MessE" does not seem to be initialized
/usr/lib/lazarus/3.0/lcl/interfaces/./gtk2/gtk2proc.pp(175,54) Hint: (5024) Parameter "size" not used
/usr/lib/lazarus/3.0/lcl/interfaces/./gtk2/gtk2callback.inc(2571,22) Hint: (4055) Conversion between ordinals and pointers is not portable
/usr/lib/lazarus/3.0/lcl/interfaces/./gtk2/gtk2proc.pp(177,39) Hint: (5024) Parameter "widget" not used
/usr/lib/lazarus/3.0/lcl/interfaces/./gtk2/gtk2proc.pp(177,64) Hint: (5024) Parameter "size" not used
/usr/lib/lazarus/3.0/lcl/interfaces/./gtk2/gtk2callback.inc(2598,27) Hint: (5057) Local variable "Allocation" does not seem to be initialized
/usr/lib/lazarus/3.0/lcl/interfaces/./gtk2/gtk2proc.pp(183,31) Hint: (5024) Parameter "widget" not used
/usr/lib/lazarus/3.0/lcl/interfaces/./gtk2/gtk2proc.pp(184,28) Hint: (5024) Parameter "widget" not used
/usr/lib/lazarus/3.0/lcl/interfaces/./gtk2/gtk2proc.pp(185,28) Hint: (5024) Parameter "widget" not used
/usr/lib/lazarus/3.0/lcl/interfaces/./gtk2/gtk2proc.pp(186,29) Hint: (5024) Parameter "widget" not used
/usr/lib/lazarus/3.0/lcl/interfaces/./gtk2/gtk2proc.pp(187,32) Hint: (5024) Parameter "widget" not used
/usr/lib/lazarus/3.0/lcl/interfaces/./gtk2/gtk2proc.pp(188,28) Hint: (5024) Parameter "widget" not used
/usr/lib/lazarus/3.0/lcl/interfaces/./gtk2/gtk2proc.pp(189,28) Hint: (5024) Parameter "widget" not used
/usr/lib/lazarus/3.0/lcl/interfaces/./gtk2/gtk2proc.pp(190,28) Hint: (5024) Parameter "widget" not used
/usr/lib/lazarus/3.0/lcl/interfaces/./gtk2/gtk2proc.pp(191,29) Hint: (5024) Parameter "widget" not used
/usr/lib/lazarus/3.0/lcl/interfaces/./gtk2/gtk2proc.pp(192,30) Hint: (5024) Parameter "widget" not used
/usr/lib/lazarus/3.0/lcl/interfaces/./gtk2/gtk2proc.pp(193,33) Hint: (5024) Parameter "widget" not used
/usr/lib/lazarus/3.0/lcl/interfaces/./gtk2/gtk2proc.pp(194,31) Hint: (5024) Parameter "widget" not used
/usr/lib/lazarus/3.0/lcl/interfaces/./gtk2/gtk2proc.pp(196,55) Hint: (5024) Parameter "event" not used
/usr/lib/lazarus/3.0/lcl/interfaces/./gtk2/gtk2proc.pp(198,56) Hint: (5024) Parameter "event" not used
/usr/lib/lazarus/3.0/lcl/interfaces/./gtk2/gtk2callback.inc(2976,30) Hint: (4055) Conversion between ordinals and pointers is not portable
/usr/lib/lazarus/3.0/lcl/interfaces/./gtk2/gtk2callback.inc(3006,30) Hint: (4055) Conversion between ordinals and pointers is not portable
/usr/lib/lazarus/3.0/lcl/interfaces/./gtk2/gtk2callback.inc(3053,28) Hint: (4055) Conversion between ordinals and pointers is not portable
/usr/lib/lazarus/3.0/lcl/interfaces/./gtk2/gtk2callback.inc(3109,28) Hint: (4055) Conversion between ordinals and pointers is not portable
/usr/lib/lazarus/3.0/lcl/interfaces/./gtk2/gtk2proc.pp(210,8) Hint: (5024) Parameter "Event" not used
/usr/lib/lazarus/3.0/lcl/interfaces/./gtk2/gtk2proc.pp(210,37) Hint: (5024) Parameter "Data" not used
/usr/lib/lazarus/3.0/lcl/interfaces/./gtk2/gtk2proc.pp(212,8) Hint: (5024) Parameter "Event" not used
/usr/lib/lazarus/3.0/lcl/interfaces/./gtk2/gtk2proc.pp(212,37) Hint: (5024) Parameter "Data" not used
/usr/lib/lazarus/3.0/lcl/interfaces/./gtk2/gtk2callback.inc(3174,22) Hint: (5057) Local variable "Msg" does not seem to be initialized
/usr/lib/lazarus/3.0/lcl/interfaces/./gtk2/gtk2callback.inc(3185,21) Hint: (4055) Conversion between ordinals and pointers is not portable
/usr/lib/lazarus/3.0/lcl/interfaces/./gtk2/gtk2callback.inc(3190,73) Warning: (4056) Conversion between ordinals and pointers is not portable
/usr/lib/lazarus/3.0/lcl/interfaces/./gtk2/gtk2callback.inc(3193,30) Hint: (4055) Conversion between ordinals and pointers is not portable
/usr/lib/lazarus/3.0/lcl/interfaces/./gtk2/gtk2callback.inc(3245,28) Hint: (4055) Conversion between ordinals and pointers is not portable
/usr/lib/lazarus/3.0/lcl/interfaces/./gtk2/gtk2callback.inc(3271,33) Hint: (4055) Conversion between ordinals and pointers is not portable
/usr/lib/lazarus/3.0/lcl/interfaces/./gtk2/gtk2callback.inc(3272,32) Hint: (4055) Conversion between ordinals and pointers is not portable
/usr/lib/lazarus/3.0/lcl/interfaces/./gtk2/gtk2callback.inc(3280,36) Hint: (4055) Conversion between ordinals and pointers is not portable
/usr/lib/lazarus/3.0/lcl/interfaces/./gtk2/gtk2callback.inc(3281,34) Hint: (4055) Conversion between ordinals and pointers is not portable
/usr/lib/lazarus/3.0/lcl/interfaces/./gtk2/gtk2callback.inc(3284,32) Hint: (4055) Conversion between ordinals and pointers is not portable
/usr/lib/lazarus/3.0/lcl/interfaces/./gtk2/gtk2proc.pp(221,29) Hint: (5024) Parameter "Widget" not used
/usr/lib/lazarus/3.0/lcl/interfaces/./gtk2/gtk2proc.pp(223,30) Hint: (5024) Parameter "Widget" not used
/usr/lib/lazarus/3.0/lcl/interfaces/./gtk2/gtk2callback.inc(3424,25) Hint: (5091) Local variable "Files" of a managed type does not seem to be initialized
/usr/lib/lazarus/3.0/lcl/interfaces/./gtk2/gtk2proc.pp(224,36) Hint: (5024) Parameter "widget" not used
/usr/lib/lazarus/3.0/lcl/interfaces/./gtk2/gtk2proc.pp(225,8) Hint: (5024) Parameter "x" not used
/usr/lib/lazarus/3.0/lcl/interfaces/./gtk2/gtk2proc.pp(225,21) Hint: (5024) Parameter "y" not used
/usr/lib/lazarus/3.0/lcl/interfaces/./gtk2/gtk2proc.pp(225,68) Hint: (5024) Parameter "info" not used
/usr/lib/lazarus/3.0/lcl/interfaces/./gtk2/gtk2proc.pp(229,50) Hint: (5024) Parameter "TargetWidget" not used
/usr/lib/lazarus/3.0/lcl/interfaces/./gtk2/gtk2proc.pp(230,59) Hint: (5024) Parameter "Data" not used
/usr/lib/lazarus/3.0/lcl/interfaces/./gtk2/gtk2proc.pp(231,49) Hint: (5024) Parameter "TargetWidget" not used
/usr/lib/lazarus/3.0/lcl/interfaces/./gtk2/gtk2proc.pp(232,42) Hint: (5024) Parameter "Info" not used
/usr/lib/lazarus/3.0/lcl/interfaces/./gtk2/gtk2proc.pp(232,63) Hint: (5024) Parameter "TimeID" not used
/usr/lib/lazarus/3.0/lcl/interfaces/./gtk2/gtk2proc.pp(233,8) Hint: (5024) Parameter "Data" not used
/usr/lib/lazarus/3.0/lcl/interfaces/./gtk2/gtk2proc.pp(234,54) Hint: (5024) Parameter "TargetWidget" not used
/usr/lib/lazarus/3.0/lcl/interfaces/./gtk2/gtk2proc.pp(235,45) Hint: (5024) Parameter "Data" not used
/usr/lib/lazarus/3.0/lcl/interfaces/./gtk2/gtk2callback.inc(3725,21) Hint: (5057) Local variable "Mess" does not seem to be initialized
/usr/lib/lazarus/3.0/lcl/interfaces/./gtk2/gtk2proc.pp(246,39) Hint: (5024) Parameter "widget" not used
/usr/lib/lazarus/3.0/lcl/interfaces/./gtk2/gtk2proc.pp(248,19) Hint: (5024) Parameter "X" not used
/usr/lib/lazarus/3.0/lcl/interfaces/./gtk2/gtk2proc.pp(249,19) Hint: (5024) Parameter "Y" not used
/usr/lib/lazarus/3.0/lcl/interfaces/./gtk2/gtk2proc.pp(251,19) Hint: (5024) Parameter "info" not used
/usr/lib/lazarus/3.0/lcl/interfaces/./gtk2/gtk2proc.pp(254,41) Hint: (5024) Parameter "widget" not used
/usr/lib/lazarus/3.0/lcl/interfaces/./gtk2/gtk2proc.pp(255,19) Hint: (5024) Parameter "Context" not used
/usr/lib/lazarus/3.0/lcl/interfaces/./gtk2/gtk2proc.pp(258,19) Hint: (5024) Parameter "time" not used
/usr/lib/lazarus/3.0/lcl/interfaces/./gtk2/gtk2proc.pp(260,45) Hint: (5024) Parameter "widget" not used
/usr/lib/lazarus/3.0/lcl/interfaces/./gtk2/gtk2proc.pp(261,25) Hint: (5024) Parameter "context" not used
/usr/lib/lazarus/3.0/lcl/interfaces/./gtk2/gtk2proc.pp(262,25) Hint: (5024) Parameter "data" not used
/usr/lib/lazarus/3.0/lcl/interfaces/./gtk2/gtk2callback.inc(3807,21) Hint: (5057) Local variable "Mess" does not seem to be initialized
/usr/lib/lazarus/3.0/lcl/interfaces/./gtk2/gtk2proc.pp(265,36) Hint: (5024) Parameter "widget" not used
/usr/lib/lazarus/3.0/lcl/interfaces/./gtk2/gtk2callback.inc(3820,21) Hint: (5057) Local variable "Mess" does not seem to be initialized
/usr/lib/lazarus/3.0/lcl/interfaces/./gtk2/gtk2proc.pp(266,36) Hint: (5024) Parameter "widget" not used
/usr/lib/lazarus/3.0/lcl/interfaces/./gtk2/gtk2callback.inc(3843,26) Hint: (4055) Conversion between ordinals and pointers is not portable
/usr/lib/lazarus/3.0/lcl/interfaces/./gtk2/gtk2callback.inc(3844,22) Hint: (4055) Conversion between ordinals and pointers is not portable
/usr/lib/lazarus/3.0/lcl/interfaces/./gtk2/gtk2proc.pp(55,56) Hint: (5023) Unit "Gtk2Debug" not used in Gtk2Proc
/usr/lib/lazarus/3.0/lcl/interfaces/./gtk2/gtk2devicecontext.inc(468,22) Hint: (4055) Conversion between ordinals and pointers is not portable
/usr/lib/lazarus/3.0/lcl/interfaces/./gtk2/gtk2devicecontext.inc(722,35) Hint: (4055) Conversion between ordinals and pointers is not portable
/usr/lib/lazarus/3.0/lcl/interfaces/./gtk2/gtk2devicecontext.inc(790,35) Hint: (4055) Conversion between ordinals and pointers is not portable
/usr/lib/lazarus/3.0/lcl/interfaces/./gtk2/gtk2devicecontext.inc(793,28) Hint: (4055) Conversion between ordinals and pointers is not portable
/usr/lib/lazarus/3.0/lcl/interfaces/./gtk2/gtk2devicecontext.inc(1105,74) Hint: (4055) Conversion between ordinals and pointers is not portable
/usr/lib/lazarus/3.0/lcl/interfaces/./gtk2/gtk2devicecontext.inc(1105,20) Hint: (4055) Conversion between ordinals and pointers is not portable
(3104) Compiling ./gtk2/gtk2disableliboverlay.pas
(3104) Compiling ./gtk2/gtk2windows.pas
(3104) Compiling ./gtk2/interfaces.pas
/usr/lib/lazarus/3.0/lcl/interfaces/./gtk2/alllclintfunits.pas(5,3) Hint: (5023) Unit "Gtk2CellRenderer" not used in AllLCLIntfUnits
/usr/lib/lazarus/3.0/lcl/interfaces/./gtk2/alllclintfunits.pas(6,3) Hint: (5023) Unit "Gtk2Debug" not used in AllLCLIntfUnits
/usr/lib/lazarus/3.0/lcl/interfaces/./gtk2/alllclintfunits.pas(13,3) Hint: (5023) Unit "Gtk2ListViewTreeModel" not used in AllLCLIntfUnits
/usr/lib/lazarus/3.0/lcl/interfaces/./gtk2/alllclintfunits.pas(14,3) Hint: (5023) Unit "Gtk2MsgQueue" not used in AllLCLIntfUnits
/usr/lib/lazarus/3.0/lcl/interfaces/./gtk2/alllclintfunits.pas(16,3) Hint: (5023) Unit "Gtk2Themes" not used in AllLCLIntfUnits
/usr/lib/lazarus/3.0/lcl/interfaces/./gtk2/alllclintfunits.pas(18,3) Hint: (5023) Unit "gtk2windows" not used in AllLCLIntfUnits
/usr/lib/lazarus/3.0/lcl/interfaces/./gtk2/alllclintfunits.pas(19,3) Hint: (5023) Unit "Gtk2WSButtons" not used in AllLCLIntfUnits
/usr/lib/lazarus/3.0/lcl/interfaces/./gtk2/alllclintfunits.pas(20,3) Hint: (5023) Unit "Gtk2WSCalendar" not used in AllLCLIntfUnits
/usr/lib/lazarus/3.0/lcl/interfaces/./gtk2/alllclintfunits.pas(21,3) Hint: (5023) Unit "Gtk2WSCheckLst" not used in AllLCLIntfUnits
/usr/lib/lazarus/3.0/lcl/interfaces/./gtk2/alllclintfunits.pas(22,3) Hint: (5023) Unit "Gtk2WSComCtrls" not used in AllLCLIntfUnits
/usr/lib/lazarus/3.0/lcl/interfaces/./gtk2/alllclintfunits.pas(23,3) Hint: (5023) Unit "Gtk2WSControls" not used in AllLCLIntfUnits
/usr/lib/lazarus/3.0/lcl/interfaces/./gtk2/alllclintfunits.pas(24,3) Hint: (5023) Unit "Gtk2WSDialogs" not used in AllLCLIntfUnits
/usr/lib/lazarus/3.0/lcl/interfaces/./gtk2/alllclintfunits.pas(25,3) Hint: (5023) Unit "Gtk2WSExtCtrls" not used in AllLCLIntfUnits
/usr/lib/lazarus/3.0/lcl/interfaces/./gtk2/alllclintfunits.pas(26,3) Hint: (5023) Unit "Gtk2WSExtDlgs" not used in AllLCLIntfUnits
/usr/lib/lazarus/3.0/lcl/interfaces/./gtk2/alllclintfunits.pas(27,3) Hint: (5023) Unit "Gtk2WSFactory" not used in AllLCLIntfUnits
/usr/lib/lazarus/3.0/lcl/interfaces/./gtk2/alllclintfunits.pas(28,3) Hint: (5023) Unit "Gtk2WSForms" not used in AllLCLIntfUnits
/usr/lib/lazarus/3.0/lcl/interfaces/./gtk2/alllclintfunits.pas(29,3) Hint: (5023) Unit "Gtk2WSGrids" not used in AllLCLIntfUnits
/usr/lib/lazarus/3.0/lcl/interfaces/./gtk2/alllclintfunits.pas(30,3) Hint: (5023) Unit "Gtk2WSImgList" not used in AllLCLIntfUnits
/usr/lib/lazarus/3.0/lcl/interfaces/./gtk2/alllclintfunits.pas(31,3) Hint: (5023) Unit "Gtk2WSMenus" not used in AllLCLIntfUnits
/usr/lib/lazarus/3.0/lcl/interfaces/./gtk2/alllclintfunits.pas(32,3) Hint: (5023) Unit "Gtk2WSPairSplitter" not used in AllLCLIntfUnits
/usr/lib/lazarus/3.0/lcl/interfaces/./gtk2/alllclintfunits.pas(33,3) Hint: (5023) Unit "Gtk2WSPrivate" not used in AllLCLIntfUnits
/usr/lib/lazarus/3.0/lcl/interfaces/./gtk2/alllclintfunits.pas(34,3) Hint: (5023) Unit "Gtk2WSSpin" not used in AllLCLIntfUnits
/usr/lib/lazarus/3.0/lcl/interfaces/./gtk2/alllclintfunits.pas(35,3) Hint: (5023) Unit "Gtk2WSStdCtrls" not used in AllLCLIntfUnits
(1008) 61493 lines compiled, 1.7 sec
(1021) 4 warning(s) issued
(1022) 1335 hint(s) issued
(1023) 32 note(s) issued
Warning: (lazarus) [TLazPackageGraph.ConvertPackageRSTFiles] skipping read only directory /usr/lib/lazarus/3.0/lcl/languages/
Hint: (11030) Start of reading config file /etc/fpc.cfg
Hint: (11031) End of reading config file /etc/fpc.cfg
Free Pascal Compiler version 3.2.2+dfsg-32 [2024/01/05] for x86_64
Copyright (c) 1993-2021 by Florian Klaempfl and others
(1002) Target OS: Linux for x86-64
(3104) Compiling metadarkstyle.pas
(3104) Compiling ./src/umetadarkstyle.pas
/home/riceric/unarchiver-assessment-20260930/peazip/dev/metadarkstyle/./src/umetadarkstyle.pas(24,31) Hint: (5024) Parameter "Form" not used
Hint: (11030) Start of reading config file /etc/fpc.cfg
Hint: (11031) End of reading config file /etc/fpc.cfg
Free Pascal Compiler version 3.2.2+dfsg-32 [2024/01/05] for x86_64
Copyright (c) 1993-2021 by Florian Klaempfl and others
(1002) Target OS: Linux for x86-64
(3104) Compiling allsynedit.pas
(3104) Compiling synbeautifier.pas
(3104) Compiling syneditmiscclasses.pp
(3104) Compiling synedithighlighter.pp
(3104) Compiling synedittypes.pp
(3104) Compiling syneditkeycmds.pp
(3104) Compiling ./src/udarkstyleparams.pas
(3104) Compiling ./src/udarkstyleschemesadditional.pas
/home/riceric/unarchiver-assessment-20260930/peazip/dev/metadarkstyle/metadarkstyle.pas(11,3) Hint: (5023) Unit "uMetaDarkStyle" not used in MetaDarkStyle
/home/riceric/unarchiver-assessment-20260930/peazip/dev/metadarkstyle/metadarkstyle.pas(11,19) Hint: (5023) Unit "uDarkStyleParams" not used in MetaDarkStyle
(1008) 128 lines compiled, 0.2 sec
(1022) 5 hint(s) issued
(3104) Compiling syneditstrconst.pp
(1010) Writing Resource String Table file: syneditstrconst.rsj
(3104) Compiling synedittextbase.pas
(3104) Compiling syneditmiscprocs.pp
/usr/lib/lazarus/3.0/components/synedit/synedithighlighter.pp(1151,13) Warning: (4105) Implicit string type conversion with potential data loss from "UnicodeString" to "AnsiString"
/usr/lib/lazarus/3.0/components/synedit/synedithighlighter.pp(1174,13) Warning: (4105) Implicit string type conversion with potential data loss from "UnicodeString" to "AnsiString"
(3104) Compiling lazsynedittext.pas
/usr/lib/lazarus/3.0/components/synedit/lazsynedittext.pas(1142,19) Warning: (5093) function result variable of a managed type does not seem to be initialized
/usr/lib/lazarus/3.0/components/synedit/lazsynedittext.pas(1186,20) Hint: (5091) Local variable "s" of a managed type does not seem to be initialized
(3104) Compiling syneditpointclasses.pas
/usr/lib/lazarus/3.0/components/synedit/syneditpointclasses.pas(1915,24) Hint: (5091) Local variable "Col" of a managed type does not seem to be initialized
/usr/lib/lazarus/3.0/components/synedit/syneditpointclasses.pas(1916,24) Hint: (5091) Local variable "Len" of a managed type does not seem to be initialized
/usr/lib/lazarus/3.0/components/synedit/syneditpointclasses.pas(2350,24) Hint: (5091) Local variable "Str" of a managed type does not seem to be initialized
/usr/lib/lazarus/3.0/components/synedit/syneditpointclasses.pas(2382,24) Hint: (5091) Local variable "Str" of a managed type does not seem to be initialized
/usr/lib/lazarus/3.0/components/synedit/syneditpointclasses.pas(3445,22) Note: (6058) Call to subroutine "function TSynEditScreenCaret.ClippedPixelHeihgh(var APxTop:LongInt):LongInt;" marked as inline is not inlined
(3104) Compiling syneditmousecmds.pp
(3104) Compiling lazsyneditmousecmdstypes.pp
/usr/lib/lazarus/3.0/components/synedit/syneditmiscclasses.pp(808,5) Hint: (3124) Inlining disabled
/usr/lib/lazarus/3.0/components/synedit/syneditmiscclasses.pp(810,5) Hint: (3124) Inlining disabled
/usr/lib/lazarus/3.0/components/synedit/syneditmiscclasses.pp(814,5) Hint: (3124) Inlining disabled
/usr/lib/lazarus/3.0/components/synedit/syneditmiscclasses.pp(815,5) Hint: (3124) Inlining disabled
/usr/lib/lazarus/3.0/components/synedit/syneditmiscclasses.pp(818,5) Hint: (3124) Inlining disabled
/usr/lib/lazarus/3.0/components/synedit/syneditmiscclasses.pp(819,5) Hint: (3124) Inlining disabled
/usr/lib/lazarus/3.0/components/synedit/syneditmiscclasses.pp(822,5) Hint: (3124) Inlining disabled
/usr/lib/lazarus/3.0/components/synedit/syneditmiscclasses.pp(3356,3) Hint: (3124) Inlining disabled
/usr/lib/lazarus/3.0/components/synedit/syneditmiscclasses.pp(3363,3) Hint: (3124) Inlining disabled
/usr/lib/lazarus/3.0/components/synedit/syneditmiscclasses.pp(3370,3) Hint: (3124) Inlining disabled
/usr/lib/lazarus/3.0/components/synedit/syneditmiscclasses.pp(3378,3) Hint: (3124) Inlining disabled
/usr/lib/lazarus/3.0/components/synedit/syneditmiscclasses.pp(3388,3) Hint: (3124) Inlining disabled
/usr/lib/lazarus/3.0/components/synedit/synbeautifier.pas(43,22) Hint: (5023) Unit "StrUtils" not used in SynBeautifier
/usr/lib/lazarus/3.0/components/synedit/synbeautifier.pas(45,23) Hint: (5023) Unit "SynEditMiscProcs" not used in SynBeautifier
(3104) Compiling syncompletion.pas
(3104) Compiling synedit.pp
(3104) Compiling lazsynimmbase.pas
(3104) Compiling syneditsearch.pp
/usr/lib/lazarus/3.0/components/synedit/syneditsearch.pp(564,12) Note: (6058) Call to subroutine "function CompareMem(P1:Pointer;P2:Pointer;Length:QWord):Boolean;" marked as inline is not inlined
/usr/lib/lazarus/3.0/components/synedit/syneditsearch.pp(603,12) Note: (6058) Call to subroutine "function CompareMem(P1:Pointer;P2:Pointer;Length:QWord):Boolean;" marked as inline is not inlined
/usr/lib/lazarus/3.0/components/synedit/syneditsearch.pp(620,12) Note: (6058) Call to subroutine "function CompareMem(P1:Pointer;P2:Pointer;Length:QWord):Boolean;" marked as inline is not inlined
(3104) Compiling syneditmarks.pp
(3104) Compiling syneditmarkup.pp
/usr/lib/lazarus/3.0/components/synedit/syneditmarkup.pp(361,41) Warning: (5066) Symbol "ScreenRowToRow" is deprecated: "use ScreenXYToTextXY"
/usr/lib/lazarus/3.0/components/synedit/syneditmarkup.pp(366,41) Warning: (5066) Symbol "RowToScreenRow" is deprecated: "use TextXYToScreenXY"
(3104) Compiling syneditmarkuphighall.pp
/usr/lib/lazarus/3.0/components/synedit/syneditmarkuphighall.pp(820,26) Hint: (5094) Function result variable of a managed type does not seem to be initialized
/usr/lib/lazarus/3.0/components/synedit/syneditmarkuphighall.pp(29,22) Hint: (5023) Unit "StrUtils" not used in SynEditMarkupHighAll
/usr/lib/lazarus/3.0/components/synedit/syneditmarkuphighall.pp(33,39) Hint: (5023) Unit "LazStringUtils" not used in SynEditMarkupHighAll
(3104) Compiling syneditmarkupbracket.pp
(3104) Compiling syneditmarkupwordgroup.pp
(3104) Compiling synedithighlighterfoldbase.pas
/usr/lib/lazarus/3.0/components/synedit/synedithighlighterfoldbase.pas(1517,22) Hint: (5091) Local variable "OpenCnt" of a managed type does not seem to be initialized
/usr/lib/lazarus/3.0/components/synedit/synedithighlighterfoldbase.pas(1523,22) Hint: (5091) Local variable "OpenIdx" of a managed type does not seem to be initialized
/usr/lib/lazarus/3.0/components/synedit/synedithighlighterfoldbase.pas(2202,21) Hint: (5057) Local variable "nd" does not seem to be initialized
/usr/lib/lazarus/3.0/components/synedit/synedithighlighterfoldbase.pas(2694,3) Warning: (5066) Symbol "SetSupportedModes" is deprecated: "use create"
(3104) Compiling syneditmarkupctrlmouselink.pp
(3104) Compiling syneditmarkupspecialline.pp
(3104) Compiling syneditmarkupselection.pp
(3104) Compiling syneditmarkupspecialchar.pp
(3104) Compiling synedittextbuffer.pp
/usr/lib/lazarus/3.0/components/synedit/synedittextbuffer.pp(981,12) Note: (6058) Call to subroutine "function TSynEditStringList.LogicPosIsCombining(const AChar:PChar):Boolean;" marked as inline is not inlined
/usr/lib/lazarus/3.0/components/synedit/synedittextbuffer.pp(1324,23) Hint: (5091) Local variable "WasSaved" of a managed type does not seem to be initialized
/usr/lib/lazarus/3.0/components/synedit/synedittextbuffer.pp(1480,15) Hint: (5091) Local variable "s2" of a managed type does not seem to be initialized
/usr/lib/lazarus/3.0/components/synedit/synedittextbuffer.pp(1907,44) Hint: (5092) Variable "SynEditUndoMarkModifiedOneEmpty" of a managed type does not seem to be initialized
/usr/lib/lazarus/3.0/components/synedit/synedittextbuffer.pp(1908,44) Hint: (5092) Variable "SynEditUndoMarkModifiedOneSaved" of a managed type does not seem to be initialized
/usr/lib/lazarus/3.0/components/synedit/synedittextbuffer.pp(1909,47) Hint: (5092) Variable "SynEditUndoMarkModifiedOneModified" of a managed type does not seem to be initialized
(3104) Compiling syneditlines.pas
(3104) Compiling synedittexttrimmer.pas
/usr/lib/lazarus/3.0/components/synedit/synedittexttrimmer.pas(824,22) Warning: (5043) Symbol "ExpandedStrings" is deprecated
/usr/lib/lazarus/3.0/components/synedit/synedittexttrimmer.pas(833,31) Warning: (5043) Symbol "ExpandedStrings" is deprecated
(3104) Compiling synedittexttabexpander.pas
/usr/lib/lazarus/3.0/components/synedit/synedittexttabexpander.pas(316,25) Hint: (5091) Local variable "CharWidths" of a managed type does not seem to be initialized
(3104) Compiling synedittextdoublewidthchars.pas
(3104) Compiling syneditfoldedview.pp
/usr/lib/lazarus/3.0/components/synedit/syneditfoldedview.pp(3097,19) Warning: (5093) function result variable of a managed type does not seem to be initialized
/usr/lib/lazarus/3.0/components/synedit/syneditfoldedview.pp(3138,10) Warning: (5063) Symbol "TextViewsManager" is experimental
/usr/lib/lazarus/3.0/components/synedit/syneditfoldedview.pp(3919,29) Hint: (5091) Local variable "FoldCoders" of a managed type does not seem to be initialized
/usr/lib/lazarus/3.0/components/synedit/syneditfoldedview.pp(4488,21) Hint: (5091) Local variable "EndLvl" of a managed type does not seem to be initialized
/usr/lib/lazarus/3.0/components/synedit/syneditfoldedview.pp(4489,21) Hint: (5091) Local variable "CurLvl" of a managed type does not seem to be initialized
(3104) Compiling syngutterbase.pp
(3104) Compiling syntextdrawer.pp
/usr/lib/lazarus/3.0/components/synedit/syntextdrawer.pp(588,59) Hint: (5057) Local variable "Size1" does not seem to be initialized
/usr/lib/lazarus/3.0/components/synedit/syntextdrawer.pp(589,59) Hint: (5057) Local variable "Size2" does not seem to be initialized
/usr/lib/lazarus/3.0/components/synedit/syntextdrawer.pp(590,59) Hint: (5057) Local variable "Size3" does not seem to be initialized
/usr/lib/lazarus/3.0/components/synedit/syntextdrawer.pp(692,69) Hint: (5057) Local variable "Size1" does not seem to be initialized
/usr/lib/lazarus/3.0/components/synedit/syntextdrawer.pp(705,29) Hint: (5057) Local variable "TM" does not seem to be initialized
(3104) Compiling lazsyntextarea.pp
/usr/lib/lazarus/3.0/components/synedit/lazsyntextarea.pp(508,3) Hint: (3124) Inlining disabled
/usr/lib/lazarus/3.0/components/synedit/lazsyntextarea.pp(526,3) Hint: (3124) Inlining disabled
/usr/lib/lazarus/3.0/components/synedit/lazsyntextarea.pp(534,3) Hint: (3124) Inlining disabled
/usr/lib/lazarus/3.0/components/synedit/lazsyntextarea.pp(544,3) Hint: (3124) Inlining disabled
/usr/lib/lazarus/3.0/components/synedit/lazsyntextarea.pp(582,3) Hint: (3124) Inlining disabled
/usr/lib/lazarus/3.0/components/synedit/lazsyntextarea.pp(692,3) Hint: (3124) Inlining disabled
/usr/lib/lazarus/3.0/components/synedit/lazsyntextarea.pp(706,3) Hint: (3124) Inlining disabled
/usr/lib/lazarus/3.0/components/synedit/lazsyntextarea.pp(1449,31) Hint: (5057) Local variable "PadRect" does not seem to be initialized
(3104) Compiling syngutter.pp
(3104) Compiling syngutterlinenumber.pp
(3104) Compiling synguttercodefolding.pp
(3104) Compiling synguttermarks.pp
(3104) Compiling syngutterchanges.pas
(3104) Compiling syngutterlineoverview.pp
/usr/lib/lazarus/3.0/components/synedit/syngutterlineoverview.pp(965,66) Warning: (5066) Symbol "ScreenRowToRow" is deprecated: "use ScreenXYToTextXY"
(3104) Compiling synedittextbidichars.pas
/usr/lib/lazarus/3.0/components/synedit/synedit.pp(610,15) Warning: (3057) An inherited method is hidden by "DoTopViewChanged(TObject);"
/usr/lib/lazarus/3.0/components/synedit/synedit.pp(2209,33) Warning: (5066) Symbol "FScreenCaretPainterClass" is deprecated: "need refactor"
/usr/lib/lazarus/3.0/components/synedit/synedit.pp(3706,13) Note: (5027) Local variable "HotHeight" is assigned but never used
/usr/lib/lazarus/3.0/components/synedit/synedit.pp(5078,50) Warning: (5066) Symbol "ScreenRowToRow" is deprecated: "use ScreenXYToTextXY"
/usr/lib/lazarus/3.0/components/synedit/synedit.pp(5306,33) Warning: (5066) Symbol "FScreenCaretPainterClass" is deprecated: "need refactor"
/usr/lib/lazarus/3.0/components/synedit/synedit.pp(5326,69) Warning: (5066) Symbol "FScreenCaretPainterClass" is deprecated: "need refactor"
/usr/lib/lazarus/3.0/components/synedit/synedit.pp(5327,60) Warning: (5066) Symbol "FScreenCaretPainterClass" is deprecated: "need refactor"
/usr/lib/lazarus/3.0/components/synedit/synedit.pp(5518,43) Warning: (5063) Symbol "IdleScanRanges" is experimental
/usr/lib/lazarus/3.0/components/synedit/synedit.pp(5628,59) Warning: (5066) Symbol "ScreenRowToRow" is deprecated: "use ScreenXYToTextXY"
/usr/lib/lazarus/3.0/components/synedit/synedit.pp(5997,22) Hint: (5091) Local variable "s" of a managed type does not seem to be initialized
/usr/lib/lazarus/3.0/components/synedit/synedit.pp(6524,3) Note: (5027) Local variable "BB" is assigned but never used
/usr/lib/lazarus/3.0/components/synedit/synedit.pp(6524,7) Note: (5027) Local variable "BE" is assigned but never used
/usr/lib/lazarus/3.0/components/synedit/synedit.pp(6526,3) Note: (5025) Local variable "Adjust" not used
/usr/lib/lazarus/3.0/components/synedit/synedit.pp(7076,62) Warning: (5066) Symbol "ScreenRowToRow" is deprecated: "use ScreenXYToTextXY"
/usr/lib/lazarus/3.0/components/synedit/synedit.pp(7550,55) Warning: (5066) Symbol "ScreenRowToRow" is deprecated: "use ScreenXYToTextXY"
/usr/lib/lazarus/3.0/components/synedit/synedit.pp(7551,54) Warning: (5066) Symbol "ScreenRowToRow" is deprecated: "use ScreenXYToTextXY"
/usr/lib/lazarus/3.0/components/synedit/synedit.pp(7986,49) Hint: (5057) Local variable "y" does not seem to be initialized
/usr/lib/lazarus/3.0/components/synedit/synedit.pp(7986,41) Hint: (5057) Local variable "x" does not seem to be initialized
/usr/lib/lazarus/3.0/components/synedit/synedit.pp(9081,28) Hint: (5091) Local variable "FullStrToDelete" of a managed type does not seem to be initialized
/usr/lib/lazarus/3.0/components/synedit/synedit.pp(9544,70) Warning: (5066) Symbol "ScreenRowToRow" is deprecated: "use ScreenXYToTextXY"
/usr/lib/lazarus/3.0/components/synedit/synedit.pp(9574,72) Warning: (5066) Symbol "ScreenRowToRow" is deprecated: "use ScreenXYToTextXY"
/usr/lib/lazarus/3.0/components/synedit/synedit.pp(9613,64) Warning: (5066) Symbol "ScreenRowToRow" is deprecated: "use ScreenXYToTextXY"
(3104) Compiling syneditplugins.pas
/usr/lib/lazarus/3.0/components/synedit/syncompletion.pas(495,14) Hint: (5091) Local variable "u" of a managed type does not seem to be initialized
/usr/lib/lazarus/3.0/components/synedit/syncompletion.pas(494,8) Note: (6058) Call to subroutine "function UTF8CodepointSize(p:PChar):LongInt;" marked as inline is not inlined
/usr/lib/lazarus/3.0/components/synedit/syncompletion.pas(501,27) Note: (6058) Call to subroutine "function TCharacter.IsLetterOrDigit(const AString:UnicodeString;AIndex:LongInt):Boolean; Static;" marked as inline is not inlined
/usr/lib/lazarus/3.0/components/synedit/syncompletion.pas(1127,36) Note: (6058) Call to subroutine "function UTF8CodepointSize(p:PChar):LongInt;" marked as inline is not inlined
/usr/lib/lazarus/3.0/components/synedit/syncompletion.pas(1127,36) Note: (6058) Call to subroutine "function TCharacter.IsLetterOrDigit(const AString:UnicodeString;AIndex:LongInt):Boolean; Static;" marked as inline is not inlined
/usr/lib/lazarus/3.0/components/synedit/syncompletion.pas(1212,29) Hint: (5057) Local variable "TextMetric" does not seem to be initialized
/usr/lib/lazarus/3.0/components/synedit/syncompletion.pas(1867,14) Note: (6058) Call to subroutine "function UTF8CodepointSize(p:PChar):LongInt;" marked as inline is not inlined
/usr/lib/lazarus/3.0/components/synedit/syncompletion.pas(1867,14) Note: (6058) Call to subroutine "function TCharacter.IsLetterOrDigit(const AString:UnicodeString;AIndex:LongInt):Boolean; Static;" marked as inline is not inlined
/usr/lib/lazarus/3.0/components/synedit/syncompletion.pas(1877,16) Note: (6058) Call to subroutine "function UTF8CodepointSize(p:PChar):LongInt;" marked as inline is not inlined
/usr/lib/lazarus/3.0/components/synedit/syncompletion.pas(1877,16) Note: (6058) Call to subroutine "function TCharacter.IsLetterOrDigit(const AString:UnicodeString;AIndex:LongInt):Boolean; Static;" marked as inline is not inlined
(3104) Compiling syneditautocomplete.pp
(3104) Compiling syneditexport.pas
/usr/lib/lazarus/3.0/components/synedit/syneditexport.pas(475,21) Hint: (5094) Function result variable of a managed type does not seem to be initialized
(3104) Compiling synedithighlighterxmlbase.pas
(3104) Compiling synhighlighterpo.pp
(3104) Compiling syneditregexsearch.pas
/usr/lib/lazarus/3.0/components/synedit/syneditregexsearch.pas(90,5) Note: (6058) Call to subroutine "function TFPGList<System.LongInt>.Add(const Item:LongInt):LongInt;" marked as inline is not inlined
/usr/lib/lazarus/3.0/components/synedit/syneditregexsearch.pas(91,5) Note: (6058) Call to subroutine "function TFPGList<System.LongInt>.Add(const Item:LongInt):LongInt;" marked as inline is not inlined
/usr/lib/lazarus/3.0/components/synedit/syneditregexsearch.pas(113,21) Note: (6058) Call to subroutine "function TFPGList<System.LongInt>.Get(Index:LongInt):LongInt;" marked as inline is not inlined
/usr/lib/lazarus/3.0/components/synedit/syneditregexsearch.pas(123,23) Note: (6058) Call to subroutine "function TFPGList<System.LongInt>.Get(Index:LongInt):LongInt;" marked as inline is not inlined
(3104) Compiling synexporthtml.pas
(3104) Compiling synhighlighterany.pas
(3104) Compiling synhighlightercpp.pp
(3104) Compiling synhighlightercss.pas
(3104) Compiling synhighlighterdiff.pas
(3104) Compiling synhighlighterhashentries.pas
(3104) Compiling synhighlighterhtml.pp
/usr/lib/lazarus/3.0/components/synedit/synhighlighterhtml.pp(2763,27) Warning: (5066) Symbol "SetSupportedModes" is deprecated: "use create"
(3104) Compiling synhighlighterjava.pas
(3104) Compiling synhighlighterjscript.pas
(3104) Compiling synhighlighterlfm.pas
/usr/lib/lazarus/3.0/components/synedit/synhighlighterlfm.pas(263,27) Warning: (5066) Symbol "SetSupportedModes" is deprecated: "use create"
(3104) Compiling synhighlightermulti.pas
/usr/lib/lazarus/3.0/components/synedit/synhighlightermulti.pas(2063,23) Note: (6058) Call to subroutine "function GetDebugLogger:TLazLogger;" marked as inline is not inlined
(3104) Compiling synhighlighterpas.pp
/usr/lib/lazarus/3.0/components/synedit/synhighlighterpas.pp(3135,14) Hint: (5091) Local variable "s" of a managed type does not seem to be initialized
/usr/lib/lazarus/3.0/components/synedit/synhighlighterpas.pp(4044,19) Hint: (5094) Function result variable of a managed type does not seem to be initialized
/usr/lib/lazarus/3.0/components/synedit/synhighlighterpas.pp(4590,33) Warning: (4082) Converting pointers to signed integers may result in wrong comparison results and range errors, use an unsigned type instead.
/usr/lib/lazarus/3.0/components/synedit/synhighlighterpas.pp(4652,23) Hint: (5057) Local variable "nd" does not seem to be initialized
/usr/lib/lazarus/3.0/components/synedit/synhighlighterpas.pp(4680,23) Hint: (5057) Local variable "nd" does not seem to be initialized
/usr/lib/lazarus/3.0/components/synedit/synhighlighterpas.pp(4773,23) Hint: (5057) Local variable "nd" does not seem to be initialized
/usr/lib/lazarus/3.0/components/synedit/synhighlighterpas.pp(4807,23) Hint: (5057) Local variable "nd" does not seem to be initialized
(3104) Compiling synhighlighterperl.pas
(3104) Compiling synhighlighterphp.pas
(3104) Compiling synhighlighterposition.pas
/usr/lib/lazarus/3.0/components/synedit/synhighlighterposition.pas(195,19) Hint: (5094) Function result variable of a managed type does not seem to be initialized
(3104) Compiling synhighlighterpython.pas
(3104) Compiling synhighlightersql.pas
(3104) Compiling synhighlightertex.pas
/usr/lib/lazarus/3.0/components/synedit/synhighlightertex.pas(212,41) Note: (6058) Call to subroutine "function UTF8CodepointSize(p:PChar):LongInt;" marked as inline is not inlined
/usr/lib/lazarus/3.0/components/synedit/synhighlightertex.pas(212,41) Note: (6058) Call to subroutine "function UTF8CodepointSize(p:PChar):LongInt;" marked as inline is not inlined
(3104) Compiling synhighlighterunixshellscript.pas
(3104) Compiling synhighlightervb.pas
(3104) Compiling synhighlighterxml.pas
/usr/lib/lazarus/3.0/components/synedit/synhighlighterxml.pas(748,27) Warning: (5066) Symbol "SetSupportedModes" is deprecated: "use create"
(3104) Compiling synmacrorecorder.pas
(3104) Compiling synmemo.pas
(3104) Compiling synpluginsyncroedit.pp
(3104) Compiling synpluginsyncronizededitbase.pp
/usr/lib/lazarus/3.0/components/synedit/synpluginsyncroedit.pp(629,21) Hint: (5091) Local variable "OldTable" of a managed type does not seem to be initialized
(3104) Compiling synplugintemplateedit.pp
/usr/lib/lazarus/3.0/components/synedit/synplugintemplateedit.pp(296,21) Hint: (5091) Local variable "s2" of a managed type does not seem to be initialized
(3104) Compiling syneditmarkupguttermark.pp
(3104) Compiling synhighlighterbat.pas
(3104) Compiling synhighlighterini.pas
(3104) Compiling synedittextsystemcharwidth.pas
(3104) Compiling syneditmarkupifdef.pp
/usr/lib/lazarus/3.0/components/synedit/syneditmarkupifdef.pp(1881,21) Hint: (5091) Local variable "OpenList" of a managed type does not seem to be initialized
/usr/lib/lazarus/3.0/components/synedit/syneditmarkupifdef.pp(1882,21) Hint: (5091) Local variable "PeerList" of a managed type does not seem to be initialized
(3104) Compiling synpluginmulticaret.pp
/usr/lib/lazarus/3.0/components/synedit/synpluginmulticaret.pp(721,3) Note: (6058) Call to subroutine "procedure TSynPluginMultiCaretList.AdjustAfterChange(RawIndex:LongInt);" marked as inline is not inlined
/usr/lib/lazarus/3.0/components/synedit/synpluginmulticaret.pp(733,3) Note: (6058) Call to subroutine "procedure TSynPluginMultiCaretList.AdjustAfterChange(RawIndex:LongInt);" marked as inline is not inlined
/usr/lib/lazarus/3.0/components/synedit/synpluginmulticaret.pp(750,3) Note: (6058) Call to subroutine "procedure TSynPluginMultiCaretList.AdjustAfterChange(RawIndex:LongInt);" marked as inline is not inlined
/usr/lib/lazarus/3.0/components/synedit/synpluginmulticaret.pp(759,3) Note: (6058) Call to subroutine "procedure TSynPluginMultiCaretList.AdjustAfterChange(RawIndex:LongInt);" marked as inline is not inlined
/usr/lib/lazarus/3.0/components/synedit/synpluginmulticaret.pp(768,3) Note: (6058) Call to subroutine "procedure TSynPluginMultiCaretList.AdjustAfterChange(RawIndex:LongInt);" marked as inline is not inlined
/usr/lib/lazarus/3.0/components/synedit/synpluginmulticaret.pp(894,24) Hint: (5091) Local variable "NewCarets" of a managed type does not seem to be initialized
/usr/lib/lazarus/3.0/components/synedit/synpluginmulticaret.pp(1643,33) Warning: (5066) Symbol "RowToScreenRow" is deprecated: "use TextXYToScreenXY"
/usr/lib/lazarus/3.0/components/synedit/synpluginmulticaret.pp(1648,3) Warning: (5066) Symbol "RowToScreenRow" is deprecated: "use TextXYToScreenXY"
/usr/lib/lazarus/3.0/components/synedit/synpluginmulticaret.pp(1692,41) Warning: (5066) Symbol "ScreenRowToRow" is deprecated: "use ScreenXYToTextXY"
/usr/lib/lazarus/3.0/components/synedit/synpluginmulticaret.pp(1704,35) Warning: (5066) Symbol "RowToScreenRow" is deprecated: "use TextXYToScreenXY"
/usr/lib/lazarus/3.0/components/synedit/synpluginmulticaret.pp(1711,39) Warning: (5066) Symbol "RowToScreenRow" is deprecated: "use TextXYToScreenXY"
(3104) Compiling synhighlighterpike.pas
(3104) Compiling syneditmarkupfoldcoloring.pas
(3104) Compiling syneditviewedlinemap.pp
/usr/lib/lazarus/3.0/components/synedit/syneditviewedlinemap.pp(115,5) Hint: (3124) Inlining disabled
/usr/lib/lazarus/3.0/components/synedit/syneditviewedlinemap.pp(116,5) Hint: (3124) Inlining disabled
/usr/lib/lazarus/3.0/components/synedit/syneditviewedlinemap.pp(117,5) Hint: (3124) Inlining disabled
/usr/lib/lazarus/3.0/components/synedit/syneditviewedlinemap.pp(118,3) Hint: (3124) Inlining disabled
/usr/lib/lazarus/3.0/components/synedit/syneditviewedlinemap.pp(124,5) Hint: (3124) Inlining disabled
/usr/lib/lazarus/3.0/components/synedit/syneditviewedlinemap.pp(126,5) Hint: (3124) Inlining disabled
/usr/lib/lazarus/3.0/components/synedit/syneditviewedlinemap.pp(127,5) Hint: (3124) Inlining disabled
/usr/lib/lazarus/3.0/components/synedit/syneditviewedlinemap.pp(130,5) Hint: (3124) Inlining disabled
/usr/lib/lazarus/3.0/components/synedit/syneditviewedlinemap.pp(142,5) Hint: (3124) Inlining disabled
/usr/lib/lazarus/3.0/components/synedit/syneditviewedlinemap.pp(199,5) Hint: (3124) Inlining disabled
/usr/lib/lazarus/3.0/components/synedit/syneditviewedlinemap.pp(201,5) Hint: (3124) Inlining disabled
/usr/lib/lazarus/3.0/components/synedit/syneditviewedlinemap.pp(219,5) Hint: (3124) Inlining disabled
/usr/lib/lazarus/3.0/components/synedit/syneditviewedlinemap.pp(221,5) Hint: (3124) Inlining disabled
/usr/lib/lazarus/3.0/components/synedit/syneditviewedlinemap.pp(267,5) Hint: (3124) Inlining disabled
/usr/lib/lazarus/3.0/components/synedit/allsynedit.pas(34,50) Warning: (5079) Unit "SynEditViewedLineMap" is experimental
(3104) Compiling syneditwrappedview.pp
/usr/lib/lazarus/3.0/components/synedit/syneditwrappedview.pp(8,53) Warning: (5079) Unit "SynEditViewedLineMap" is experimental
/usr/lib/lazarus/3.0/components/synedit/syneditwrappedview.pp(241,15) Note: (6058) Call to subroutine "function TSynWordWrapInvalidLines.GetItem(AnIndex:LongInt):<record type>;" marked as inline is not inlined
/usr/lib/lazarus/3.0/components/synedit/syneditwrappedview.pp(249,15) Note: (6058) Call to subroutine "function TSynWordWrapInvalidLines.GetItem(AnIndex:LongInt):<record type>;" marked as inline is not inlined
/usr/lib/lazarus/3.0/components/synedit/syneditwrappedview.pp(260,15) Note: (6058) Call to subroutine "function TSynWordWrapInvalidLines.GetItem(AnIndex:LongInt):<record type>;" marked as inline is not inlined
/usr/lib/lazarus/3.0/components/synedit/syneditwrappedview.pp(662,6) Note: (6058) Call to subroutine "function TSynWordWrapLineMap.GetFirstInvalidLine:LongInt;" marked as inline is not inlined
/usr/lib/lazarus/3.0/components/synedit/syneditwrappedview.pp(680,3) Note: (6058) Call to subroutine "function TLazShiftBufferListObjBase<SynEditWrappedView.PSynWordWrapInvalidLinesRecord,SynEditWrappedView.TLazListClassesItemSize<SynEditWrappedView.TSynWordWrapInvalidLinesRecord>>.GetItemPointer(Index:LongInt):^TSynWordWrapInvalidLinesRecord;" marked as inline is not inlined
/usr/lib/lazarus/3.0/components/synedit/syneditwrappedview.pp(680,3) Note: (6058) Call to subroutine "function TLazShiftBufferListObjBase<SynEditWrappedView.PSynWordWrapInvalidLinesRecord,SynEditWrappedView.TLazListClassesItemSize<SynEditWrappedView.TSynWordWrapInvalidLinesRecord>>.GetItemPointer(Index:LongInt):^TSynWordWrapInvalidLinesRecord;" marked as inline is not inlined
/usr/lib/lazarus/3.0/components/synedit/syneditwrappedview.pp(680,3) Note: (6058) Call to subroutine "function TLazShiftBufferListObjBase<SynEditWrappedView.PSynWordWrapInvalidLinesRecord,SynEditWrappedView.TLazListClassesItemSize<SynEditWrappedView.TSynWordWrapInvalidLinesRecord>>.GetItemPointer(Index:LongInt):^TSynWordWrapInvalidLinesRecord;" marked as inline is not inlined
/usr/lib/lazarus/3.0/components/synedit/syneditwrappedview.pp(680,3) Note: (6058) Call to subroutine "function TLazShiftBufferListObjBase<SynEditWrappedView.PSynWordWrapInvalidLinesRecord,SynEditWrappedView.TLazListClassesItemSize<SynEditWrappedView.TSynWordWrapInvalidLinesRecord>>.GetItemPointer(Index:LongInt):^TSynWordWrapInvalidLinesRecord;" marked as inline is not inlined
/usr/lib/lazarus/3.0/components/synedit/syneditwrappedview.pp(698,12) Note: (6058) Call to subroutine "function TSynWordWrapLineMap.GetFirstInvalidLine:LongInt;" marked as inline is not inlined
/usr/lib/lazarus/3.0/components/synedit/syneditwrappedview.pp(832,5) Note: (6058) Call to subroutine "function TSynWordWrapLineMap.GetFirstInvalidLine:LongInt;" marked as inline is not inlined
/usr/lib/lazarus/3.0/components/synedit/syneditwrappedview.pp(854,3) Note: (6058) Call to subroutine "function TSynWordWrapLineMap.GetFirstInvalidLine:LongInt;" marked as inline is not inlined
/usr/lib/lazarus/3.0/components/synedit/syneditwrappedview.pp(922,5) Note: (6058) Call to subroutine "function TSynWordWrapLineMap.GetFirstInvalidLine:LongInt;" marked as inline is not inlined
/usr/lib/lazarus/3.0/components/synedit/syneditwrappedview.pp(945,3) Note: (6058) Call to subroutine "function TSynWordWrapLineMap.GetFirstInvalidLine:LongInt;" marked as inline is not inlined
/usr/lib/lazarus/3.0/components/synedit/syneditwrappedview.pp(1024,14) Note: (6058) Call to subroutine "function TSynWordWrapLineMap.GetLastInvalidLine:LongInt;" marked as inline is not inlined
/usr/lib/lazarus/3.0/components/synedit/syneditwrappedview.pp(1025,14) Note: (6058) Call to subroutine "function TSynWordWrapLineMap.GetLastInvalidLine:LongInt;" marked as inline is not inlined
/usr/lib/lazarus/3.0/components/synedit/syneditwrappedview.pp(1093,152) Note: (6058) Call to subroutine "function TSynWordWrapLineMap.GetFirstInvalidLine:LongInt;" marked as inline is not inlined
/usr/lib/lazarus/3.0/components/synedit/syneditwrappedview.pp(1093,173) Note: (6058) Call to subroutine "function TSynWordWrapLineMap.GetLastInvalidLine:LongInt;" marked as inline is not inlined
/usr/lib/lazarus/3.0/components/synedit/syneditwrappedview.pp(1105,26) Note: (6058) Call to subroutine "function TLazShiftBufferListObjBase<SynEditWrappedView.PSynWordWrapInvalidLinesRecord,SynEditWrappedView.TLazListClassesItemSize<SynEditWrappedView.TSynWordWrapInvalidLinesRecord>>.GetItemPointer(Index:LongInt):^TSynWordWrapInvalidLinesRecord;" marked as inline is not inlined
/usr/lib/lazarus/3.0/components/synedit/syneditwrappedview.pp(1110,26) Note: (6058) Call to subroutine "function TLazShiftBufferListObjBase<SynEditWrappedView.PSynWordWrapInvalidLinesRecord,SynEditWrappedView.TLazListClassesItemSize<SynEditWrappedView.TSynWordWrapInvalidLinesRecord>>.GetItemPointer(Index:LongInt):^TSynWordWrapInvalidLinesRecord;" marked as inline is not inlined
/usr/lib/lazarus/3.0/components/synedit/syneditwrappedview.pp(1122,32) Note: (6058) Call to subroutine "function TLazListClassesInternalMem.GetCount:LongInt;" marked as inline is not inlined
/usr/lib/lazarus/3.0/components/synedit/syneditwrappedview.pp(1122,32) Note: (6058) Call to subroutine "function TLazShiftBufferListObjBase<SynEditWrappedView.PSynWordWrapInvalidLinesRecord,SynEditWrappedView.TLazListClassesItemSize<SynEditWrappedView.TSynWordWrapInvalidLinesRecord>>.GetItemPointer(Index:LongInt):^TSynWordWrapInvalidLinesRecord;" marked as inline is not inlined
/usr/lib/lazarus/3.0/components/synedit/syneditwrappedview.pp(1127,32) Note: (6058) Call to subroutine "function TLazListClassesInternalMem.GetCount:LongInt;" marked as inline is not inlined
/usr/lib/lazarus/3.0/components/synedit/syneditwrappedview.pp(1127,32) Note: (6058) Call to subroutine "function TLazShiftBufferListObjBase<SynEditWrappedView.PSynWordWrapInvalidLinesRecord,SynEditWrappedView.TLazListClassesItemSize<SynEditWrappedView.TSynWordWrapInvalidLinesRecord>>.GetItemPointer(Index:LongInt):^TSynWordWrapInvalidLinesRecord;" marked as inline is not inlined
/usr/lib/lazarus/3.0/components/synedit/syneditwrappedview.pp(1150,26) Note: (6058) Call to subroutine "function TLazListClassesInternalMem.GetCount:LongInt;" marked as inline is not inlined
/usr/lib/lazarus/3.0/components/synedit/syneditwrappedview.pp(1150,26) Note: (6058) Call to subroutine "function TLazShiftBufferListObjBase<SynEditWrappedView.PSynWordWrapInvalidLinesRecord,SynEditWrappedView.TLazListClassesItemSize<SynEditWrappedView.TSynWordWrapInvalidLinesRecord>>.GetItemPointer(Index:LongInt):^TSynWordWrapInvalidLinesRecord;" marked as inline is not inlined
/usr/lib/lazarus/3.0/components/synedit/syneditwrappedview.pp(1548,14) Warning: (5063) Symbol "ValidateAll" is experimental
/usr/lib/lazarus/3.0/components/synedit/syneditwrappedview.pp(1724,24) Warning: (5063) Symbol "Tree" is experimental
/usr/lib/lazarus/3.0/components/synedit/syneditwrappedview.pp(1792,60) Warning: (5063) Symbol "TextViewsManager" is experimental
/usr/lib/lazarus/3.0/components/synedit/syneditwrappedview.pp(1795,22) Warning: (5063) Symbol "TextViewsManager" is experimental
/usr/lib/lazarus/3.0/components/synedit/syneditwrappedview.pp(1809,10) Warning: (5063) Symbol "WrapAll" is experimental
/usr/lib/lazarus/3.0/components/synedit/syneditwrappedview.pp(1816,16) Warning: (5063) Symbol "Tree" is experimental
/usr/lib/lazarus/3.0/components/synedit/syneditwrappedview.pp(1819,18) Warning: (5063) Symbol "Tree" is experimental
/usr/lib/lazarus/3.0/components/synedit/syneditwrappedview.pp(1820,14) Warning: (5063) Symbol "ValidateAll" is experimental
/usr/lib/lazarus/3.0/components/synedit/syneditwrappedview.pp(1828,21) Warning: (5063) Symbol "Tree" is experimental
/usr/lib/lazarus/3.0/components/synedit/syneditwrappedview.pp(1831,22) Warning: (5063) Symbol "Tree" is experimental
/usr/lib/lazarus/3.0/components/synedit/syneditwrappedview.pp(1834,20) Warning: (5063) Symbol "Tree" is experimental
/usr/lib/lazarus/3.0/components/synedit/syneditwrappedview.pp(1837,16) Warning: (5063) Symbol "Tree" is experimental
/usr/lib/lazarus/3.0/components/synedit/allsynedit.pas(35,3) Warning: (5079) Unit "SynEditWrappedView" is experimental
(3104) Compiling synbeautifierpascal.pas
(3104) Compiling synpopupmenu.pas
/usr/lib/lazarus/3.0/components/synedit/allsynedit.pas(11,3) Hint: (5023) Unit "SynBeautifier" not used in allsynedit
/usr/lib/lazarus/3.0/components/synedit/allsynedit.pas(11,42) Hint: (5023) Unit "SynEditAutoComplete" not used in allsynedit
/usr/lib/lazarus/3.0/components/synedit/allsynedit.pas(11,63) Hint: (5023) Unit "SynEditExport" not used in allsynedit
/usr/lib/lazarus/3.0/components/synedit/allsynedit.pas(13,3) Hint: (5023) Unit "SynEditHighlighterXMLBase" not used in allsynedit
/usr/lib/lazarus/3.0/components/synedit/allsynedit.pas(13,46) Hint: (5023) Unit "LazSynEditMouseCmdsTypes" not used in allsynedit
/usr/lib/lazarus/3.0/components/synedit/allsynedit.pas(14,21) Hint: (5023) Unit "SynEditLines" not used in allsynedit
/usr/lib/lazarus/3.0/components/synedit/allsynedit.pas(14,35) Hint: (5023) Unit "SynEditMarks" not used in allsynedit
/usr/lib/lazarus/3.0/components/synedit/allsynedit.pas(14,49) Hint: (5023) Unit "SynEditMarkup" not used in allsynedit
/usr/lib/lazarus/3.0/components/synedit/allsynedit.pas(15,3) Hint: (5023) Unit "SynEditMarkupBracket" not used in allsynedit
/usr/lib/lazarus/3.0/components/synedit/allsynedit.pas(15,25) Hint: (5023) Unit "SynEditMarkupCtrlMouseLink" not used in allsynedit
/usr/lib/lazarus/3.0/components/synedit/allsynedit.pas(15,53) Hint: (5023) Unit "SynEditMarkupHighAll" not used in allsynedit
/usr/lib/lazarus/3.0/components/synedit/allsynedit.pas(16,3) Hint: (5023) Unit "SynEditMarkupSelection" not used in allsynedit
/usr/lib/lazarus/3.0/components/synedit/allsynedit.pas(16,27) Hint: (5023) Unit "SynEditMarkupSpecialLine" not used in allsynedit
/usr/lib/lazarus/3.0/components/synedit/allsynedit.pas(16,53) Hint: (5023) Unit "SynEditMarkupWordGroup" not used in allsynedit
/usr/lib/lazarus/3.0/components/synedit/allsynedit.pas(17,3) Hint: (5023) Unit "SynEditMiscClasses" not used in allsynedit
/usr/lib/lazarus/3.0/components/synedit/allsynedit.pas(17,23) Hint: (5023) Unit "SynEditMiscProcs" not used in allsynedit
/usr/lib/lazarus/3.0/components/synedit/allsynedit.pas(17,59) Hint: (5023) Unit "SynEditPlugins" not used in allsynedit
/usr/lib/lazarus/3.0/components/synedit/allsynedit.pas(18,3) Hint: (5023) Unit "SynEditPointClasses" not used in allsynedit
/usr/lib/lazarus/3.0/components/synedit/allsynedit.pas(18,24) Hint: (5023) Unit "SynEditRegexSearch" not used in allsynedit
/usr/lib/lazarus/3.0/components/synedit/allsynedit.pas(18,59) Hint: (5023) Unit "SynEditStrConst" not used in allsynedit
/usr/lib/lazarus/3.0/components/synedit/allsynedit.pas(19,3) Hint: (5023) Unit "SynEditTextBase" not used in allsynedit
/usr/lib/lazarus/3.0/components/synedit/allsynedit.pas(19,39) Hint: (5023) Unit "SynEditTextBidiChars" not used in allsynedit
/usr/lib/lazarus/3.0/components/synedit/allsynedit.pas(20,3) Hint: (5023) Unit "SynEditTextTabExpander" not used in allsynedit
/usr/lib/lazarus/3.0/components/synedit/allsynedit.pas(20,27) Hint: (5023) Unit "SynEditTextTrimmer" not used in allsynedit
/usr/lib/lazarus/3.0/components/synedit/allsynedit.pas(20,47) Hint: (5023) Unit "SynEditTypes" not used in allsynedit
/usr/lib/lazarus/3.0/components/synedit/allsynedit.pas(20,61) Hint: (5023) Unit "SynExportHTML" not used in allsynedit
/usr/lib/lazarus/3.0/components/synedit/allsynedit.pas(21,3) Hint: (5023) Unit "SynGutter" not used in allsynedit
/usr/lib/lazarus/3.0/components/synedit/allsynedit.pas(21,14) Hint: (5023) Unit "SynGutterBase" not used in allsynedit
/usr/lib/lazarus/3.0/components/synedit/allsynedit.pas(21,29) Hint: (5023) Unit "SynGutterChanges" not used in allsynedit
/usr/lib/lazarus/3.0/components/synedit/allsynedit.pas(22,3) Hint: (5023) Unit "SynGutterLineNumber" not used in allsynedit
/usr/lib/lazarus/3.0/components/synedit/allsynedit.pas(22,24) Hint: (5023) Unit "SynGutterLineOverview" not used in allsynedit
/usr/lib/lazarus/3.0/components/synedit/allsynedit.pas(22,47) Hint: (5023) Unit "SynGutterMarks" not used in allsynedit
/usr/lib/lazarus/3.0/components/synedit/allsynedit.pas(24,3) Hint: (5023) Unit "SynHighlighterHashEntries" not used in allsynedit
/usr/lib/lazarus/3.0/components/synedit/allsynedit.pas(27,3) Hint: (5023) Unit "SynHighlighterPosition" not used in allsynedit
/usr/lib/lazarus/3.0/components/synedit/allsynedit.pas(29,22) Hint: (5023) Unit "SynMacroRecorder" not used in allsynedit
/usr/lib/lazarus/3.0/components/synedit/allsynedit.pas(29,40) Hint: (5023) Unit "SynMemo" not used in allsynedit
/usr/lib/lazarus/3.0/components/synedit/allsynedit.pas(30,3) Hint: (5023) Unit "SynPluginSyncronizedEditBase" not used in allsynedit
/usr/lib/lazarus/3.0/components/synedit/allsynedit.pas(30,56) Hint: (5023) Unit "LazSynEditText" not used in allsynedit
/usr/lib/lazarus/3.0/components/synedit/allsynedit.pas(31,3) Hint: (5023) Unit "LazSynTextArea" not used in allsynedit
/usr/lib/lazarus/3.0/components/synedit/allsynedit.pas(31,34) Hint: (5023) Unit "SynEditMarkupGutterMark" not used in allsynedit
/usr/lib/lazarus/3.0/components/synedit/allsynedit.pas(32,22) Hint: (5023) Unit "SynEditMarkupSpecialChar" not used in allsynedit
/usr/lib/lazarus/3.0/components/synedit/allsynedit.pas(32,48) Hint: (5023) Unit "SynEditTextDoubleWidthChars" not used in allsynedit
/usr/lib/lazarus/3.0/components/synedit/allsynedit.pas(33,3) Hint: (5023) Unit "SynEditTextSystemCharWidth" not used in allsynedit
/usr/lib/lazarus/3.0/components/synedit/allsynedit.pas(33,31) Hint: (5023) Unit "SynEditMarkupIfDef" not used in allsynedit
/usr/lib/lazarus/3.0/components/synedit/allsynedit.pas(34,23) Hint: (5023) Unit "SynEditMarkupFoldColoring" not used in allsynedit
/usr/lib/lazarus/3.0/components/synedit/allsynedit.pas(34,50) Hint: (5023) Unit "SynEditViewedLineMap" not used in allsynedit
/usr/lib/lazarus/3.0/components/synedit/allsynedit.pas(35,3) Hint: (5023) Unit "SynEditWrappedView" not used in allsynedit
/usr/lib/lazarus/3.0/components/synedit/allsynedit.pas(35,23) Hint: (5023) Unit "SynBeautifierPascal" not used in allsynedit
/usr/lib/lazarus/3.0/components/synedit/allsynedit.pas(35,44) Hint: (5023) Unit "LazSynIMMBase" not used in allsynedit
/usr/lib/lazarus/3.0/components/synedit/allsynedit.pas(35,59) Hint: (5023) Unit "SynPopupMenu" not used in allsynedit
(1008) 116447 lines compiled, 4.4 sec
(1021) 49 warning(s) issued
(1022) 132 hint(s) issued
(1023) 54 note(s) issued
Warning: (lazarus) [TLazPackageGraph.ConvertPackageRSTFiles] skipping read only directory /usr/lib/lazarus/3.0/components/synedit/languages/
Hint: (11030) Start of reading config file /etc/fpc.cfg
Hint: (11031) End of reading config file /etc/fpc.cfg
Free Pascal Compiler version 3.2.2+dfsg-32 [2024/01/05] for x86_64
Copyright (c) 1993-2021 by Florian Klaempfl and others
(1002) Target OS: Linux for x86-64
(3104) Compiling project_peach.lpr
(3104) Compiling peach.pas
(3104) Compiling hash.pas
(3104) Compiling btypes.pas
/home/riceric/unarchiver-assessment-20260930/peazip/dev/hash.pas(316,20) Hint: (5057) Local variable "Context" does not seem to be initialized
/home/riceric/unarchiver-assessment-20260930/peazip/dev/hash.pas(387,18) Hint: (5057) Local variable "Context" does not seem to be initialized
/home/riceric/unarchiver-assessment-20260930/peazip/dev/hash.pas(94,3) Hint: (5023) Unit "BTypes" not used in Hash
(3104) Compiling adler32.pas
/home/riceric/unarchiver-assessment-20260930/peazip/dev/adler32.pas(80,28) Hint: (5024) Parameter "adler" not used
/home/riceric/unarchiver-assessment-20260930/peazip/dev/adler32.pas(223,17) Hint: (5057) Local variable "AF" does not seem to be initialized
/home/riceric/unarchiver-assessment-20260930/peazip/dev/adler32.pas(224,17) Hint: (5057) Local variable "A1" does not seem to be initialized
(3104) Compiling crc16.pas
/home/riceric/unarchiver-assessment-20260930/peazip/dev/crc16.pas(90,26) Hint: (5024) Parameter "CRC" not used
/home/riceric/unarchiver-assessment-20260930/peazip/dev/crc16.pas(299,17) Hint: (5057) Local variable "CRCF" does not seem to be initialized
/home/riceric/unarchiver-assessment-20260930/peazip/dev/crc16.pas(300,16) Hint: (5057) Local variable "CRC" does not seem to be initialized
(3104) Compiling crc24.pas
/home/riceric/unarchiver-assessment-20260930/peazip/dev/crc24.pas(352,17) Hint: (5057) Local variable "CRCF" does not seem to be initialized
/home/riceric/unarchiver-assessment-20260930/peazip/dev/crc24.pas(353,16) Hint: (5057) Local variable "CRC" does not seem to be initialized
(3104) Compiling crc32.pas
/home/riceric/unarchiver-assessment-20260930/peazip/dev/crc32.pas(364,17) Hint: (5057) Local variable "CRCF" does not seem to be initialized
/home/riceric/unarchiver-assessment-20260930/peazip/dev/crc32.pas(365,16) Hint: (5057) Local variable "CRC" does not seem to be initialized
(3104) Compiling crc64.pas
/home/riceric/unarchiver-assessment-20260930/peazip/dev/crc64.pas(530,16) Hint: (5057) Local variable "CRC" does not seem to be initialized
/home/riceric/unarchiver-assessment-20260930/peazip/dev/crc64.pas(82,6) Hint: (5023) Unit "BTypes" not used in CRC64
(3104) Compiling ed2k.pas
(3104) Compiling md4.pas
/home/riceric/unarchiver-assessment-20260930/peazip/dev/md4.pas(572,30) Hint: (5057) Local variable "tmp" does not seem to be initialized
/home/riceric/unarchiver-assessment-20260930/peazip/dev/md4.pas(583,29) Hint: (5057) Local variable "tmp" does not seem to be initialized
/home/riceric/unarchiver-assessment-20260930/peazip/dev/md4.pas(638,18) Hint: (5057) Local variable "Context" does not seem to be initialized
/home/riceric/unarchiver-assessment-20260930/peazip/dev/md4.pas(659,33) Hint: (5057) Local variable "tmp" does not seem to be initialized
/home/riceric/unarchiver-assessment-20260930/peazip/dev/ed2k.pas(260,21) Hint: (5057) Local variable "ResRec" does not seem to be initialized
/home/riceric/unarchiver-assessment-20260930/peazip/dev/ed2k.pas(269,22) Hint: (5057) Local variable "Context" does not seem to be initialized
/home/riceric/unarchiver-assessment-20260930/peazip/dev/ed2k.pas(299,20) Hint: (5057) Local variable "Context" does not seem to be initialized
/home/riceric/unarchiver-assessment-20260930/peazip/dev/ed2k.pas(343,20) Hint: (5057) Local variable "Context" does not seem to be initialized
(3104) Compiling md5.pas
/home/riceric/unarchiver-assessment-20260930/peazip/dev/md5.pas(569,30) Hint: (5057) Local variable "tmp" does not seem to be initialized
/home/riceric/unarchiver-assessment-20260930/peazip/dev/md5.pas(587,30) Hint: (5057) Local variable "tmp" does not seem to be initialized
/home/riceric/unarchiver-assessment-20260930/peazip/dev/md5.pas(642,18) Hint: (5057) Local variable "Context" does not seem to be initialized
/home/riceric/unarchiver-assessment-20260930/peazip/dev/md5.pas(663,33) Hint: (5057) Local variable "tmp" does not seem to be initialized
(3104) Compiling rmd160.pas
/home/riceric/unarchiver-assessment-20260930/peazip/dev/rmd160.pas(1055,33) Hint: (5057) Local variable "tmp" does not seem to be initialized
/home/riceric/unarchiver-assessment-20260930/peazip/dev/rmd160.pas(1073,33) Hint: (5057) Local variable "tmp" does not seem to be initialized
/home/riceric/unarchiver-assessment-20260930/peazip/dev/rmd160.pas(1136,21) Hint: (5057) Local variable "Context" does not seem to be initialized
/home/riceric/unarchiver-assessment-20260930/peazip/dev/rmd160.pas(1157,36) Hint: (5057) Local variable "tmp" does not seem to be initialized
(3104) Compiling sha1.pas
/home/riceric/unarchiver-assessment-20260930/peazip/dev/sha1.pas(329,24) Hint: (5057) Local variable "W" does not seem to be initialized
/home/riceric/unarchiver-assessment-20260930/peazip/dev/sha1.pas(779,31) Hint: (5057) Local variable "tmp" does not seem to be initialized
/home/riceric/unarchiver-assessment-20260930/peazip/dev/sha1.pas(798,31) Hint: (5057) Local variable "tmp" does not seem to be initialized
/home/riceric/unarchiver-assessment-20260930/peazip/dev/sha1.pas(858,19) Hint: (5057) Local variable "Context" does not seem to be initialized
/home/riceric/unarchiver-assessment-20260930/peazip/dev/sha1.pas(879,34) Hint: (5057) Local variable "tmp" does not seem to be initialized
(3104) Compiling sha3_256.pas
(3104) Compiling sha3.pas
/home/riceric/unarchiver-assessment-20260930/peazip/dev/sha3.pas(197,3) Hint: (5028) Local const "cKeccakNumberOfRounds" is not used
/home/riceric/unarchiver-assessment-20260930/peazip/dev/sha3_256.pas(294,23) Hint: (5057) Local variable "Context" does not seem to be initialized
/home/riceric/unarchiver-assessment-20260930/peazip/dev/sha3_256.pas(315,38) Hint: (5057) Local variable "tmp" does not seem to be initialized
(3104) Compiling sha256.pas
/home/riceric/unarchiver-assessment-20260930/peazip/dev/sha256.pas(922,33) Hint: (5057) Local variable "tmp" does not seem to be initialized
/home/riceric/unarchiver-assessment-20260930/peazip/dev/sha256.pas(941,33) Hint: (5057) Local variable "tmp" does not seem to be initialized
/home/riceric/unarchiver-assessment-20260930/peazip/dev/sha256.pas(1005,21) Hint: (5057) Local variable "Context" does not seem to be initialized
/home/riceric/unarchiver-assessment-20260930/peazip/dev/sha256.pas(1026,36) Hint: (5057) Local variable "tmp" does not seem to be initialized
(3104) Compiling sha3_512.pas
/home/riceric/unarchiver-assessment-20260930/peazip/dev/sha3_512.pas(309,23) Hint: (5057) Local variable "Context" does not seem to be initialized
/home/riceric/unarchiver-assessment-20260930/peazip/dev/sha3_512.pas(330,38) Hint: (5057) Local variable "tmp" does not seem to be initialized
(3104) Compiling sha512.pas
/home/riceric/unarchiver-assessment-20260930/peazip/dev/sha512.pas(1216,33) Hint: (5057) Local variable "tmp" does not seem to be initialized
/home/riceric/unarchiver-assessment-20260930/peazip/dev/sha512.pas(1235,33) Hint: (5057) Local variable "tmp" does not seem to be initialized
/home/riceric/unarchiver-assessment-20260930/peazip/dev/sha512.pas(1328,21) Hint: (5057) Local variable "Context" does not seem to be initialized
/home/riceric/unarchiver-assessment-20260930/peazip/dev/sha512.pas(1349,36) Hint: (5057) Local variable "tmp" does not seem to be initialized
(3104) Compiling whirl512.pas
/home/riceric/unarchiver-assessment-20260930/peazip/dev/whirl512.pas(1174,51) Hint: (5057) Local variable "S" does not seem to be initialized
/home/riceric/unarchiver-assessment-20260930/peazip/dev/whirl512.pas(1179,18) Hint: (5057) Local variable "L" does not seem to be initialized
/home/riceric/unarchiver-assessment-20260930/peazip/dev/whirl512.pas(1353,33) Hint: (5057) Local variable "tmp" does not seem to be initialized
/home/riceric/unarchiver-assessment-20260930/peazip/dev/whirl512.pas(1372,33) Hint: (5057) Local variable "tmp" does not seem to be initialized
/home/riceric/unarchiver-assessment-20260930/peazip/dev/whirl512.pas(1455,21) Hint: (5057) Local variable "Context" does not seem to be initialized
/home/riceric/unarchiver-assessment-20260930/peazip/dev/whirl512.pas(1476,35) Hint: (5057) Local variable "tmp" does not seem to be initialized
(3104) Compiling blake2s.pas
/home/riceric/unarchiver-assessment-20260930/peazip/dev/blake2s.pas(406,14) Hint: (5057) Local variable "m" does not seem to be initialized
/home/riceric/unarchiver-assessment-20260930/peazip/dev/blake2s.pas(560,18) Hint: (5057) Local variable "tb" does not seem to be initialized
/home/riceric/unarchiver-assessment-20260930/peazip/dev/blake2s.pas(632,22) Hint: (5057) Local variable "ctx" does not seem to be initialized
/home/riceric/unarchiver-assessment-20260930/peazip/dev/blake2s.pas(679,22) Hint: (5057) Local variable "ctx" does not seem to be initialized
/home/riceric/unarchiver-assessment-20260930/peazip/dev/blake2s.pas(685,25) Hint: (5057) Local variable "md" does not seem to be initialized
(3104) Compiling blake2b.pas
/home/riceric/unarchiver-assessment-20260930/peazip/dev/blake2b.pas(175,14) Hint: (5057) Local variable "v" does not seem to be initialized
/home/riceric/unarchiver-assessment-20260930/peazip/dev/blake2b.pas(182,14) Hint: (5057) Local variable "m" does not seem to be initialized
/home/riceric/unarchiver-assessment-20260930/peazip/dev/blake2b.pas(891,18) Hint: (5057) Local variable "tb" does not seem to be initialized
/home/riceric/unarchiver-assessment-20260930/peazip/dev/blake2b.pas(907,22) Hint: (5057) Local variable "ctx" does not seem to be initialized
/home/riceric/unarchiver-assessment-20260930/peazip/dev/blake2b.pas(955,22) Hint: (5057) Local variable "ctx" does not seem to be initialized
/home/riceric/unarchiver-assessment-20260930/peazip/dev/blake2b.pas(961,25) Hint: (5057) Local variable "md" does not seem to be initialized
(3104) Compiling mem_util.pas
/home/riceric/unarchiver-assessment-20260930/peazip/dev/mem_util.pas(301,14) Hint: (5057) Local variable "ic" does not seem to be initialized
(3104) Compiling aes_eax.pas
(3104) Compiling aes_type.pas
(3104) Compiling aes_base.pas
(3104) Compiling aes_ctr.pas
(3104) Compiling aes_encr.pas
/home/riceric/unarchiver-assessment-20260930/peazip/dev/aes_seek.inc(82,20) Hint: (5057) Local variable "TC" does not seem to be initialized
(3104) Compiling aes_omac.pas
/home/riceric/unarchiver-assessment-20260930/peazip/dev/aes_eax.pas(157,17) Hint: (5057) Local variable "t_n" does not seem to be initialized
/home/riceric/unarchiver-assessment-20260930/peazip/dev/aes_eax.pas(223,21) Hint: (5057) Local variable "ht" does not seem to be initialized
/home/riceric/unarchiver-assessment-20260930/peazip/dev/aes_eax.pas(258,51) Hint: (5057) Local variable "ctx" does not seem to be initialized
/home/riceric/unarchiver-assessment-20260930/peazip/dev/aes_eax.pas(297,23) Hint: (5057) Local variable "atag" does not seem to be initialized
/home/riceric/unarchiver-assessment-20260930/peazip/dev/aes_eax.pas(343,51) Hint: (5057) Local variable "ctx" does not seem to be initialized
(3104) Compiling fcaes256.pas
(3104) Compiling hmac.pas
/home/riceric/unarchiver-assessment-20260930/peazip/dev/hmac.pas(109,27) Hint: (5057) Local variable "kb" does not seem to be initialized
(3104) Compiling kdf.pas
/home/riceric/unarchiver-assessment-20260930/peazip/dev/kdf.pas(173,14) Hint: (5057) Local variable "ctx" does not seem to be initialized
/home/riceric/unarchiver-assessment-20260930/peazip/dev/kdf.pas(176,23) Hint: (5057) Local variable "Digest" does not seem to be initialized
/home/riceric/unarchiver-assessment-20260930/peazip/dev/kdf.pas(222,14) Hint: (5057) Local variable "ii" does not seem to be initialized
/home/riceric/unarchiver-assessment-20260930/peazip/dev/kdf.pas(225,18) Hint: (5057) Local variable "ucum" does not seem to be initialized
/home/riceric/unarchiver-assessment-20260930/peazip/dev/kdf.pas(227,20) Hint: (5057) Local variable "ctx" does not seem to be initialized
/home/riceric/unarchiver-assessment-20260930/peazip/dev/kdf.pas(289,15) Hint: (5057) Local variable "ctr" does not seem to be initialized
/home/riceric/unarchiver-assessment-20260930/peazip/dev/kdf.pas(296,23) Hint: (5057) Local variable "ctx" does not seem to be initialized
/home/riceric/unarchiver-assessment-20260930/peazip/dev/kdf.pas(307,30) Hint: (5057) Local variable "Digest" does not seem to be initialized
/home/riceric/unarchiver-assessment-20260930/peazip/dev/kdf.pas(393,16) Hint: (5057) Local variable "TI" does not seem to be initialized
/home/riceric/unarchiver-assessment-20260930/peazip/dev/kdf.pas(394,18) Hint: (5057) Local variable "ctx" does not seem to be initialized
/home/riceric/unarchiver-assessment-20260930/peazip/dev/kdf.pas(398,22) Hint: (5057) Local variable "PRK" does not seem to be initialized
(3104) Compiling scrypt.pas
(3104) Compiling memh.pas
/home/riceric/unarchiver-assessment-20260930/peazip/dev/scrypt.pas(288,14) Hint: (5057) Local variable "X" does not seem to be initialized
/home/riceric/unarchiver-assessment-20260930/peazip/dev/fcaes256.pas(156,15) Hint: (5057) Local variable "CTR" does not seem to be initialized
/home/riceric/unarchiver-assessment-20260930/peazip/dev/fcaes256.pas(160,86) Hint: (5057) Local variable "XKey" does not seem to be initialized
/home/riceric/unarchiver-assessment-20260930/peazip/dev/fcaes256.pas(214,29) Hint: (5057) Local variable "mac" does not seem to be initialized
/home/riceric/unarchiver-assessment-20260930/peazip/dev/fcaes256.pas(228,107) Hint: (5057) Local variable "XKey" does not seem to be initialized
/home/riceric/unarchiver-assessment-20260930/peazip/dev/fcaes256.pas(274,97) Hint: (5057) Local variable "XKey" does not seem to be initialized
(3104) Compiling list_utils.pas
/home/riceric/unarchiver-assessment-20260930/peazip/dev/list_utils.pas(1170,37) Hint: (5057) Local variable "vn" does not seem to be initialized
/home/riceric/unarchiver-assessment-20260930/peazip/dev/list_utils.pas(1396,39) Hint: (5091) Local variable "fattr_dec" of a managed type does not seem to be initialized
/home/riceric/unarchiver-assessment-20260930/peazip/dev/list_utils.pas(1396,28) Hint: (5091) Local variable "fattr" of a managed type does not seem to be initialized
/home/riceric/unarchiver-assessment-20260930/peazip/dev/list_utils.pas(1396,21) Hint: (5091) Local variable "ftimes" of a managed type does not seem to be initialized
/home/riceric/unarchiver-assessment-20260930/peazip/dev/list_utils.pas(1396,13) Hint: (5091) Local variable "fsizes" of a managed type does not seem to be initialized
/home/riceric/unarchiver-assessment-20260930/peazip/dev/list_utils.pas(1395,80) Hint: (5091) Local variable "flist" of a managed type does not seem to be initialized
/home/riceric/unarchiver-assessment-20260930/peazip/dev/list_utils.pas(1454,21) Hint: (5091) Local variable "dirarr" of a managed type does not seem to be initialized
/home/riceric/unarchiver-assessment-20260930/peazip/dev/list_utils.pas(1769,4) Note: (5025) Local variable "dotprefix" not used
/home/riceric/unarchiver-assessment-20260930/peazip/dev/list_utils.pas(391,39) Hint: (5024) Parameter "s" not used
/home/riceric/unarchiver-assessment-20260930/peazip/dev/list_utils.pas(2021,3) Note: (5025) Local variable "P" not used
/home/riceric/unarchiver-assessment-20260930/peazip/dev/list_utils.pas(2022,3) Note: (5025) Local variable "cl" not used
/home/riceric/unarchiver-assessment-20260930/peazip/dev/list_utils.pas(417,26) Hint: (5024) Parameter "s" not used
/home/riceric/unarchiver-assessment-20260930/peazip/dev/list_utils.pas(2198,16) Hint: (5091) Local variable "s" of a managed type does not seem to be initialized
/home/riceric/unarchiver-assessment-20260930/peazip/dev/list_utils.pas(2253,18) Hint: (5091) Local variable "s" of a managed type does not seem to be initialized
/home/riceric/unarchiver-assessment-20260930/peazip/dev/list_utils.pas(2438,3) Note: (5025) Local variable "i" not used
/home/riceric/unarchiver-assessment-20260930/peazip/dev/list_utils.pas(2439,3) Note: (5025) Local variable "s1" not used
/home/riceric/unarchiver-assessment-20260930/peazip/dev/list_utils.pas(2439,6) Note: (5025) Local variable "delimch" not used
/home/riceric/unarchiver-assessment-20260930/peazip/dev/list_utils.pas(2776,39) Hint: (5091) Local variable "fattr_dec" of a managed type does not seem to be initialized
/home/riceric/unarchiver-assessment-20260930/peazip/dev/list_utils.pas(2776,28) Hint: (5091) Local variable "fattr" of a managed type does not seem to be initialized
/home/riceric/unarchiver-assessment-20260930/peazip/dev/list_utils.pas(2776,21) Hint: (5091) Local variable "ftimes" of a managed type does not seem to be initialized
/home/riceric/unarchiver-assessment-20260930/peazip/dev/list_utils.pas(2776,13) Hint: (5091) Local variable "fsizes" of a managed type does not seem to be initialized
/home/riceric/unarchiver-assessment-20260930/peazip/dev/list_utils.pas(2775,82) Hint: (5091) Local variable "flist" of a managed type does not seem to be initialized
/home/riceric/unarchiver-assessment-20260930/peazip/dev/list_utils.pas(3011,3) Note: (5025) Local variable "BufferSize" not used
/home/riceric/unarchiver-assessment-20260930/peazip/dev/list_utils.pas(3012,3) Note: (5025) Local variable "LocalPath" not used
/home/riceric/unarchiver-assessment-20260930/peazip/dev/list_utils.pas(3013,3) Note: (5025) Local variable "s" not used
/home/riceric/unarchiver-assessment-20260930/peazip/dev/list_utils.pas(3014,3) Note: (5025) Local variable "wb" not used
/home/riceric/unarchiver-assessment-20260930/peazip/dev/list_utils.pas(3015,3) Note: (5025) Local variable "ws" not used
/home/riceric/unarchiver-assessment-20260930/peazip/dev/list_utils.pas(3016,3) Note: (5025) Local variable "DummyBuffer" not used
/home/riceric/unarchiver-assessment-20260930/peazip/dev/list_utils.pas(3017,3) Note: (5025) Local variable "Error" not used
/home/riceric/unarchiver-assessment-20260930/peazip/dev/list_utils.pas(3018,3) Note: (5025) Local variable "i" not used
/home/riceric/unarchiver-assessment-20260930/peazip/dev/list_utils.pas(533,27) Hint: (5024) Parameter "uLocalPath" not used
/home/riceric/unarchiver-assessment-20260930/peazip/dev/list_utils.pas(3009,10) Warning: (5033) Function result does not seem to be set
/home/riceric/unarchiver-assessment-20260930/peazip/dev/list_utils.pas(3069,32) Warning: (5089) Local variable "sout" of a managed type does not seem to be initialized
/home/riceric/unarchiver-assessment-20260930/peazip/dev/list_utils.pas(3085,8) Warning: (5089) Local variable "stout" of a managed type does not seem to be initialized
/home/riceric/unarchiver-assessment-20260930/peazip/dev/list_utils.pas(3202,10) Warning: (5033) Function result does not seem to be set
/home/riceric/unarchiver-assessment-20260930/peazip/dev/list_utils.pas(3203,5) Note: (5025) Local variable "attr" not used
/home/riceric/unarchiver-assessment-20260930/peazip/dev/list_utils.pas(554,25) Hint: (5024) Parameter "s" not used
/home/riceric/unarchiver-assessment-20260930/peazip/dev/list_utils.pas(3220,5) Note: (5025) Local variable "attr" not used
/home/riceric/unarchiver-assessment-20260930/peazip/dev/list_utils.pas(3250,21) Hint: (5057) Local variable "n" does not seem to be initialized
/home/riceric/unarchiver-assessment-20260930/peazip/dev/list_utils.pas(3250,17) Hint: (5057) Local variable "sbuf" does not seem to be initialized
/home/riceric/unarchiver-assessment-20260930/peazip/dev/list_utils.pas(3286,21) Hint: (5057) Local variable "n" does not seem to be initialized
/home/riceric/unarchiver-assessment-20260930/peazip/dev/list_utils.pas(3286,17) Hint: (5057) Local variable "sbuf" does not seem to be initialized
/home/riceric/unarchiver-assessment-20260930/peazip/dev/list_utils.pas(3388,9) Warning: (5043) Symbol "CommandLine" is deprecated
/home/riceric/unarchiver-assessment-20260930/peazip/dev/list_utils.pas(3388,20) Warning: (5043) Symbol "SetCommandLine" is deprecated
(3104) Compiling pea_utils.pas
(3104) Compiling tf_base.pas
/home/riceric/unarchiver-assessment-20260930/peazip/dev/tf_base.pas(506,36) Hint: (5057) Local variable "T" does not seem to be initialized
/home/riceric/unarchiver-assessment-20260930/peazip/dev/tf_base.pas(547,39) Hint: (5057) Local variable "T" does not seem to be initialized
(3104) Compiling tf_ctr.pas
/home/riceric/unarchiver-assessment-20260930/peazip/dev/tf_seek.inc(81,20) Hint: (5057) Local variable "TC" does not seem to be initialized
(3104) Compiling tf_eax.pas
(3104) Compiling tf_omac.pas
/home/riceric/unarchiver-assessment-20260930/peazip/dev/tf_eax.pas(114,17) Hint: (5057) Local variable "t_n" does not seem to be initialized
/home/riceric/unarchiver-assessment-20260930/peazip/dev/tf_eax.pas(181,20) Hint: (5057) Local variable "ht" does not seem to be initialized
(3104) Compiling sp_eax.pas
(3104) Compiling sp_base.pas
(3104) Compiling sp_ctr.pas
/home/riceric/unarchiver-assessment-20260930/peazip/dev/sp_seek.inc(81,20) Hint: (5057) Local variable "TC" does not seem to be initialized
(3104) Compiling sp_omac.pas
/home/riceric/unarchiver-assessment-20260930/peazip/dev/sp_eax.pas(114,17) Hint: (5057) Local variable "t_n" does not seem to be initialized
/home/riceric/unarchiver-assessment-20260930/peazip/dev/sp_eax.pas(181,20) Hint: (5057) Local variable "ht" does not seem to be initialized
(3104) Compiling fcrypta.pas
/home/riceric/unarchiver-assessment-20260930/peazip/dev/fcrypta.pas(161,15) Hint: (5057) Local variable "CTR" does not seem to be initialized
/home/riceric/unarchiver-assessment-20260930/peazip/dev/fcrypta.pas(165,83) Hint: (5057) Local variable "XKey" does not seem to be initialized
/home/riceric/unarchiver-assessment-20260930/peazip/dev/fcrypta.pas(219,29) Hint: (5057) Local variable "mac" does not seem to be initialized
/home/riceric/unarchiver-assessment-20260930/peazip/dev/fcrypta.pas(233,99) Hint: (5057) Local variable "XKey" does not seem to be initialized
(3104) Compiling fcryptt.pas
/home/riceric/unarchiver-assessment-20260930/peazip/dev/fcryptt.pas(145,15) Hint: (5057) Local variable "CTR" does not seem to be initialized
/home/riceric/unarchiver-assessment-20260930/peazip/dev/fcryptt.pas(149,83) Hint: (5057) Local variable "XKey" does not seem to be initialized
/home/riceric/unarchiver-assessment-20260930/peazip/dev/fcryptt.pas(203,29) Hint: (5057) Local variable "mac" does not seem to be initialized
/home/riceric/unarchiver-assessment-20260930/peazip/dev/fcryptt.pas(217,99) Hint: (5057) Local variable "XKey" does not seem to be initialized
(3104) Compiling fcrypts.pas
/home/riceric/unarchiver-assessment-20260930/peazip/dev/fcrypts.pas(145,15) Hint: (5057) Local variable "CTR" does not seem to be initialized
/home/riceric/unarchiver-assessment-20260930/peazip/dev/fcrypts.pas(149,83) Hint: (5057) Local variable "XKey" does not seem to be initialized
/home/riceric/unarchiver-assessment-20260930/peazip/dev/fcrypts.pas(203,29) Hint: (5057) Local variable "mac" does not seem to be initialized
/home/riceric/unarchiver-assessment-20260930/peazip/dev/fcrypts.pas(217,99) Hint: (5057) Local variable "XKey" does not seem to be initialized
(3104) Compiling fctf256.pas
/home/riceric/unarchiver-assessment-20260930/peazip/dev/fctf256.pas(145,15) Hint: (5057) Local variable "CTR" does not seem to be initialized
/home/riceric/unarchiver-assessment-20260930/peazip/dev/fctf256.pas(149,86) Hint: (5057) Local variable "XKey" does not seem to be initialized
/home/riceric/unarchiver-assessment-20260930/peazip/dev/fctf256.pas(203,29) Hint: (5057) Local variable "mac" does not seem to be initialized
/home/riceric/unarchiver-assessment-20260930/peazip/dev/fctf256.pas(217,107) Hint: (5057) Local variable "XKey" does not seem to be initialized
/home/riceric/unarchiver-assessment-20260930/peazip/dev/fctf256.pas(263,104) Hint: (5057) Local variable "XKey" does not seem to be initialized
(3104) Compiling fcsp256.pas
/home/riceric/unarchiver-assessment-20260930/peazip/dev/fcsp256.pas(145,15) Hint: (5057) Local variable "CTR" does not seem to be initialized
/home/riceric/unarchiver-assessment-20260930/peazip/dev/fcsp256.pas(149,86) Hint: (5057) Local variable "XKey" does not seem to be initialized
/home/riceric/unarchiver-assessment-20260930/peazip/dev/fcsp256.pas(203,29) Hint: (5057) Local variable "mac" does not seem to be initialized
/home/riceric/unarchiver-assessment-20260930/peazip/dev/fcsp256.pas(217,107) Hint: (5057) Local variable "XKey" does not seem to be initialized
/home/riceric/unarchiver-assessment-20260930/peazip/dev/fcsp256.pas(275,110) Hint: (5057) Local variable "XKey" does not seem to be initialized
(3104) Compiling tsc.pas
(3104) Compiling img_utils.pas
/home/riceric/unarchiver-assessment-20260930/peazip/dev/img_utils.pas(304,40) Warning: (2031) compiler switches are not supported in // styled comments
/home/riceric/unarchiver-assessment-20260930/peazip/dev/pea_utils.pas(516,25) Hint: (5057) Local variable "SHA256Context" does not seem to be initialized
/home/riceric/unarchiver-assessment-20260930/peazip/dev/pea_utils.pas(518,35) Hint: (5057) Local variable "n" does not seem to be initialized
/home/riceric/unarchiver-assessment-20260930/peazip/dev/pea_utils.pas(518,20) Hint: (5057) Local variable "sbuf" does not seem to be initialized
/home/riceric/unarchiver-assessment-20260930/peazip/dev/pea_utils.pas(521,14) Warning: (5036) Local variable "k" does not seem to be initialized
/home/riceric/unarchiver-assessment-20260930/peazip/dev/pea_utils.pas(526,39) Hint: (5057) Local variable "SHA256Digest" does not seem to be initialized
/home/riceric/unarchiver-assessment-20260930/peazip/dev/pea_utils.pas(636,20) Warning: (2031) compiler switches are not supported in // styled comments
/home/riceric/unarchiver-assessment-20260930/peazip/dev/pea_utils.pas(688,22) Hint: (5057) Local variable "salt" does not seem to be initialized
/home/riceric/unarchiver-assessment-20260930/peazip/dev/pea_utils.pas(689,21) Hint: (5057) Local variable "SHA1Context" does not seem to be initialized
/home/riceric/unarchiver-assessment-20260930/peazip/dev/pea_utils.pas(691,33) Hint: (5057) Local variable "shortsalt" does not seem to be initialized
/home/riceric/unarchiver-assessment-20260930/peazip/dev/pea_utils.pas(727,22) Hint: (5057) Local variable "salt" does not seem to be initialized
/home/riceric/unarchiver-assessment-20260930/peazip/dev/pea_utils.pas(728,21) Hint: (5057) Local variable "SHA1Context" does not seem to be initialized
/home/riceric/unarchiver-assessment-20260930/peazip/dev/pea_utils.pas(730,33) Hint: (5057) Local variable "shortsalt" does not seem to be initialized
/home/riceric/unarchiver-assessment-20260930/peazip/dev/pea_utils.pas(766,22) Hint: (5057) Local variable "salt" does not seem to be initialized
/home/riceric/unarchiver-assessment-20260930/peazip/dev/pea_utils.pas(767,21) Hint: (5057) Local variable "SHA1Context" does not seem to be initialized
/home/riceric/unarchiver-assessment-20260930/peazip/dev/pea_utils.pas(769,33) Hint: (5057) Local variable "shortsalt" does not seem to be initialized
/home/riceric/unarchiver-assessment-20260930/peazip/dev/pea_utils.pas(804,22) Hint: (5057) Local variable "salt" does not seem to be initialized
/home/riceric/unarchiver-assessment-20260930/peazip/dev/pea_utils.pas(805,21) Hint: (5057) Local variable "SHA1Context" does not seem to be initialized
/home/riceric/unarchiver-assessment-20260930/peazip/dev/pea_utils.pas(807,33) Hint: (5057) Local variable "shortsalt" does not seem to be initialized
/home/riceric/unarchiver-assessment-20260930/peazip/dev/pea_utils.pas(842,22) Hint: (5057) Local variable "salt" does not seem to be initialized
/home/riceric/unarchiver-assessment-20260930/peazip/dev/pea_utils.pas(843,21) Hint: (5057) Local variable "SHA1Context" does not seem to be initialized
/home/riceric/unarchiver-assessment-20260930/peazip/dev/pea_utils.pas(845,33) Hint: (5057) Local variable "shortsalt" does not seem to be initialized
/home/riceric/unarchiver-assessment-20260930/peazip/dev/pea_utils.pas(880,22) Hint: (5057) Local variable "salt" does not seem to be initialized
/home/riceric/unarchiver-assessment-20260930/peazip/dev/pea_utils.pas(881,21) Hint: (5057) Local variable "SHA1Context" does not seem to be initialized
/home/riceric/unarchiver-assessment-20260930/peazip/dev/pea_utils.pas(883,33) Hint: (5057) Local variable "shortsalt" does not seem to be initialized
/home/riceric/unarchiver-assessment-20260930/peazip/dev/pea_utils.pas(920,22) Hint: (5057) Local variable "salt" does not seem to be initialized
/home/riceric/unarchiver-assessment-20260930/peazip/dev/pea_utils.pas(921,21) Hint: (5057) Local variable "SHA1Context" does not seem to be initialized
/home/riceric/unarchiver-assessment-20260930/peazip/dev/pea_utils.pas(923,33) Hint: (5057) Local variable "shortsalt" does not seem to be initialized
/home/riceric/unarchiver-assessment-20260930/peazip/dev/pea_utils.pas(962,22) Hint: (5057) Local variable "salt" does not seem to be initialized
/home/riceric/unarchiver-assessment-20260930/peazip/dev/pea_utils.pas(963,21) Hint: (5057) Local variable "SHA1Context" does not seem to be initialized
/home/riceric/unarchiver-assessment-20260930/peazip/dev/pea_utils.pas(965,33) Hint: (5057) Local variable "shortsalt" does not seem to be initialized
/home/riceric/unarchiver-assessment-20260930/peazip/dev/pea_utils.pas(1004,22) Hint: (5057) Local variable "salt" does not seem to be initialized
/home/riceric/unarchiver-assessment-20260930/peazip/dev/pea_utils.pas(1005,21) Hint: (5057) Local variable "SHA1Context" does not seem to be initialized
/home/riceric/unarchiver-assessment-20260930/peazip/dev/pea_utils.pas(1007,33) Hint: (5057) Local variable "shortsalt" does not seem to be initialized
/home/riceric/unarchiver-assessment-20260930/peazip/dev/pea_utils.pas(1044,22) Hint: (5057) Local variable "salt" does not seem to be initialized
/home/riceric/unarchiver-assessment-20260930/peazip/dev/pea_utils.pas(1045,21) Hint: (5057) Local variable "SHA1Context" does not seem to be initialized
/home/riceric/unarchiver-assessment-20260930/peazip/dev/pea_utils.pas(1047,33) Hint: (5057) Local variable "shortsalt" does not seem to be initialized
/home/riceric/unarchiver-assessment-20260930/peazip/dev/pea_utils.pas(1744,29) Hint: (5057) Local variable "buf_data" does not seem to be initialized
/home/riceric/unarchiver-assessment-20260930/peazip/dev/pea_utils.pas(1773,25) Hint: (5057) Local variable "SHA512Context" does not seem to be initialized
/home/riceric/unarchiver-assessment-20260930/peazip/dev/pea_utils.pas(1775,22) Hint: (5057) Local variable "tdigest" does not seem to be initialized
/home/riceric/unarchiver-assessment-20260930/peazip/dev/pea_utils.pas(1777,24) Hint: (5057) Local variable "memdigest" does not seem to be initialized
/home/riceric/unarchiver-assessment-20260930/peazip/dev/pea_utils.pas(1781,24) Hint: (5057) Local variable "mentd" does not seem to be initialized
/home/riceric/unarchiver-assessment-20260930/peazip/dev/pea_utils.pas(1784,24) Hint: (5057) Local variable "kentd" does not seem to be initialized
/home/riceric/unarchiver-assessment-20260930/peazip/dev/pea_utils.pas(1787,24) Hint: (5057) Local variable "fentd" does not seem to be initialized
/home/riceric/unarchiver-assessment-20260930/peazip/dev/pea_utils.pas(1794,24) Hint: (5057) Local variable "randarr" does not seem to be initialized
/home/riceric/unarchiver-assessment-20260930/peazip/dev/pea_utils.pas(1811,45) Hint: (5057) Local variable "aes_ctx" does not seem to be initialized
/home/riceric/unarchiver-assessment-20260930/peazip/dev/pea_utils.pas(1819,42) Hint: (5057) Local variable "tf_ctx" does not seem to be initialized
/home/riceric/unarchiver-assessment-20260930/peazip/dev/pea_utils.pas(1843,25) Hint: (5057) Local variable "SHA512Context" does not seem to be initialized
/home/riceric/unarchiver-assessment-20260930/peazip/dev/pea_utils.pas(1844,24) Hint: (5057) Local variable "WhirlContext" does not seem to be initialized
/home/riceric/unarchiver-assessment-20260930/peazip/dev/pea_utils.pas(1846,22) Hint: (5057) Local variable "tdigest" does not seem to be initialized
/home/riceric/unarchiver-assessment-20260930/peazip/dev/pea_utils.pas(1852,24) Hint: (5057) Local variable "memdigest" does not seem to be initialized
/home/riceric/unarchiver-assessment-20260930/peazip/dev/pea_utils.pas(1861,24) Hint: (5057) Local variable "mentd" does not seem to be initialized
/home/riceric/unarchiver-assessment-20260930/peazip/dev/pea_utils.pas(1865,24) Hint: (5057) Local variable "kentd" does not seem to be initialized
/home/riceric/unarchiver-assessment-20260930/peazip/dev/pea_utils.pas(1869,24) Hint: (5057) Local variable "fentd" does not seem to be initialized
/home/riceric/unarchiver-assessment-20260930/peazip/dev/pea_utils.pas(1877,24) Hint: (5057) Local variable "randarr" does not seem to be initialized
/home/riceric/unarchiver-assessment-20260930/peazip/dev/pea_utils.pas(1886,30) Hint: (5057) Local variable "d1" does not seem to be initialized
/home/riceric/unarchiver-assessment-20260930/peazip/dev/pea_utils.pas(1887,29) Hint: (5057) Local variable "d2" does not seem to be initialized
/home/riceric/unarchiver-assessment-20260930/peazip/dev/pea_utils.pas(1894,30) Hint: (5057) Local variable "d3" does not seem to be initialized
/home/riceric/unarchiver-assessment-20260930/peazip/dev/pea_utils.pas(1895,29) Hint: (5057) Local variable "d4" does not seem to be initialized
/home/riceric/unarchiver-assessment-20260930/peazip/dev/pea_utils.pas(1907,42) Hint: (5057) Local variable "aes_ctx" does not seem to be initialized
/home/riceric/unarchiver-assessment-20260930/peazip/dev/pea_utils.pas(1912,39) Hint: (5057) Local variable "tf_ctx" does not seem to be initialized
/home/riceric/unarchiver-assessment-20260930/peazip/dev/pea_utils.pas(1944,25) Hint: (5057) Local variable "SHA512Context" does not seem to be initialized
/home/riceric/unarchiver-assessment-20260930/peazip/dev/pea_utils.pas(1947,17) Hint: (5057) Local variable "Ctr" does not seem to be initialized
/home/riceric/unarchiver-assessment-20260930/peazip/dev/pea_utils.pas(1940,4) Note: (5025) Local variable "yy" not used
/home/riceric/unarchiver-assessment-20260930/peazip/dev/pea_utils.pas(1940,7) Note: (5025) Local variable "mt" not used
/home/riceric/unarchiver-assessment-20260930/peazip/dev/pea_utils.pas(1940,10) Note: (5025) Local variable "dd" not used
/home/riceric/unarchiver-assessment-20260930/peazip/dev/pea_utils.pas(1940,13) Note: (5025) Local variable "hh" not used
/home/riceric/unarchiver-assessment-20260930/peazip/dev/pea_utils.pas(1940,16) Note: (5025) Local variable "mm" not used
/home/riceric/unarchiver-assessment-20260930/peazip/dev/pea_utils.pas(1940,19) Note: (5025) Local variable "ss" not used
/home/riceric/unarchiver-assessment-20260930/peazip/dev/pea_utils.pas(1940,22) Note: (5025) Local variable "ms" not used
/home/riceric/unarchiver-assessment-20260930/peazip/dev/pea_utils.pas(1940,25) Note: (5025) Local variable "us" not used
/home/riceric/unarchiver-assessment-20260930/peazip/dev/pea_utils.pas(1972,4) Note: (5025) Local variable "SHA512Context" not used
/home/riceric/unarchiver-assessment-20260930/peazip/dev/pea_utils.pas(421,26) Hint: (5024) Parameter "memdigest" not used
/home/riceric/unarchiver-assessment-20260930/peazip/dev/pea_utils.pas(2010,25) Hint: (5057) Local variable "SHA512Context" does not seem to be initialized
/home/riceric/unarchiver-assessment-20260930/peazip/dev/pea_utils.pas(2011,22) Hint: (5057) Local variable "tdigest" does not seem to be initialized
/home/riceric/unarchiver-assessment-20260930/peazip/dev/pea_utils.pas(2012,24) Hint: (5057) Local variable "memdigest" does not seem to be initialized
/home/riceric/unarchiver-assessment-20260930/peazip/dev/pea_utils.pas(2033,53) Hint: (5091) Local variable "fattr_dec" of a managed type does not seem to be initialized
/home/riceric/unarchiver-assessment-20260930/peazip/dev/pea_utils.pas(2033,43) Hint: (5091) Local variable "fattr" of a managed type does not seem to be initialized
/home/riceric/unarchiver-assessment-20260930/peazip/dev/pea_utils.pas(2033,37) Hint: (5091) Local variable "ftimes" of a managed type does not seem to be initialized
/home/riceric/unarchiver-assessment-20260930/peazip/dev/pea_utils.pas(2033,30) Hint: (5091) Local variable "fsizes" of a managed type does not seem to be initialized
/home/riceric/unarchiver-assessment-20260930/peazip/dev/pea_utils.pas(2033,23) Hint: (5091) Local variable "flist" of a managed type does not seem to be initialized
/home/riceric/unarchiver-assessment-20260930/peazip/dev/pea_utils.pas(2032,30) Hint: (5057) Local variable "ndirs" does not seem to be initialized
/home/riceric/unarchiver-assessment-20260930/peazip/dev/pea_utils.pas(2032,24) Hint: (5057) Local variable "nfiles" does not seem to be initialized
/home/riceric/unarchiver-assessment-20260930/peazip/dev/pea_utils.pas(2067,22) Hint: (5057) Local variable "tdigest" does not seem to be initialized
/home/riceric/unarchiver-assessment-20260930/peazip/dev/pea_utils.pas(2068,24) Hint: (5057) Local variable "memdigest" does not seem to be initialized
/home/riceric/unarchiver-assessment-20260930/peazip/dev/pea_utils.pas(2082,22) Hint: (5057) Local variable "tdigest" does not seem to be initialized
/home/riceric/unarchiver-assessment-20260930/peazip/dev/pea_utils.pas(2083,24) Hint: (5057) Local variable "memdigest" does not seem to be initialized
/home/riceric/unarchiver-assessment-20260930/peazip/dev/pea_utils.pas(2099,22) Hint: (5057) Local variable "tdigest" does not seem to be initialized
/home/riceric/unarchiver-assessment-20260930/peazip/dev/pea_utils.pas(2100,24) Hint: (5057) Local variable "memdigest" does not seem to be initialized
/home/riceric/unarchiver-assessment-20260930/peazip/dev/pea_utils.pas(2107,26) Hint: (5057) Local variable "bbuff" does not seem to be initialized
/home/riceric/unarchiver-assessment-20260930/peazip/dev/pea_utils.pas(2353,33) Hint: (5057) Local variable "pw_strength" does not seem to be initialized
/home/riceric/unarchiver-assessment-20260930/peazip/dev/pea_utils.pas(2377,34) Hint: (5057) Local variable "f_size" does not seem to be initialized
/home/riceric/unarchiver-assessment-20260930/peazip/dev/pea_utils.pas(2385,25) Hint: (5057) Local variable "SHA256Context" does not seem to be initialized
/home/riceric/unarchiver-assessment-20260930/peazip/dev/pea_utils.pas(2388,35) Hint: (5057) Local variable "n" does not seem to be initialized
/home/riceric/unarchiver-assessment-20260930/peazip/dev/pea_utils.pas(2388,20) Hint: (5057) Local variable "sbuf" does not seem to be initialized
/home/riceric/unarchiver-assessment-20260930/peazip/dev/pea_utils.pas(2396,39) Hint: (5057) Local variable "SHA256Digest" does not seem to be initialized
/home/riceric/unarchiver-assessment-20260930/peazip/dev/pea_utils.pas(2407,1) Warning: (2005) Comment level 2 found
/home/riceric/unarchiver-assessment-20260930/peazip/dev/pea_utils.pas(2423,1) Warning: (2005) Comment level 2 found
(3104) Compiling unitgwrap.pas
(3104) Compiling unitdlg.pas
/home/riceric/unarchiver-assessment-20260930/peazip/dev/unitdlg.pas(27,36) Hint: (5024) Parameter "Sender" not used
/home/riceric/unarchiver-assessment-20260930/peazip/dev/unitdlg.pas(9,3) Hint: (5023) Unit "ButtonPanel" not used in UnitDlg
(3104) Compiling externalprograms.pas
/home/riceric/unarchiver-assessment-20260930/peazip/dev/externalprograms.pas(53,1) Hint: (5023) Unit "list_utils" not used in externalprograms
/home/riceric/unarchiver-assessment-20260930/peazip/dev/unitgwrap.pas(962,4) Note: (5025) Local variable "w" not used
/home/riceric/unarchiver-assessment-20260930/peazip/dev/unitgwrap.pas(1096,47) Note: (5027) Local variable "gperc" is assigned but never used
/home/riceric/unarchiver-assessment-20260930/peazip/dev/unitgwrap.pas(1389,6) Note: (5025) Local variable "outpath2" not used
/home/riceric/unarchiver-assessment-20260930/peazip/dev/unitgwrap.pas(1855,4) Warning: (2005) Comment level 2 found
/home/riceric/unarchiver-assessment-20260930/peazip/dev/unitgwrap.pas(1883,4) Warning: (2005) Comment level 2 found
/home/riceric/unarchiver-assessment-20260930/peazip/dev/unitgwrap.pas(2086,28) Hint: (5091) Local variable "s" of a managed type does not seem to be initialized
/home/riceric/unarchiver-assessment-20260930/peazip/dev/unitgwrap.pas(2239,4) Warning: (2005) Comment level 2 found
/home/riceric/unarchiver-assessment-20260930/peazip/dev/unitgwrap.pas(2241,4) Warning: (2005) Comment level 2 found
/home/riceric/unarchiver-assessment-20260930/peazip/dev/unitgwrap.pas(2243,4) Warning: (2005) Comment level 2 found
/home/riceric/unarchiver-assessment-20260930/peazip/dev/unitgwrap.pas(1736,23) Note: (5025) Local variable "wd" not used
/home/riceric/unarchiver-assessment-20260930/peazip/dev/unitgwrap.pas(1736,26) Note: (5025) Local variable "m2s" not used
/home/riceric/unarchiver-assessment-20260930/peazip/dev/unitgwrap.pas(1737,4) Note: (5025) Local variable "fe" not used
/home/riceric/unarchiver-assessment-20260930/peazip/dev/unitgwrap.pas(360,34) Hint: (5024) Parameter "Sender" not used
/home/riceric/unarchiver-assessment-20260930/peazip/dev/unitgwrap.pas(361,33) Hint: (5024) Parameter "Sender" not used
/home/riceric/unarchiver-assessment-20260930/peazip/dev/unitgwrap.pas(362,36) Hint: (5024) Parameter "Sender" not used
/home/riceric/unarchiver-assessment-20260930/peazip/dev/unitgwrap.pas(312,29) Hint: (5024) Parameter "Sender" not used
/home/riceric/unarchiver-assessment-20260930/peazip/dev/unitgwrap.pas(311,32) Hint: (5024) Parameter "Sender" not used
/home/riceric/unarchiver-assessment-20260930/peazip/dev/unitgwrap.pas(304,34) Hint: (5024) Parameter "Sender" not used
/home/riceric/unarchiver-assessment-20260930/peazip/dev/unitgwrap.pas(305,34) Hint: (5024) Parameter "Sender" not used
/home/riceric/unarchiver-assessment-20260930/peazip/dev/unitgwrap.pas(306,25) Hint: (5024) Parameter "Sender" not used
/home/riceric/unarchiver-assessment-20260930/peazip/dev/unitgwrap.pas(307,27) Hint: (5024) Parameter "Sender" not used
/home/riceric/unarchiver-assessment-20260930/peazip/dev/unitgwrap.pas(308,26) Hint: (5024) Parameter "Sender" not used
/home/riceric/unarchiver-assessment-20260930/peazip/dev/unitgwrap.pas(309,24) Hint: (5024) Parameter "Sender" not used
/home/riceric/unarchiver-assessment-20260930/peazip/dev/unitgwrap.pas(310,30) Hint: (5024) Parameter "Sender" not used
/home/riceric/unarchiver-assessment-20260930/peazip/dev/unitgwrap.pas(313,36) Hint: (5024) Parameter "Sender" not used
/home/riceric/unarchiver-assessment-20260930/peazip/dev/unitgwrap.pas(314,31) Hint: (5024) Parameter "Sender" not used
/home/riceric/unarchiver-assessment-20260930/peazip/dev/unitgwrap.pas(315,32) Hint: (5024) Parameter "Sender" not used
/home/riceric/unarchiver-assessment-20260930/peazip/dev/unitgwrap.pas(2560,28) Hint: (5024) Parameter "s" not used
/home/riceric/unarchiver-assessment-20260930/peazip/dev/unitgwrap.pas(316,26) Hint: (5024) Parameter "Sender" not used
/home/riceric/unarchiver-assessment-20260930/peazip/dev/unitgwrap.pas(317,23) Hint: (5024) Parameter "Sender" not used
/home/riceric/unarchiver-assessment-20260930/peazip/dev/unitgwrap.pas(318,23) Hint: (5024) Parameter "Sender" not used
/home/riceric/unarchiver-assessment-20260930/peazip/dev/unitgwrap.pas(319,27) Hint: (5024) Parameter "Sender" not used
/home/riceric/unarchiver-assessment-20260930/peazip/dev/unitgwrap.pas(320,35) Hint: (5024) Parameter "Sender" not used
/home/riceric/unarchiver-assessment-20260930/peazip/dev/unitgwrap.pas(321,32) Hint: (5024) Parameter "Sender" not used
/home/riceric/unarchiver-assessment-20260930/peazip/dev/unitgwrap.pas(322,37) Hint: (5024) Parameter "Sender" not used
/home/riceric/unarchiver-assessment-20260930/peazip/dev/unitgwrap.pas(323,37) Hint: (5024) Parameter "Sender" not used
/home/riceric/unarchiver-assessment-20260930/peazip/dev/unitgwrap.pas(324,32) Hint: (5024) Parameter "Sender" not used
/home/riceric/unarchiver-assessment-20260930/peazip/dev/unitgwrap.pas(325,37) Hint: (5024) Parameter "Sender" not used
/home/riceric/unarchiver-assessment-20260930/peazip/dev/unitgwrap.pas(326,37) Hint: (5024) Parameter "Sender" not used
/home/riceric/unarchiver-assessment-20260930/peazip/dev/unitgwrap.pas(327,32) Hint: (5024) Parameter "Sender" not used
/home/riceric/unarchiver-assessment-20260930/peazip/dev/unitgwrap.pas(328,37) Hint: (5024) Parameter "Sender" not used
/home/riceric/unarchiver-assessment-20260930/peazip/dev/unitgwrap.pas(329,37) Hint: (5024) Parameter "Sender" not used
/home/riceric/unarchiver-assessment-20260930/peazip/dev/unitgwrap.pas(330,32) Hint: (5024) Parameter "Sender" not used
/home/riceric/unarchiver-assessment-20260930/peazip/dev/unitgwrap.pas(331,37) Hint: (5024) Parameter "Sender" not used
/home/riceric/unarchiver-assessment-20260930/peazip/dev/unitgwrap.pas(332,37) Hint: (5024) Parameter "Sender" not used
/home/riceric/unarchiver-assessment-20260930/peazip/dev/unitgwrap.pas(333,33) Hint: (5024) Parameter "Sender" not used
/home/riceric/unarchiver-assessment-20260930/peazip/dev/unitgwrap.pas(2842,33) Note: (5025) Local variable "s" not used
/home/riceric/unarchiver-assessment-20260930/peazip/dev/unitgwrap.pas(334,37) Hint: (5024) Parameter "Sender" not used
/home/riceric/unarchiver-assessment-20260930/peazip/dev/unitgwrap.pas(335,36) Hint: (5024) Parameter "Sender" not used
/home/riceric/unarchiver-assessment-20260930/peazip/dev/unitgwrap.pas(336,40) Hint: (5024) Parameter "Sender" not used
/home/riceric/unarchiver-assessment-20260930/peazip/dev/unitgwrap.pas(337,39) Hint: (5024) Parameter "Sender" not used
/home/riceric/unarchiver-assessment-20260930/peazip/dev/unitgwrap.pas(338,41) Hint: (5024) Parameter "Sender" not used
/home/riceric/unarchiver-assessment-20260930/peazip/dev/unitgwrap.pas(339,33) Hint: (5024) Parameter "Sender" not used
/home/riceric/unarchiver-assessment-20260930/peazip/dev/unitgwrap.pas(340,30) Hint: (5024) Parameter "Sender" not used
/home/riceric/unarchiver-assessment-20260930/peazip/dev/unitgwrap.pas(341,26) Hint: (5024) Parameter "Sender" not used
/home/riceric/unarchiver-assessment-20260930/peazip/dev/unitgwrap.pas(342,26) Hint: (5024) Parameter "Sender" not used
/home/riceric/unarchiver-assessment-20260930/peazip/dev/unitgwrap.pas(343,26) Hint: (5024) Parameter "Sender" not used
/home/riceric/unarchiver-assessment-20260930/peazip/dev/unitgwrap.pas(344,31) Hint: (5024) Parameter "Sender" not used
/home/riceric/unarchiver-assessment-20260930/peazip/dev/unitgwrap.pas(345,29) Hint: (5024) Parameter "Sender" not used
/home/riceric/unarchiver-assessment-20260930/peazip/dev/unitgwrap.pas(346,31) Hint: (5024) Parameter "Sender" not used
/home/riceric/unarchiver-assessment-20260930/peazip/dev/unitgwrap.pas(347,30) Hint: (5024) Parameter "Sender" not used
/home/riceric/unarchiver-assessment-20260930/peazip/dev/unitgwrap.pas(348,33) Hint: (5024) Parameter "Sender" not used
/home/riceric/unarchiver-assessment-20260930/peazip/dev/unitgwrap.pas(349,30) Hint: (5024) Parameter "Sender" not used
/home/riceric/unarchiver-assessment-20260930/peazip/dev/unitgwrap.pas(350,25) Hint: (5024) Parameter "Sender" not used
/home/riceric/unarchiver-assessment-20260930/peazip/dev/unitgwrap.pas(351,25) Hint: (5024) Parameter "Sender" not used
/home/riceric/unarchiver-assessment-20260930/peazip/dev/unitgwrap.pas(352,25) Hint: (5024) Parameter "Sender" not used
/home/riceric/unarchiver-assessment-20260930/peazip/dev/unitgwrap.pas(353,30) Hint: (5024) Parameter "Sender" not used
/home/riceric/unarchiver-assessment-20260930/peazip/dev/unitgwrap.pas(354,30) Hint: (5024) Parameter "Sender" not used
/home/riceric/unarchiver-assessment-20260930/peazip/dev/unitgwrap.pas(355,28) Hint: (5024) Parameter "Sender" not used
/home/riceric/unarchiver-assessment-20260930/peazip/dev/unitgwrap.pas(356,28) Hint: (5024) Parameter "Sender" not used
/home/riceric/unarchiver-assessment-20260930/peazip/dev/unitgwrap.pas(357,29) Hint: (5024) Parameter "Sender" not used
/home/riceric/unarchiver-assessment-20260930/peazip/dev/unitgwrap.pas(358,26) Hint: (5024) Parameter "Sender" not used
/home/riceric/unarchiver-assessment-20260930/peazip/dev/unitgwrap.pas(359,28) Hint: (5024) Parameter "Sender" not used
/home/riceric/unarchiver-assessment-20260930/peazip/dev/unitgwrap.pas(189,26) Hint: (5023) Unit "img_utils" not used in UnitGwrap
/home/riceric/unarchiver-assessment-20260930/peazip/dev/unitgwrap.pas(189,44) Hint: (5023) Unit "Math" not used in UnitGwrap
(3104) Compiling unitadvf.pas
/home/riceric/unarchiver-assessment-20260930/peazip/dev/unitadvf.pas(31,39) Hint: (5024) Parameter "Sender" not used
/home/riceric/unarchiver-assessment-20260930/peazip/dev/unitadvf.pas(32,29) Hint: (5024) Parameter "Sender" not used
/home/riceric/unarchiver-assessment-20260930/peazip/dev/unitadvf.pas(33,34) Hint: (5024) Parameter "Sender" not used
/home/riceric/unarchiver-assessment-20260930/peazip/dev/unitadvf.pas(30,39) Hint: (5024) Parameter "Sender" not used
(3104) Compiling unitweb.pas
/home/riceric/unarchiver-assessment-20260930/peazip/dev/unitweb.pas(20,37) Hint: (5024) Parameter "Sender" not used
/home/riceric/unarchiver-assessment-20260930/peazip/dev/unitweb.pas(21,38) Hint: (5024) Parameter "Sender" not used
(3104) Compiling unitpw.pas
(3104) Compiling unitpm.pas
/home/riceric/unarchiver-assessment-20260930/peazip/dev/unitpm.pas(227,53) Hint: (5091) Local variable "s" of a managed type does not seem to be initialized
/home/riceric/unarchiver-assessment-20260930/peazip/dev/unitpm.pas(93,24) Hint: (5024) Parameter "Sender" not used
/home/riceric/unarchiver-assessment-20260930/peazip/dev/unitpm.pas(92,26) Hint: (5024) Parameter "Sender" not used
/home/riceric/unarchiver-assessment-20260930/peazip/dev/unitpm.pas(80,26) Hint: (5024) Parameter "Sender" not used
/home/riceric/unarchiver-assessment-20260930/peazip/dev/unitpm.pas(81,33) Hint: (5024) Parameter "Sender" not used
/home/riceric/unarchiver-assessment-20260930/peazip/dev/unitpm.pas(82,34) Hint: (5024) Parameter "Sender" not used
/home/riceric/unarchiver-assessment-20260930/peazip/dev/unitpm.pas(83,39) Hint: (5024) Parameter "Sender" not used
/home/riceric/unarchiver-assessment-20260930/peazip/dev/unitpm.pas(84,39) Hint: (5024) Parameter "Sender" not used
/home/riceric/unarchiver-assessment-20260930/peazip/dev/unitpm.pas(85,34) Hint: (5024) Parameter "Sender" not used
/home/riceric/unarchiver-assessment-20260930/peazip/dev/unitpm.pas(86,39) Hint: (5024) Parameter "Sender" not used
/home/riceric/unarchiver-assessment-20260930/peazip/dev/unitpm.pas(87,39) Hint: (5024) Parameter "Sender" not used
/home/riceric/unarchiver-assessment-20260930/peazip/dev/unitpm.pas(88,35) Hint: (5024) Parameter "Sender" not used
/home/riceric/unarchiver-assessment-20260930/peazip/dev/unitpm.pas(89,31) Hint: (5024) Parameter "Sender" not used
/home/riceric/unarchiver-assessment-20260930/peazip/dev/unitpm.pas(90,37) Hint: (5024) Parameter "Sender" not used
/home/riceric/unarchiver-assessment-20260930/peazip/dev/unitpm.pas(91,36) Hint: (5024) Parameter "Sender" not used
/home/riceric/unarchiver-assessment-20260930/peazip/dev/unitpm.pas(78,36) Hint: (5024) Parameter "Sender" not used
/home/riceric/unarchiver-assessment-20260930/peazip/dev/unitpm.pas(79,27) Hint: (5024) Parameter "Sender" not used
/home/riceric/unarchiver-assessment-20260930/peazip/dev/unitpm.pas(76,31) Hint: (5024) Parameter "Sender" not used
/home/riceric/unarchiver-assessment-20260930/peazip/dev/unitpm.pas(75,37) Hint: (5024) Parameter "Sender" not used
/home/riceric/unarchiver-assessment-20260930/peazip/dev/unitpm.pas(77,34) Hint: (5024) Parameter "Sender" not used
/home/riceric/unarchiver-assessment-20260930/peazip/dev/unitpm.pas(94,25) Hint: (5024) Parameter "Sender" not used
/home/riceric/unarchiver-assessment-20260930/peazip/dev/unitpm.pas(411,4) Note: (5025) Local variable "w" not used
/home/riceric/unarchiver-assessment-20260930/peazip/dev/unitpm.pas(95,31) Hint: (5024) Parameter "Sender" not used
/home/riceric/unarchiver-assessment-20260930/peazip/dev/unitpm.pas(96,29) Hint: (5024) Parameter "Sender" not used
/home/riceric/unarchiver-assessment-20260930/peazip/dev/unitpm.pas(97,28) Hint: (5024) Parameter "Sender" not used
/home/riceric/unarchiver-assessment-20260930/peazip/dev/unitpm.pas(98,27) Hint: (5024) Parameter "Sender" not used
/home/riceric/unarchiver-assessment-20260930/peazip/dev/unitpm.pas(479,48) Hint: (5057) Local variable "numread" does not seem to be initialized
/home/riceric/unarchiver-assessment-20260930/peazip/dev/unitpm.pas(479,34) Hint: (5057) Local variable "read_data" does not seem to be initialized
/home/riceric/unarchiver-assessment-20260930/peazip/dev/unitpm.pas(480,55) Hint: (5057) Local variable "numwritten" does not seem to be initialized
/home/riceric/unarchiver-assessment-20260930/peazip/dev/unitpm.pas(99,29) Hint: (5024) Parameter "Sender" not used
/home/riceric/unarchiver-assessment-20260930/peazip/dev/unitpm.pas(100,31) Hint: (5024) Parameter "Sender" not used
/home/riceric/unarchiver-assessment-20260930/peazip/dev/unitpm.pas(101,39) Hint: (5024) Parameter "Sender" not used
/home/riceric/unarchiver-assessment-20260930/peazip/dev/unitpm.pas(101,56) Hint: (5024) Parameter "IsColumn" not used
/home/riceric/unarchiver-assessment-20260930/peazip/dev/unitpm.pas(102,7) Hint: (5024) Parameter "sIndex" not used
/home/riceric/unarchiver-assessment-20260930/peazip/dev/unitpm.pas(102,15) Hint: (5024) Parameter "tIndex" not used
/home/riceric/unarchiver-assessment-20260930/peazip/dev/unitpm.pas(103,36) Hint: (5024) Parameter "Sender" not used
/home/riceric/unarchiver-assessment-20260930/peazip/dev/unitpm.pas(104,39) Hint: (5024) Parameter "Sender" not used
/home/riceric/unarchiver-assessment-20260930/peazip/dev/unitpm.pas(106,36) Hint: (5024) Parameter "Sender" not used
/home/riceric/unarchiver-assessment-20260930/peazip/dev/unitpm.pas(107,37) Hint: (5024) Parameter "Sender" not used
/home/riceric/unarchiver-assessment-20260930/peazip/dev/unitpm.pas(107,54) Hint: (5024) Parameter "Button" not used
/home/riceric/unarchiver-assessment-20260930/peazip/dev/unitpm.pas(108,7) Hint: (5024) Parameter "Shift" not used
/home/riceric/unarchiver-assessment-20260930/peazip/dev/unitpw.pas(61,34) Hint: (5024) Parameter "Sender" not used
/home/riceric/unarchiver-assessment-20260930/peazip/dev/unitpw.pas(119,33) Hint: (5057) Local variable "pw_strength" does not seem to be initialized
/home/riceric/unarchiver-assessment-20260930/peazip/dev/unitpw.pas(59,40) Hint: (5024) Parameter "Sender" not used
/home/riceric/unarchiver-assessment-20260930/peazip/dev/unitpw.pas(60,32) Hint: (5024) Parameter "Sender" not used
/home/riceric/unarchiver-assessment-20260930/peazip/dev/unitpw.pas(57,36) Hint: (5024) Parameter "Sender" not used
/home/riceric/unarchiver-assessment-20260930/peazip/dev/unitpw.pas(58,34) Hint: (5024) Parameter "Sender" not used
/home/riceric/unarchiver-assessment-20260930/peazip/dev/unitpw.pas(56,37) Hint: (5024) Parameter "Sender" not used
/home/riceric/unarchiver-assessment-20260930/peazip/dev/unitpw.pas(62,26) Hint: (5024) Parameter "Sender" not used
/home/riceric/unarchiver-assessment-20260930/peazip/dev/unitpw.pas(63,35) Hint: (5024) Parameter "Sender" not used
/home/riceric/unarchiver-assessment-20260930/peazip/dev/unitpw.pas(212,4) Note: (5025) Local variable "w" not used
/home/riceric/unarchiver-assessment-20260930/peazip/dev/unitpw.pas(64,31) Hint: (5024) Parameter "Sender" not used
/home/riceric/unarchiver-assessment-20260930/peazip/dev/unitpw.pas(65,28) Hint: (5024) Parameter "Sender" not used
/home/riceric/unarchiver-assessment-20260930/peazip/dev/unitpw.pas(66,28) Hint: (5024) Parameter "Sender" not used
/home/riceric/unarchiver-assessment-20260930/peazip/dev/unitpw.pas(67,28) Hint: (5024) Parameter "Sender" not used
/home/riceric/unarchiver-assessment-20260930/peazip/dev/unitpw.pas(68,28) Hint: (5024) Parameter "Sender" not used
/home/riceric/unarchiver-assessment-20260930/peazip/dev/unitpw.pas(69,28) Hint: (5024) Parameter "Sender" not used
/home/riceric/unarchiver-assessment-20260930/peazip/dev/unitpw.pas(70,28) Hint: (5024) Parameter "Sender" not used
/home/riceric/unarchiver-assessment-20260930/peazip/dev/unitpw.pas(71,28) Hint: (5024) Parameter "Sender" not used
/home/riceric/unarchiver-assessment-20260930/peazip/dev/unitpw.pas(72,28) Hint: (5024) Parameter "Sender" not used
/home/riceric/unarchiver-assessment-20260930/peazip/dev/unitpw.pas(73,27) Hint: (5024) Parameter "Sender" not used
/home/riceric/unarchiver-assessment-20260930/peazip/dev/unitpw.pas(74,30) Hint: (5024) Parameter "Sender" not used
/home/riceric/unarchiver-assessment-20260930/peazip/dev/unitpw.pas(75,26) Hint: (5024) Parameter "Sender" not used
/home/riceric/unarchiver-assessment-20260930/peazip/dev/unitpw.pas(76,29) Hint: (5024) Parameter "Sender" not used
(3104) Compiling unitkf.pas
/home/riceric/unarchiver-assessment-20260930/peazip/dev/unitkf.pas(113,24) Hint: (5057) Local variable "randarr" does not seem to be initialized
/home/riceric/unarchiver-assessment-20260930/peazip/dev/unitkf.pas(190,17) Hint: (5057) Local variable "keyarr" does not seem to be initialized
/home/riceric/unarchiver-assessment-20260930/peazip/dev/unitkf.pas(192,38) Hint: (5057) Local variable "numwritten" does not seem to be initialized
/home/riceric/unarchiver-assessment-20260930/peazip/dev/unitkf.pas(39,29) Hint: (5024) Parameter "Sender" not used
/home/riceric/unarchiver-assessment-20260930/peazip/dev/unitkf.pas(38,35) Hint: (5024) Parameter "Sender" not used
/home/riceric/unarchiver-assessment-20260930/peazip/dev/unitkf.pas(40,37) Hint: (5024) Parameter "Sender" not used
/home/riceric/unarchiver-assessment-20260930/peazip/dev/unitkf.pas(41,37) Hint: (5024) Parameter "Sender" not used
/home/riceric/unarchiver-assessment-20260930/peazip/dev/unitkf.pas(253,17) Hint: (5057) Local variable "keyarr" does not seem to be initialized
/home/riceric/unarchiver-assessment-20260930/peazip/dev/unitkf.pas(255,41) Hint: (5091) Local variable "pw" of a managed type does not seem to be initialized
/home/riceric/unarchiver-assessment-20260930/peazip/dev/unitkf.pas(42,36) Hint: (5024) Parameter "Sender" not used
/home/riceric/unarchiver-assessment-20260930/peazip/dev/unitkf.pas(43,31) Hint: (5024) Parameter "Sender" not used
/home/riceric/unarchiver-assessment-20260930/peazip/dev/unitkf.pas(280,20) Hint: (5057) Local variable "randarr" does not seem to be initialized
/home/riceric/unarchiver-assessment-20260930/peazip/dev/unitkf.pas(44,25) Hint: (5024) Parameter "Sender" not used
/home/riceric/unarchiver-assessment-20260930/peazip/dev/unitkf.pas(44,46) Hint: (5024) Parameter "CloseAction" not used
/home/riceric/unarchiver-assessment-20260930/peazip/dev/unitkf.pas(45,35) Hint: (5024) Parameter "Sender" not used
/home/riceric/unarchiver-assessment-20260930/peazip/dev/unitkf.pas(45,52) Hint: (5024) Parameter "Shift" not used
/home/riceric/unarchiver-assessment-20260930/peazip/dev/unitkf.pas(47,32) Hint: (5024) Parameter "Sender" not used
/home/riceric/unarchiver-assessment-20260930/peazip/dev/unitkf.pas(48,37) Hint: (5024) Parameter "Sender" not used
/home/riceric/unarchiver-assessment-20260930/peazip/dev/unitkf.pas(48,54) Hint: (5024) Parameter "Shift" not used
/home/riceric/unarchiver-assessment-20260930/peazip/dev/unitkf.pas(50,31) Hint: (5024) Parameter "Sender" not used
/home/riceric/unarchiver-assessment-20260930/peazip/dev/unitkf.pas(50,48) Hint: (5024) Parameter "Shift" not used
(3104) Compiling unitinput.pas
/home/riceric/unarchiver-assessment-20260930/peazip/dev/unitinput.pas(36,33) Hint: (5024) Parameter "Sender" not used
/home/riceric/unarchiver-assessment-20260930/peazip/dev/unitinput.pas(37,32) Hint: (5024) Parameter "Sender" not used
/home/riceric/unarchiver-assessment-20260930/peazip/dev/unitinput.pas(38,29) Hint: (5024) Parameter "Sender" not used
/home/riceric/unarchiver-assessment-20260930/peazip/dev/unitinput.pas(39,34) Hint: (5024) Parameter "Sender" not used
/home/riceric/unarchiver-assessment-20260930/peazip/dev/unitinput.pas(40,37) Hint: (5024) Parameter "Sender" not used
/home/riceric/unarchiver-assessment-20260930/peazip/dev/unitinput.pas(41,35) Hint: (5024) Parameter "Sender" not used
/home/riceric/unarchiver-assessment-20260930/peazip/dev/unitinput.pas(42,28) Hint: (5024) Parameter "Sender" not used
/home/riceric/unarchiver-assessment-20260930/peazip/dev/unitinput.pas(35,33) Hint: (5024) Parameter "Sender" not used
(3104) Compiling unitimgres.pas
/home/riceric/unarchiver-assessment-20260930/peazip/dev/unitimgres.pas(32,37) Hint: (5024) Parameter "Sender" not used
/home/riceric/unarchiver-assessment-20260930/peazip/dev/unitimgres.pas(33,26) Hint: (5024) Parameter "Sender" not used
/home/riceric/unarchiver-assessment-20260930/peazip/dev/unitimgres.pas(34,36) Hint: (5024) Parameter "Sender" not used
/home/riceric/unarchiver-assessment-20260930/peazip/dev/unitimgres.pas(35,31) Hint: (5024) Parameter "Sender" not used
/home/riceric/unarchiver-assessment-20260930/peazip/dev/unitimgres.pas(36,31) Hint: (5024) Parameter "Sender" not used
/home/riceric/unarchiver-assessment-20260930/peazip/dev/unitimgres.pas(30,37) Hint: (5024) Parameter "Sender" not used
/home/riceric/unarchiver-assessment-20260930/peazip/dev/unitimgres.pas(29,40) Hint: (5024) Parameter "Sender" not used
/home/riceric/unarchiver-assessment-20260930/peazip/dev/unitimgres.pas(31,36) Hint: (5024) Parameter "Sender" not used
(3104) Compiling unitimgcrop.pas
/home/riceric/unarchiver-assessment-20260930/peazip/dev/unitimgcrop.pas(28,37) Hint: (5024) Parameter "Sender" not used
/home/riceric/unarchiver-assessment-20260930/peazip/dev/unitimgcrop.pas(29,37) Hint: (5024) Parameter "Sender" not used
/home/riceric/unarchiver-assessment-20260930/peazip/dev/unitimgcrop.pas(30,31) Hint: (5024) Parameter "Sender" not used
(3104) Compiling unitimgviewer.pas
/home/riceric/unarchiver-assessment-20260930/peazip/dev/unitimgviewer.pas(125,34) Hint: (5024) Parameter "Sender" not used
/home/riceric/unarchiver-assessment-20260930/peazip/dev/unitimgviewer.pas(124,33) Hint: (5024) Parameter "Sender" not used
/home/riceric/unarchiver-assessment-20260930/peazip/dev/unitimgviewer.pas(118,31) Hint: (5024) Parameter "Sender" not used
/home/riceric/unarchiver-assessment-20260930/peazip/dev/unitimgviewer.pas(119,31) Hint: (5024) Parameter "Sender" not used
/home/riceric/unarchiver-assessment-20260930/peazip/dev/unitimgviewer.pas(120,31) Hint: (5024) Parameter "Sender" not used
/home/riceric/unarchiver-assessment-20260930/peazip/dev/unitimgviewer.pas(121,31) Hint: (5024) Parameter "Sender" not used
/home/riceric/unarchiver-assessment-20260930/peazip/dev/unitimgviewer.pas(122,31) Hint: (5024) Parameter "Sender" not used
/home/riceric/unarchiver-assessment-20260930/peazip/dev/unitimgviewer.pas(123,31) Hint: (5024) Parameter "Sender" not used
/home/riceric/unarchiver-assessment-20260930/peazip/dev/unitimgviewer.pas(77,28) Hint: (5024) Parameter "Sender" not used
/home/riceric/unarchiver-assessment-20260930/peazip/dev/unitimgviewer.pas(81,35) Hint: (5024) Parameter "Sender" not used
/home/riceric/unarchiver-assessment-20260930/peazip/dev/unitimgviewer.pas(73,37) Hint: (5024) Parameter "Sender" not used
/home/riceric/unarchiver-assessment-20260930/peazip/dev/unitimgviewer.pas(74,36) Hint: (5024) Parameter "Sender" not used
/home/riceric/unarchiver-assessment-20260930/peazip/dev/unitimgviewer.pas(78,29) Hint: (5024) Parameter "Sender" not used
/home/riceric/unarchiver-assessment-20260930/peazip/dev/unitimgviewer.pas(78,46) Hint: (5024) Parameter "Shift" not used
/home/riceric/unarchiver-assessment-20260930/peazip/dev/unitimgviewer.pas(78,66) Hint: (5024) Parameter "X" not used
/home/riceric/unarchiver-assessment-20260930/peazip/dev/unitimgviewer.pas(78,69) Hint: (5024) Parameter "Y" not used
/home/riceric/unarchiver-assessment-20260930/peazip/dev/unitimgviewer.pas(79,26) Hint: (5024) Parameter "Sender" not used
/home/riceric/unarchiver-assessment-20260930/peazip/dev/unitimgviewer.pas(82,36) Hint: (5024) Parameter "Sender" not used
/home/riceric/unarchiver-assessment-20260930/peazip/dev/unitimgviewer.pas(82,53) Hint: (5024) Parameter "Shift" not used
/home/riceric/unarchiver-assessment-20260930/peazip/dev/unitimgviewer.pas(82,73) Hint: (5024) Parameter "X" not used
/home/riceric/unarchiver-assessment-20260930/peazip/dev/unitimgviewer.pas(83,7) Hint: (5024) Parameter "Y" not used
/home/riceric/unarchiver-assessment-20260930/peazip/dev/unitimgviewer.pas(75,25) Hint: (5024) Parameter "Sender" not used
/home/riceric/unarchiver-assessment-20260930/peazip/dev/unitimgviewer.pas(80,32) Hint: (5024) Parameter "Sender" not used
/home/riceric/unarchiver-assessment-20260930/peazip/dev/unitimgviewer.pas(76,26) Hint: (5024) Parameter "Sender" not used
/home/riceric/unarchiver-assessment-20260930/peazip/dev/unitimgviewer.pas(84,26) Hint: (5024) Parameter "Sender" not used
/home/riceric/unarchiver-assessment-20260930/peazip/dev/unitimgviewer.pas(85,33) Hint: (5024) Parameter "Sender" not used
/home/riceric/unarchiver-assessment-20260930/peazip/dev/unitimgviewer.pas(86,27) Hint: (5024) Parameter "Sender" not used
/home/riceric/unarchiver-assessment-20260930/peazip/dev/unitimgviewer.pas(87,26) Hint: (5024) Parameter "Sender" not used
/home/riceric/unarchiver-assessment-20260930/peazip/dev/unitimgviewer.pas(88,25) Hint: (5024) Parameter "Sender" not used
/home/riceric/unarchiver-assessment-20260930/peazip/dev/unitimgviewer.pas(89,32) Hint: (5024) Parameter "Sender" not used
/home/riceric/unarchiver-assessment-20260930/peazip/dev/unitimgviewer.pas(90,33) Hint: (5024) Parameter "Sender" not used
/home/riceric/unarchiver-assessment-20260930/peazip/dev/unitimgviewer.pas(91,29) Hint: (5024) Parameter "Sender" not used
/home/riceric/unarchiver-assessment-20260930/peazip/dev/unitimgviewer.pas(820,4) Note: (5025) Local variable "cbflag" not used
/home/riceric/unarchiver-assessment-20260930/peazip/dev/unitimgviewer.pas(820,11) Note: (5025) Local variable "i" not used
/home/riceric/unarchiver-assessment-20260930/peazip/dev/unitimgviewer.pas(92,28) Hint: (5024) Parameter "Sender" not used
/home/riceric/unarchiver-assessment-20260930/peazip/dev/unitimgviewer.pas(93,34) Hint: (5024) Parameter "Sender" not used
/home/riceric/unarchiver-assessment-20260930/peazip/dev/unitimgviewer.pas(94,27) Hint: (5024) Parameter "Sender" not used
/home/riceric/unarchiver-assessment-20260930/peazip/dev/unitimgviewer.pas(95,28) Hint: (5024) Parameter "Sender" not used
/home/riceric/unarchiver-assessment-20260930/peazip/dev/unitimgviewer.pas(96,32) Hint: (5024) Parameter "Sender" not used
/home/riceric/unarchiver-assessment-20260930/peazip/dev/unitimgviewer.pas(97,29) Hint: (5024) Parameter "Sender" not used
/home/riceric/unarchiver-assessment-20260930/peazip/dev/unitimgviewer.pas(98,29) Hint: (5024) Parameter "Sender" not used
/home/riceric/unarchiver-assessment-20260930/peazip/dev/unitimgviewer.pas(99,28) Hint: (5024) Parameter "Sender" not used
/home/riceric/unarchiver-assessment-20260930/peazip/dev/unitimgviewer.pas(100,28) Hint: (5024) Parameter "Sender" not used
/home/riceric/unarchiver-assessment-20260930/peazip/dev/unitimgviewer.pas(101,29) Hint: (5024) Parameter "Sender" not used
/home/riceric/unarchiver-assessment-20260930/peazip/dev/unitimgviewer.pas(102,28) Hint: (5024) Parameter "Sender" not used
/home/riceric/unarchiver-assessment-20260930/peazip/dev/unitimgviewer.pas(103,29) Hint: (5024) Parameter "Sender" not used
/home/riceric/unarchiver-assessment-20260930/peazip/dev/unitimgviewer.pas(104,29) Hint: (5024) Parameter "Sender" not used
/home/riceric/unarchiver-assessment-20260930/peazip/dev/unitimgviewer.pas(105,28) Hint: (5024) Parameter "Sender" not used
/home/riceric/unarchiver-assessment-20260930/peazip/dev/unitimgviewer.pas(106,29) Hint: (5024) Parameter "Sender" not used
/home/riceric/unarchiver-assessment-20260930/peazip/dev/unitimgviewer.pas(107,30) Hint: (5024) Parameter "Sender" not used
/home/riceric/unarchiver-assessment-20260930/peazip/dev/unitimgviewer.pas(108,30) Hint: (5024) Parameter "Sender" not used
/home/riceric/unarchiver-assessment-20260930/peazip/dev/unitimgviewer.pas(109,28) Hint: (5024) Parameter "Sender" not used
/home/riceric/unarchiver-assessment-20260930/peazip/dev/unitimgviewer.pas(110,29) Hint: (5024) Parameter "Sender" not used
/home/riceric/unarchiver-assessment-20260930/peazip/dev/unitimgviewer.pas(111,36) Hint: (5024) Parameter "Sender" not used
/home/riceric/unarchiver-assessment-20260930/peazip/dev/unitimgviewer.pas(112,36) Hint: (5024) Parameter "Sender" not used
/home/riceric/unarchiver-assessment-20260930/peazip/dev/unitimgviewer.pas(113,39) Hint: (5024) Parameter "Sender" not used
/home/riceric/unarchiver-assessment-20260930/peazip/dev/unitimgviewer.pas(114,30) Hint: (5024) Parameter "Sender" not used
/home/riceric/unarchiver-assessment-20260930/peazip/dev/unitimgviewer.pas(115,30) Hint: (5024) Parameter "Sender" not used
/home/riceric/unarchiver-assessment-20260930/peazip/dev/unitimgviewer.pas(116,30) Hint: (5024) Parameter "Sender" not used
/home/riceric/unarchiver-assessment-20260930/peazip/dev/unitimgviewer.pas(117,30) Hint: (5024) Parameter "Sender" not used
/home/riceric/unarchiver-assessment-20260930/peazip/dev/unitimgviewer.pas(126,34) Hint: (5024) Parameter "Sender" not used
/home/riceric/unarchiver-assessment-20260930/peazip/dev/unitimgviewer.pas(127,35) Hint: (5024) Parameter "Sender" not used
(3104) Compiling unitdrop.pas
(3104) Compiling unitpaths.pas
/home/riceric/unarchiver-assessment-20260930/peazip/dev/unitpaths.pas(20,37) Hint: (5024) Parameter "Sender" not used
(3104) Compiling unitselect.pas
/home/riceric/unarchiver-assessment-20260930/peazip/dev/unitselect.pas(24,35) Hint: (5024) Parameter "Sender" not used
/home/riceric/unarchiver-assessment-20260930/peazip/dev/unitselect.pas(25,38) Hint: (5024) Parameter "Sender" not used
/home/riceric/unarchiver-assessment-20260930/peazip/dev/unitselect.pas(26,36) Hint: (5024) Parameter "Sender" not used
(3104) Compiling unitcomment.pas
/home/riceric/unarchiver-assessment-20260930/peazip/dev/unitcomment.pas(30,38) Hint: (5024) Parameter "Sender" not used
/home/riceric/unarchiver-assessment-20260930/peazip/dev/unitcomment.pas(29,40) Hint: (5024) Parameter "Sender" not used
/home/riceric/unarchiver-assessment-20260930/peazip/dev/unitcomment.pas(28,40) Hint: (5024) Parameter "Sender" not used
/home/riceric/unarchiver-assessment-20260930/peazip/dev/unitcomment.pas(79,33) Hint: (5057) Local variable "fsize" does not seem to be initialized
/home/riceric/unarchiver-assessment-20260930/peazip/dev/unitcomment.pas(31,29) Hint: (5024) Parameter "Sender" not used
/home/riceric/unarchiver-assessment-20260930/peazip/dev/unitcomment.pas(32,38) Hint: (5024) Parameter "Sender" not used
/home/riceric/unarchiver-assessment-20260930/peazip/dev/unitcomment.pas(33,38) Hint: (5024) Parameter "Sender" not used
/home/riceric/unarchiver-assessment-20260930/peazip/dev/unitcomment.pas(34,36) Hint: (5024) Parameter "Sender" not used
/home/riceric/unarchiver-assessment-20260930/peazip/dev/peach.pas(7009,42) Hint: (5057) Local variable "h" does not seem to be initialized
/home/riceric/unarchiver-assessment-20260930/peazip/dev/peach.pas(7009,40) Hint: (5057) Local variable "w" does not seem to be initialized
/home/riceric/unarchiver-assessment-20260930/peazip/dev/peach.pas(7547,4) Note: (5025) Local variable "i" not used
/home/riceric/unarchiver-assessment-20260930/peazip/dev/peach.pas(7682,4) Note: (5025) Local variable "i" not used
/home/riceric/unarchiver-assessment-20260930/peazip/dev/peach.pas(7755,4) Note: (5025) Local variable "i" not used
/home/riceric/unarchiver-assessment-20260930/peazip/dev/peach.pas(8790,23) Hint: (5091) Local variable "thpath" of a managed type does not seem to be initialized
/home/riceric/unarchiver-assessment-20260930/peazip/dev/peach.pas(9480,8) Note: (5025) Local variable "i" not used
/home/riceric/unarchiver-assessment-20260930/peazip/dev/peach.pas(11232,30) Hint: (5057) Local variable "fsize" does not seem to be initialized
/home/riceric/unarchiver-assessment-20260930/peazip/dev/peach.pas(11242,55) Hint: (5091) Local variable "s" of a managed type does not seem to be initialized
/home/riceric/unarchiver-assessment-20260930/peazip/dev/peach.pas(11402,39) Hint: (5091) Local variable "fattr_dec" of a managed type does not seem to be initialized
/home/riceric/unarchiver-assessment-20260930/peazip/dev/peach.pas(11402,28) Hint: (5091) Local variable "fattr" of a managed type does not seem to be initialized
/home/riceric/unarchiver-assessment-20260930/peazip/dev/peach.pas(11402,21) Hint: (5091) Local variable "ftimes" of a managed type does not seem to be initialized
/home/riceric/unarchiver-assessment-20260930/peazip/dev/peach.pas(11402,13) Hint: (5091) Local variable "fsizes" of a managed type does not seem to be initialized
/home/riceric/unarchiver-assessment-20260930/peazip/dev/peach.pas(11401,82) Hint: (5091) Local variable "flist" of a managed type does not seem to be initialized
/home/riceric/unarchiver-assessment-20260930/peazip/dev/peach.pas(11438,40) Hint: (5091) Local variable "s" of a managed type does not seem to be initialized
/home/riceric/unarchiver-assessment-20260930/peazip/dev/peach.pas(11451,115) Hint: (5057) Local variable "tpcompsize" does not seem to be initialized
/home/riceric/unarchiver-assessment-20260930/peazip/dev/peach.pas(11451,104) Hint: (5057) Local variable "size" does not seem to be initialized
/home/riceric/unarchiver-assessment-20260930/peazip/dev/peach.pas(11451,99) Hint: (5057) Local variable "ndirs" does not seem to be initialized
/home/riceric/unarchiver-assessment-20260930/peazip/dev/peach.pas(11451,93) Hint: (5057) Local variable "nfiles" does not seem to be initialized
/home/riceric/unarchiver-assessment-20260930/peazip/dev/peach.pas(11562,99) Hint: (5091) Local variable "s" of a managed type does not seem to be initialized
/home/riceric/unarchiver-assessment-20260930/peazip/dev/peach.pas(11659,63) Hint: (5057) Local variable "okfile" does not seem to be initialized
/home/riceric/unarchiver-assessment-20260930/peazip/dev/peach.pas(11687,22) Hint: (5057) Local variable "okfile" does not seem to be initialized
/home/riceric/unarchiver-assessment-20260930/peazip/dev/peach.pas(11713,78) Hint: (5057) Local variable "nfound" does not seem to be initialized
/home/riceric/unarchiver-assessment-20260930/peazip/dev/peach.pas(11713,71) Hint: (5091) Local variable "exp_fattr_dec" of a managed type does not seem to be initialized
/home/riceric/unarchiver-assessment-20260930/peazip/dev/peach.pas(11713,57) Hint: (5091) Local variable "exp_fattr" of a managed type does not seem to be initialized
/home/riceric/unarchiver-assessment-20260930/peazip/dev/peach.pas(11713,47) Hint: (5091) Local variable "exp_ftimes" of a managed type does not seem to be initialized
/home/riceric/unarchiver-assessment-20260930/peazip/dev/peach.pas(11713,36) Hint: (5091) Local variable "exp_fsizes" of a managed type does not seem to be initialized
/home/riceric/unarchiver-assessment-20260930/peazip/dev/peach.pas(11713,25) Hint: (5091) Local variable "exp_files" of a managed type does not seem to be initialized
/home/riceric/unarchiver-assessment-20260930/peazip/dev/peach.pas(11717,45) Hint: (5057) Local variable "okfile" does not seem to be initialized
/home/riceric/unarchiver-assessment-20260930/peazip/dev/peach.pas(11821,35) Hint: (5024) Parameter "s" not used
/home/riceric/unarchiver-assessment-20260930/peazip/dev/peach.pas(11842,38) Hint: (5091) Local variable "in_param" of a managed type does not seem to be initialized
/home/riceric/unarchiver-assessment-20260930/peazip/dev/peach.pas(12260,8) Note: (5027) Local variable "k" is assigned but never used
/home/riceric/unarchiver-assessment-20260930/peazip/dev/peach.pas(14653,20) Hint: (5091) Local variable "fnm" of a managed type does not seem to be initialized
/home/riceric/unarchiver-assessment-20260930/peazip/dev/peach.pas(3966,41) Hint: (5024) Parameter "Sender" not used
/home/riceric/unarchiver-assessment-20260930/peazip/dev/peach.pas(16060,21) Hint: (5091) Local variable "s" of a managed type does not seem to be initialized
/home/riceric/unarchiver-assessment-20260930/peazip/dev/peach.pas(17049,4) Note: (5025) Local variable "nsel" not used
/home/riceric/unarchiver-assessment-20260930/peazip/dev/peach.pas(17050,4) Note: (5025) Local variable "strsel" not used
/home/riceric/unarchiver-assessment-20260930/peazip/dev/peach.pas(17092,53) Hint: (5091) Local variable "outname" of a managed type does not seem to be initialized
/home/riceric/unarchiver-assessment-20260930/peazip/dev/peach.pas(17092,45) Hint: (5091) Local variable "jobcode" of a managed type does not seem to be initialized
/home/riceric/unarchiver-assessment-20260930/peazip/dev/peach.pas(17092,37) Hint: (5091) Local variable "cl" of a managed type does not seem to be initialized
/home/riceric/unarchiver-assessment-20260930/peazip/dev/peach.pas(17134,61) Hint: (5091) Local variable "outname" of a managed type does not seem to be initialized
/home/riceric/unarchiver-assessment-20260930/peazip/dev/peach.pas(17134,53) Hint: (5091) Local variable "jobcode" of a managed type does not seem to be initialized
/home/riceric/unarchiver-assessment-20260930/peazip/dev/peach.pas(17134,45) Hint: (5091) Local variable "cl" of a managed type does not seem to be initialized
/home/riceric/unarchiver-assessment-20260930/peazip/dev/peach.pas(17456,15) Hint: (5091) Local variable "s" of a managed type does not seem to be initialized
/home/riceric/unarchiver-assessment-20260930/peazip/dev/peach.pas(17456,13) Hint: (5091) Local variable "dom" of a managed type does not seem to be initialized
/home/riceric/unarchiver-assessment-20260930/peazip/dev/peach.pas(17461,1) Warning: (2005) Comment level 2 found
/home/riceric/unarchiver-assessment-20260930/peazip/dev/peach.pas(17473,1) Warning: (2005) Comment level 2 found
/home/riceric/unarchiver-assessment-20260930/peazip/dev/peach.pas(17452,4) Note: (5025) Local variable "sint" not used
/home/riceric/unarchiver-assessment-20260930/peazip/dev/peach.pas(17452,9) Note: (5025) Local variable "pver" not used
/home/riceric/unarchiver-assessment-20260930/peazip/dev/peach.pas(17482,15) Hint: (5091) Local variable "s" of a managed type does not seem to be initialized
/home/riceric/unarchiver-assessment-20260930/peazip/dev/peach.pas(17482,13) Hint: (5091) Local variable "dom" of a managed type does not seem to be initialized
/home/riceric/unarchiver-assessment-20260930/peazip/dev/peach.pas(17491,15) Hint: (5091) Local variable "s" of a managed type does not seem to be initialized
/home/riceric/unarchiver-assessment-20260930/peazip/dev/peach.pas(17491,13) Hint: (5091) Local variable "dom" of a managed type does not seem to be initialized
/home/riceric/unarchiver-assessment-20260930/peazip/dev/peach.pas(17500,15) Hint: (5091) Local variable "s" of a managed type does not seem to be initialized
/home/riceric/unarchiver-assessment-20260930/peazip/dev/peach.pas(17500,13) Hint: (5091) Local variable "dom" of a managed type does not seem to be initialized
/home/riceric/unarchiver-assessment-20260930/peazip/dev/peach.pas(17623,6) Note: (5025) Local variable "st" not used
/home/riceric/unarchiver-assessment-20260930/peazip/dev/peach.pas(17623,9) Note: (5025) Local variable "hs" not used
/home/riceric/unarchiver-assessment-20260930/peazip/dev/peach.pas(17685,4) Note: (5025) Local variable "st" not used
/home/riceric/unarchiver-assessment-20260930/peazip/dev/peach.pas(17685,7) Note: (5025) Local variable "hs" not used
/home/riceric/unarchiver-assessment-20260930/peazip/dev/peach.pas(17686,4) Note: (5025) Local variable "libh" not used
/home/riceric/unarchiver-assessment-20260930/peazip/dev/peach.pas(17898,28) Hint: (5024) Parameter "s" not used
/home/riceric/unarchiver-assessment-20260930/peazip/dev/peach.pas(18173,3) Note: (5025) Local variable "avgver" not used
/home/riceric/unarchiver-assessment-20260930/peazip/dev/peach.pas(18173,10) Note: (5025) Local variable "istr" not used
/home/riceric/unarchiver-assessment-20260930/peazip/dev/peach.pas(18174,3) Note: (5025) Local variable "mbampath" not used
/home/riceric/unarchiver-assessment-20260930/peazip/dev/peach.pas(18174,12) Note: (5025) Local variable "esetdir" not used
/home/riceric/unarchiver-assessment-20260930/peazip/dev/peach.pas(18175,3) Note: (5025) Local variable "astr" not used
/home/riceric/unarchiver-assessment-20260930/peazip/dev/peach.pas(18175,8) Note: (5025) Local variable "bstr" not used
/home/riceric/unarchiver-assessment-20260930/peazip/dev/peach.pas(18175,13) Note: (5025) Local variable "cstr" not used
/home/riceric/unarchiver-assessment-20260930/peazip/dev/peach.pas(18175,18) Note: (5025) Local variable "dstr" not used
/home/riceric/unarchiver-assessment-20260930/peazip/dev/peach.pas(18337,4) Note: (5025) Local variable "sdrive" not used
/home/riceric/unarchiver-assessment-20260930/peazip/dev/peach.pas(18338,4) Note: (5025) Local variable "bufVolumeName" not used
/home/riceric/unarchiver-assessment-20260930/peazip/dev/peach.pas(18338,19) Note: (5025) Local variable "bufFSName" not used
/home/riceric/unarchiver-assessment-20260930/peazip/dev/peach.pas(18339,4) Note: (5025) Local variable "sn" not used
/home/riceric/unarchiver-assessment-20260930/peazip/dev/peach.pas(18339,7) Note: (5025) Local variable "mc" not used
/home/riceric/unarchiver-assessment-20260930/peazip/dev/peach.pas(18339,10) Note: (5025) Local variable "flags" not used
/home/riceric/unarchiver-assessment-20260930/peazip/dev/peach.pas(18335,28) Hint: (5024) Parameter "s" not used
/home/riceric/unarchiver-assessment-20260930/peazip/dev/peach.pas(22957,22) Warning: (6018) unreachable code
/home/riceric/unarchiver-assessment-20260930/peazip/dev/peach.pas(22958,23) Warning: (6018) unreachable code
/home/riceric/unarchiver-assessment-20260930/peazip/dev/peach.pas(22959,24) Warning: (6018) unreachable code
/home/riceric/unarchiver-assessment-20260930/peazip/dev/peach.pas(23591,20) Warning: (4044) Comparison might be always false due to range of constant and expression
/home/riceric/unarchiver-assessment-20260930/peazip/dev/peach.pas(23593,19) Warning: (4044) Comparison might be always false due to range of constant and expression
/home/riceric/unarchiver-assessment-20260930/peazip/dev/peach.pas(23606,15) Warning: (4044) Comparison might be always false due to range of constant and expression
/home/riceric/unarchiver-assessment-20260930/peazip/dev/peach.pas(23623,15) Warning: (4044) Comparison might be always false due to range of constant and expression
/home/riceric/unarchiver-assessment-20260930/peazip/dev/peach.pas(23631,31) Warning: (4044) Comparison might be always false due to range of constant and expression
/home/riceric/unarchiver-assessment-20260930/peazip/dev/peach.pas(23810,17) Warning: (4044) Comparison might be always false due to range of constant and expression
/home/riceric/unarchiver-assessment-20260930/peazip/dev/peach.pas(23834,15) Warning: (4044) Comparison might be always false due to range of constant and expression
/home/riceric/unarchiver-assessment-20260930/peazip/dev/peach.pas(23835,23) Warning: (4044) Comparison might be always false due to range of constant and expression
/home/riceric/unarchiver-assessment-20260930/peazip/dev/peach.pas(23836,9) Warning: (4044) Comparison might be always false due to range of constant and expression
/home/riceric/unarchiver-assessment-20260930/peazip/dev/peach.pas(23851,20) Warning: (4044) Comparison might be always false due to range of constant and expression
/home/riceric/unarchiver-assessment-20260930/peazip/dev/peach.pas(23853,13) Warning: (4044) Comparison might be always false due to range of constant and expression
/home/riceric/unarchiver-assessment-20260930/peazip/dev/peach.pas(23991,49) Note: (5027) Local variable "saddressbuttonsize" is assigned but never used
/home/riceric/unarchiver-assessment-20260930/peazip/dev/peach.pas(24175,12) Note: (5027) Local variable "tabcol2" is assigned but never used
/home/riceric/unarchiver-assessment-20260930/peazip/dev/peach.pas(25567,4) Warning: (6018) unreachable code
/home/riceric/unarchiver-assessment-20260930/peazip/dev/peach.pas(25605,4) Warning: (6018) unreachable code
/home/riceric/unarchiver-assessment-20260930/peazip/dev/peach.pas(25775,4) Warning: (6018) unreachable code
/home/riceric/unarchiver-assessment-20260930/peazip/dev/peach.pas(27283,20) Hint: (5091) Local variable "thpath" of a managed type does not seem to be initialized
/home/riceric/unarchiver-assessment-20260930/peazip/dev/peach.pas(27473,6) Note: (5025) Local variable "ioff" not used
/home/riceric/unarchiver-assessment-20260930/peazip/dev/peach.pas(27473,11) Note: (5025) Local variable "iacro" not used
/home/riceric/unarchiver-assessment-20260930/peazip/dev/peach.pas(27473,17) Note: (5025) Local variable "iooo" not used
/home/riceric/unarchiver-assessment-20260930/peazip/dev/peach.pas(28312,16) Hint: (5091) Local variable "s" of a managed type does not seem to be initialized
/home/riceric/unarchiver-assessment-20260930/peazip/dev/peach.pas(28768,22) Warning: (6018) unreachable code
/home/riceric/unarchiver-assessment-20260930/peazip/dev/peach.pas(28769,23) Warning: (6018) unreachable code
/home/riceric/unarchiver-assessment-20260930/peazip/dev/peach.pas(28770,24) Warning: (6018) unreachable code
/home/riceric/unarchiver-assessment-20260930/peazip/dev/peach.pas(28847,4) Note: (5025) Local variable "P" not used
/home/riceric/unarchiver-assessment-20260930/peazip/dev/peach.pas(28848,4) Note: (5025) Local variable "cl" not used
/home/riceric/unarchiver-assessment-20260930/peazip/dev/peach.pas(28845,39) Hint: (5024) Parameter "pwait" not used
/home/riceric/unarchiver-assessment-20260930/peazip/dev/peach.pas(28922,6) Note: (5025) Local variable "s1" not used
/home/riceric/unarchiver-assessment-20260930/peazip/dev/peach.pas(29240,107) Warning: (5089) Local variable "s" of a managed type does not seem to be initialized
/home/riceric/unarchiver-assessment-20260930/peazip/dev/peach.pas(29157,4) Note: (5025) Local variable "i" not used
/home/riceric/unarchiver-assessment-20260930/peazip/dev/peach.pas(29344,22) Hint: (5091) Local variable "work_path" of a managed type does not seem to be initialized
/home/riceric/unarchiver-assessment-20260930/peazip/dev/peach.pas(29653,4) Note: (5025) Local variable "i" not used
/home/riceric/unarchiver-assessment-20260930/peazip/dev/peach.pas(29675,68) Hint: (5091) Local variable "s" of a managed type does not seem to be initialized
/home/riceric/unarchiver-assessment-20260930/peazip/dev/peach.pas(30115,55) Hint: (5091) Local variable "strsel" of a managed type does not seem to be initialized
/home/riceric/unarchiver-assessment-20260930/peazip/dev/peach.pas(30115,48) Hint: (5057) Local variable "nsel" does not seem to be initialized
/home/riceric/unarchiver-assessment-20260930/peazip/dev/peach.pas(30146,112) Warning: (5036) Local variable "t" does not seem to be initialized
/home/riceric/unarchiver-assessment-20260930/peazip/dev/peach.pas(30151,33) Hint: (5057) Local variable "Adler" does not seem to be initialized
/home/riceric/unarchiver-assessment-20260930/peazip/dev/peach.pas(30152,31) Hint: (5057) Local variable "CRC16" does not seem to be initialized
/home/riceric/unarchiver-assessment-20260930/peazip/dev/peach.pas(30153,31) Hint: (5057) Local variable "CRC24" does not seem to be initialized
/home/riceric/unarchiver-assessment-20260930/peazip/dev/peach.pas(30154,31) Hint: (5057) Local variable "CRC32" does not seem to be initialized
/home/riceric/unarchiver-assessment-20260930/peazip/dev/peach.pas(30155,31) Hint: (5057) Local variable "CRC64" does not seem to be initialized
/home/riceric/unarchiver-assessment-20260930/peazip/dev/peach.pas(30156,37) Hint: (5057) Local variable "ED2KContext" does not seem to be initialized
/home/riceric/unarchiver-assessment-20260930/peazip/dev/peach.pas(30157,34) Hint: (5057) Local variable "MD4Context" does not seem to be initialized
/home/riceric/unarchiver-assessment-20260930/peazip/dev/peach.pas(30158,34) Hint: (5057) Local variable "MD5Context" does not seem to be initialized
/home/riceric/unarchiver-assessment-20260930/peazip/dev/peach.pas(30159,40) Hint: (5057) Local variable "RMD160Context" does not seem to be initialized
/home/riceric/unarchiver-assessment-20260930/peazip/dev/peach.pas(30160,36) Hint: (5057) Local variable "SHA1Context" does not seem to be initialized
/home/riceric/unarchiver-assessment-20260930/peazip/dev/peach.pas(30161,43) Hint: (5057) Local variable "Blake2sContext" does not seem to be initialized
/home/riceric/unarchiver-assessment-20260930/peazip/dev/peach.pas(30162,40) Hint: (5057) Local variable "SHA256Context" does not seem to be initialized
/home/riceric/unarchiver-assessment-20260930/peazip/dev/peach.pas(30163,44) Hint: (5057) Local variable "SHA3_256Context" does not seem to be initialized
/home/riceric/unarchiver-assessment-20260930/peazip/dev/peach.pas(30164,43) Hint: (5057) Local variable "Blake2bContext" does not seem to be initialized
/home/riceric/unarchiver-assessment-20260930/peazip/dev/peach.pas(30165,40) Hint: (5057) Local variable "SHA512Context" does not seem to be initialized
/home/riceric/unarchiver-assessment-20260930/peazip/dev/peach.pas(30166,44) Hint: (5057) Local variable "SHA3_512Context" does not seem to be initialized
/home/riceric/unarchiver-assessment-20260930/peazip/dev/peach.pas(30167,39) Hint: (5057) Local variable "WhirlContext" does not seem to be initialized
/home/riceric/unarchiver-assessment-20260930/peazip/dev/peach.pas(30170,44) Hint: (5057) Local variable "n" does not seem to be initialized
/home/riceric/unarchiver-assessment-20260930/peazip/dev/peach.pas(30170,29) Hint: (5057) Local variable "sbuf" does not seem to be initialized
/home/riceric/unarchiver-assessment-20260930/peazip/dev/peach.pas(30206,63) Hint: (5057) Local variable "pgpsig" does not seem to be initialized
/home/riceric/unarchiver-assessment-20260930/peazip/dev/peach.pas(30209,46) Hint: (5057) Local variable "ED2KRes" does not seem to be initialized
/home/riceric/unarchiver-assessment-20260930/peazip/dev/peach.pas(30210,45) Hint: (5057) Local variable "MD4Digest" does not seem to be initialized
/home/riceric/unarchiver-assessment-20260930/peazip/dev/peach.pas(30211,45) Hint: (5057) Local variable "MD5Digest" does not seem to be initialized
/home/riceric/unarchiver-assessment-20260930/peazip/dev/peach.pas(30212,54) Hint: (5057) Local variable "RMD160Digest" does not seem to be initialized
/home/riceric/unarchiver-assessment-20260930/peazip/dev/peach.pas(30213,48) Hint: (5057) Local variable "SHA1Digest" does not seem to be initialized
/home/riceric/unarchiver-assessment-20260930/peazip/dev/peach.pas(30214,58) Hint: (5057) Local variable "Blake2sDigest" does not seem to be initialized
/home/riceric/unarchiver-assessment-20260930/peazip/dev/peach.pas(30215,54) Hint: (5057) Local variable "SHA256Digest" does not seem to be initialized
/home/riceric/unarchiver-assessment-20260930/peazip/dev/peach.pas(30216,60) Hint: (5057) Local variable "SHA3_256Digest" does not seem to be initialized
/home/riceric/unarchiver-assessment-20260930/peazip/dev/peach.pas(30217,58) Hint: (5057) Local variable "Blake2bDigest" does not seem to be initialized
/home/riceric/unarchiver-assessment-20260930/peazip/dev/peach.pas(30218,54) Hint: (5057) Local variable "SHA512Digest" does not seem to be initialized
/home/riceric/unarchiver-assessment-20260930/peazip/dev/peach.pas(30219,60) Hint: (5057) Local variable "SHA3_512Digest" does not seem to be initialized
/home/riceric/unarchiver-assessment-20260930/peazip/dev/peach.pas(30220,52) Hint: (5057) Local variable "WhirlDigest" does not seem to be initialized
/home/riceric/unarchiver-assessment-20260930/peazip/dev/peach.pas(30342,55) Hint: (5091) Local variable "strsel" of a managed type does not seem to be initialized
/home/riceric/unarchiver-assessment-20260930/peazip/dev/peach.pas(30342,48) Hint: (5057) Local variable "nsel" does not seem to be initialized
/home/riceric/unarchiver-assessment-20260930/peazip/dev/peach.pas(30372,140) Warning: (5036) Local variable "t" does not seem to be initialized
/home/riceric/unarchiver-assessment-20260930/peazip/dev/peach.pas(30377,33) Hint: (5057) Local variable "Adler" does not seem to be initialized
/home/riceric/unarchiver-assessment-20260930/peazip/dev/peach.pas(30378,31) Hint: (5057) Local variable "CRC16" does not seem to be initialized
/home/riceric/unarchiver-assessment-20260930/peazip/dev/peach.pas(30379,31) Hint: (5057) Local variable "CRC24" does not seem to be initialized
/home/riceric/unarchiver-assessment-20260930/peazip/dev/peach.pas(30380,31) Hint: (5057) Local variable "CRC32" does not seem to be initialized
/home/riceric/unarchiver-assessment-20260930/peazip/dev/peach.pas(30381,31) Hint: (5057) Local variable "CRC64" does not seem to be initialized
/home/riceric/unarchiver-assessment-20260930/peazip/dev/peach.pas(30382,37) Hint: (5057) Local variable "ED2KContext" does not seem to be initialized
/home/riceric/unarchiver-assessment-20260930/peazip/dev/peach.pas(30383,34) Hint: (5057) Local variable "MD4Context" does not seem to be initialized
/home/riceric/unarchiver-assessment-20260930/peazip/dev/peach.pas(30384,34) Hint: (5057) Local variable "MD5Context" does not seem to be initialized
/home/riceric/unarchiver-assessment-20260930/peazip/dev/peach.pas(30385,40) Hint: (5057) Local variable "RMD160Context" does not seem to be initialized
/home/riceric/unarchiver-assessment-20260930/peazip/dev/peach.pas(30386,36) Hint: (5057) Local variable "SHA1Context" does not seem to be initialized
/home/riceric/unarchiver-assessment-20260930/peazip/dev/peach.pas(30387,43) Hint: (5057) Local variable "Blake2sContext" does not seem to be initialized
/home/riceric/unarchiver-assessment-20260930/peazip/dev/peach.pas(30388,44) Hint: (5057) Local variable "SHA3_256Context" does not seem to be initialized
/home/riceric/unarchiver-assessment-20260930/peazip/dev/peach.pas(30389,40) Hint: (5057) Local variable "SHA256Context" does not seem to be initialized
/home/riceric/unarchiver-assessment-20260930/peazip/dev/peach.pas(30390,43) Hint: (5057) Local variable "Blake2bContext" does not seem to be initialized
/home/riceric/unarchiver-assessment-20260930/peazip/dev/peach.pas(30391,44) Hint: (5057) Local variable "SHA3_512Context" does not seem to be initialized
/home/riceric/unarchiver-assessment-20260930/peazip/dev/peach.pas(30392,40) Hint: (5057) Local variable "SHA512Context" does not seem to be initialized
/home/riceric/unarchiver-assessment-20260930/peazip/dev/peach.pas(30393,39) Hint: (5057) Local variable "WhirlContext" does not seem to be initialized
/home/riceric/unarchiver-assessment-20260930/peazip/dev/peach.pas(30396,44) Hint: (5057) Local variable "n" does not seem to be initialized
/home/riceric/unarchiver-assessment-20260930/peazip/dev/peach.pas(30396,29) Hint: (5057) Local variable "sbuf" does not seem to be initialized
/home/riceric/unarchiver-assessment-20260930/peazip/dev/peach.pas(30432,63) Hint: (5057) Local variable "pgpsig" does not seem to be initialized
/home/riceric/unarchiver-assessment-20260930/peazip/dev/peach.pas(30435,46) Hint: (5057) Local variable "ED2KRes" does not seem to be initialized
/home/riceric/unarchiver-assessment-20260930/peazip/dev/peach.pas(30436,45) Hint: (5057) Local variable "MD4Digest" does not seem to be initialized
/home/riceric/unarchiver-assessment-20260930/peazip/dev/peach.pas(30437,45) Hint: (5057) Local variable "MD5Digest" does not seem to be initialized
/home/riceric/unarchiver-assessment-20260930/peazip/dev/peach.pas(30438,54) Hint: (5057) Local variable "RMD160Digest" does not seem to be initialized
/home/riceric/unarchiver-assessment-20260930/peazip/dev/peach.pas(30439,48) Hint: (5057) Local variable "SHA1Digest" does not seem to be initialized
/home/riceric/unarchiver-assessment-20260930/peazip/dev/peach.pas(30440,58) Hint: (5057) Local variable "Blake2sDigest" does not seem to be initialized
/home/riceric/unarchiver-assessment-20260930/peazip/dev/peach.pas(30441,60) Hint: (5057) Local variable "SHA3_256Digest" does not seem to be initialized
/home/riceric/unarchiver-assessment-20260930/peazip/dev/peach.pas(30442,54) Hint: (5057) Local variable "SHA256Digest" does not seem to be initialized
/home/riceric/unarchiver-assessment-20260930/peazip/dev/peach.pas(30443,58) Hint: (5057) Local variable "Blake2bDigest" does not seem to be initialized
/home/riceric/unarchiver-assessment-20260930/peazip/dev/peach.pas(30444,60) Hint: (5057) Local variable "SHA3_512Digest" does not seem to be initialized
/home/riceric/unarchiver-assessment-20260930/peazip/dev/peach.pas(30445,54) Hint: (5057) Local variable "SHA512Digest" does not seem to be initialized
/home/riceric/unarchiver-assessment-20260930/peazip/dev/peach.pas(30446,52) Hint: (5057) Local variable "WhirlDigest" does not seem to be initialized
/home/riceric/unarchiver-assessment-20260930/peazip/dev/peach.pas(30503,55) Hint: (5091) Local variable "strsel" of a managed type does not seem to be initialized
/home/riceric/unarchiver-assessment-20260930/peazip/dev/peach.pas(30503,48) Hint: (5057) Local variable "nsel" does not seem to be initialized
/home/riceric/unarchiver-assessment-20260930/peazip/dev/peach.pas(30533,85) Warning: (5036) Local variable "t" does not seem to be initialized
/home/riceric/unarchiver-assessment-20260930/peazip/dev/peach.pas(30537,25) Hint: (5057) Local variable "CRC32" does not seem to be initialized
/home/riceric/unarchiver-assessment-20260930/peazip/dev/peach.pas(30538,41) Hint: (5057) Local variable "n" does not seem to be initialized
/home/riceric/unarchiver-assessment-20260930/peazip/dev/peach.pas(30538,26) Hint: (5057) Local variable "sbuf" does not seem to be initialized
/home/riceric/unarchiver-assessment-20260930/peazip/dev/peach.pas(30603,55) Hint: (5091) Local variable "strsel" of a managed type does not seem to be initialized
/home/riceric/unarchiver-assessment-20260930/peazip/dev/peach.pas(30603,48) Hint: (5057) Local variable "nsel" does not seem to be initialized
/home/riceric/unarchiver-assessment-20260930/peazip/dev/peach.pas(30597,4) Note: (5027) Local variable "inidir" is assigned but never used
/home/riceric/unarchiver-assessment-20260930/peazip/dev/peach.pas(30669,24) Hint: (5091) Local variable "cl" of a managed type does not seem to be initialized
/home/riceric/unarchiver-assessment-20260930/peazip/dev/peach.pas(30689,24) Hint: (5091) Local variable "cl" of a managed type does not seem to be initialized
/home/riceric/unarchiver-assessment-20260930/peazip/dev/peach.pas(30746,24) Hint: (5091) Local variable "cl" of a managed type does not seem to be initialized
/home/riceric/unarchiver-assessment-20260930/peazip/dev/peach.pas(4504,35) Hint: (5024) Parameter "Sender" not used
/home/riceric/unarchiver-assessment-20260930/peazip/dev/peach.pas(33272,20) Hint: (5091) Local variable "fnm" of a managed type does not seem to be initialized
/home/riceric/unarchiver-assessment-20260930/peazip/dev/peach.pas(32818,4) Note: (5025) Local variable "s1" not used
/home/riceric/unarchiver-assessment-20260930/peazip/dev/peach.pas(33687,13) Hint: (5091) Local variable "a1" of a managed type does not seem to be initialized
/home/riceric/unarchiver-assessment-20260930/peazip/dev/peach.pas(33688,17) Hint: (5091) Local variable "a1also" of a managed type does not seem to be initialized
/home/riceric/unarchiver-assessment-20260930/peazip/dev/peach.pas(33689,13) Hint: (5091) Local variable "a2" of a managed type does not seem to be initialized
/home/riceric/unarchiver-assessment-20260930/peazip/dev/peach.pas(33781,3) Note: (5025) Local variable "s" not used
/home/riceric/unarchiver-assessment-20260930/peazip/dev/peach.pas(34406,1) Warning: (2005) Comment level 2 found
/home/riceric/unarchiver-assessment-20260930/peazip/dev/peach.pas(34406,57) Warning: (2005) Comment level 2 found
/home/riceric/unarchiver-assessment-20260930/peazip/dev/peach.pas(34406,95) Warning: (2005) Comment level 2 found
/home/riceric/unarchiver-assessment-20260930/peazip/dev/peach.pas(34420,1) Warning: (2005) Comment level 2 found
/home/riceric/unarchiver-assessment-20260930/peazip/dev/peach.pas(34420,57) Warning: (2005) Comment level 2 found
/home/riceric/unarchiver-assessment-20260930/peazip/dev/peach.pas(34420,95) Warning: (2005) Comment level 2 found
/home/riceric/unarchiver-assessment-20260930/peazip/dev/peach.pas(34402,4) Note: (5025) Local variable "arect" not used
/home/riceric/unarchiver-assessment-20260930/peazip/dev/peach.pas(34952,4) Note: (5025) Local variable "P" not used
/home/riceric/unarchiver-assessment-20260930/peazip/dev/peach.pas(35172,82) Warning: (5089) Local variable "s" of a managed type does not seem to be initialized
/home/riceric/unarchiver-assessment-20260930/peazip/dev/peach.pas(35258,4) Note: (5025) Local variable "s" not used
/home/riceric/unarchiver-assessment-20260930/peazip/dev/peach.pas(35258,6) Note: (5025) Local variable "s0" not used
/home/riceric/unarchiver-assessment-20260930/peazip/dev/peach.pas(35258,9) Note: (5025) Local variable "sdrive" not used
/home/riceric/unarchiver-assessment-20260930/peazip/dev/peach.pas(35258,16) Note: (5025) Local variable "fstype" not used
/home/riceric/unarchiver-assessment-20260930/peazip/dev/peach.pas(35258,23) Note: (5025) Local variable "s1" not used
/home/riceric/unarchiver-assessment-20260930/peazip/dev/peach.pas(35258,26) Note: (5025) Local variable "eraselevel" not used
/home/riceric/unarchiver-assessment-20260930/peazip/dev/peach.pas(35258,37) Note: (5025) Local variable "cl" not used
/home/riceric/unarchiver-assessment-20260930/peazip/dev/peach.pas(35258,40) Note: (5025) Local variable "bin_name" not used
/home/riceric/unarchiver-assessment-20260930/peazip/dev/peach.pas(35259,4) Note: (5025) Local variable "bufVolumeName" not used
/home/riceric/unarchiver-assessment-20260930/peazip/dev/peach.pas(35259,19) Note: (5025) Local variable "bufFSName" not used
/home/riceric/unarchiver-assessment-20260930/peazip/dev/peach.pas(35260,4) Note: (5025) Local variable "sn" not used
/home/riceric/unarchiver-assessment-20260930/peazip/dev/peach.pas(35260,7) Note: (5025) Local variable "mc" not used
/home/riceric/unarchiver-assessment-20260930/peazip/dev/peach.pas(35260,10) Note: (5025) Local variable "flags" not used
/home/riceric/unarchiver-assessment-20260930/peazip/dev/peach.pas(35261,4) Note: (5025) Local variable "P" not used
/home/riceric/unarchiver-assessment-20260930/peazip/dev/peach.pas(35256,24) Hint: (5024) Parameter "smode" not used
/home/riceric/unarchiver-assessment-20260930/peazip/dev/peach.pas(35474,31) Hint: (5091) Local variable "strsel" of a managed type does not seem to be initialized
/home/riceric/unarchiver-assessment-20260930/peazip/dev/peach.pas(35474,24) Hint: (5057) Local variable "nsel" does not seem to be initialized
/home/riceric/unarchiver-assessment-20260930/peazip/dev/peach.pas(35557,4) Note: (5025) Local variable "in_param" not used
/home/riceric/unarchiver-assessment-20260930/peazip/dev/peach.pas(35557,13) Note: (5025) Local variable "strsel" not used
/home/riceric/unarchiver-assessment-20260930/peazip/dev/peach.pas(35558,4) Note: (5025) Local variable "s" not used
/home/riceric/unarchiver-assessment-20260930/peazip/dev/peach.pas(35559,4) Note: (5025) Local variable "i" not used
/home/riceric/unarchiver-assessment-20260930/peazip/dev/peach.pas(35559,6) Note: (5025) Local variable "j" not used
/home/riceric/unarchiver-assessment-20260930/peazip/dev/peach.pas(35559,8) Note: (5025) Local variable "nsel" not used
/home/riceric/unarchiver-assessment-20260930/peazip/dev/peach.pas(35612,31) Hint: (5091) Local variable "strsel" of a managed type does not seem to be initialized
/home/riceric/unarchiver-assessment-20260930/peazip/dev/peach.pas(35612,24) Hint: (5057) Local variable "nsel" does not seem to be initialized
/home/riceric/unarchiver-assessment-20260930/peazip/dev/peach.pas(35620,29) Hint: (5091) Local variable "scheduleclip" of a managed type does not seem to be initialized
/home/riceric/unarchiver-assessment-20260930/peazip/dev/peach.pas(35658,56) Hint: (5091) Local variable "outname" of a managed type does not seem to be initialized
/home/riceric/unarchiver-assessment-20260930/peazip/dev/peach.pas(35658,48) Hint: (5091) Local variable "jobcode" of a managed type does not seem to be initialized
/home/riceric/unarchiver-assessment-20260930/peazip/dev/peach.pas(35658,40) Hint: (5091) Local variable "cl" of a managed type does not seem to be initialized
/home/riceric/unarchiver-assessment-20260930/peazip/dev/peach.pas(35850,22) Note: (5025) Local variable "sle" not used
/home/riceric/unarchiver-assessment-20260930/peazip/dev/peach.pas(36095,17) Note: (5025) Local variable "sl" not used
/home/riceric/unarchiver-assessment-20260930/peazip/dev/peach.pas(36095,20) Note: (5027) Local variable "dirstr" is assigned but never used
/home/riceric/unarchiver-assessment-20260930/peazip/dev/peach.pas(36243,29) Note: (5025) Local variable "w" not used
/home/riceric/unarchiver-assessment-20260930/peazip/dev/peach.pas(36245,13) Note: (5025) Local variable "s" not used
/home/riceric/unarchiver-assessment-20260930/peazip/dev/peach.pas(36480,38) Hint: (5057) Local variable "ipos" does not seem to be initialized
/home/riceric/unarchiver-assessment-20260930/peazip/dev/peach.pas(36742,34) Hint: (5057) Local variable "numread" does not seem to be initialized
/home/riceric/unarchiver-assessment-20260930/peazip/dev/peach.pas(36742,24) Hint: (5057) Local variable "sbuf" does not seem to be initialized
/home/riceric/unarchiver-assessment-20260930/peazip/dev/peach.pas(37131,20) Hint: (5057) Local variable "b" does not seem to be initialized
/home/riceric/unarchiver-assessment-20260930/peazip/dev/peach.pas(37192,44) Hint: (5057) Local variable "csize" does not seem to be initialized
/home/riceric/unarchiver-assessment-20260930/peazip/dev/peach.pas(37194,17) Hint: (5057) Local variable "b" does not seem to be initialized
/home/riceric/unarchiver-assessment-20260930/peazip/dev/peach.pas(37245,37) Hint: (5091) Local variable "outname" of a managed type does not seem to be initialized
/home/riceric/unarchiver-assessment-20260930/peazip/dev/peach.pas(37245,29) Hint: (5091) Local variable "jobcode" of a managed type does not seem to be initialized
/home/riceric/unarchiver-assessment-20260930/peazip/dev/peach.pas(37245,21) Hint: (5091) Local variable "cl" of a managed type does not seem to be initialized
/home/riceric/unarchiver-assessment-20260930/peazip/dev/peach.pas(37385,36) Hint: (5091) Local variable "outname" of a managed type does not seem to be initialized
/home/riceric/unarchiver-assessment-20260930/peazip/dev/peach.pas(37385,28) Hint: (5091) Local variable "jobcode" of a managed type does not seem to be initialized
/home/riceric/unarchiver-assessment-20260930/peazip/dev/peach.pas(37385,20) Hint: (5091) Local variable "cl" of a managed type does not seem to be initialized
/home/riceric/unarchiver-assessment-20260930/peazip/dev/peach.pas(37379,6) Note: (5025) Local variable "k" not used
/home/riceric/unarchiver-assessment-20260930/peazip/dev/peach.pas(37379,8) Note: (5025) Local variable "k2" not used
/home/riceric/unarchiver-assessment-20260930/peazip/dev/peach.pas(37495,36) Hint: (5091) Local variable "outname" of a managed type does not seem to be initialized
/home/riceric/unarchiver-assessment-20260930/peazip/dev/peach.pas(37495,28) Hint: (5091) Local variable "jobcode" of a managed type does not seem to be initialized
/home/riceric/unarchiver-assessment-20260930/peazip/dev/peach.pas(37495,20) Hint: (5091) Local variable "cl" of a managed type does not seem to be initialized
/home/riceric/unarchiver-assessment-20260930/peazip/dev/peach.pas(37593,36) Hint: (5091) Local variable "outname" of a managed type does not seem to be initialized
/home/riceric/unarchiver-assessment-20260930/peazip/dev/peach.pas(37593,28) Hint: (5091) Local variable "jobcode" of a managed type does not seem to be initialized
/home/riceric/unarchiver-assessment-20260930/peazip/dev/peach.pas(37593,20) Hint: (5091) Local variable "cl" of a managed type does not seem to be initialized
/home/riceric/unarchiver-assessment-20260930/peazip/dev/peach.pas(38057,66) Hint: (5060) Function result variable does not seem to be initialized
/home/riceric/unarchiver-assessment-20260930/peazip/dev/peach.pas(38199,35) Hint: (5057) Local variable "numread" does not seem to be initialized
/home/riceric/unarchiver-assessment-20260930/peazip/dev/peach.pas(38199,24) Hint: (5057) Local variable "sbuf" does not seem to be initialized
/home/riceric/unarchiver-assessment-20260930/peazip/dev/peach.pas(38222,4) Note: (5025) Local variable "ext" not used
/home/riceric/unarchiver-assessment-20260930/peazip/dev/peach.pas(38394,81) Hint: (5057) Local variable "tsize" does not seem to be initialized
/home/riceric/unarchiver-assessment-20260930/peazip/dev/peach.pas(38394,75) Hint: (5057) Local variable "ndirs" does not seem to be initialized
/home/riceric/unarchiver-assessment-20260930/peazip/dev/peach.pas(38394,69) Hint: (5057) Local variable "nfiles" does not seem to be initialized
/home/riceric/unarchiver-assessment-20260930/peazip/dev/peach.pas(38399,53) Warning: (5044) Symbol "faHidden" is not portable
/home/riceric/unarchiver-assessment-20260930/peazip/dev/peach.pas(38683,4) Note: (5025) Local variable "P" not used
/home/riceric/unarchiver-assessment-20260930/peazip/dev/peach.pas(38681,19) Hint: (5024) Parameter "s" not used
/home/riceric/unarchiver-assessment-20260930/peazip/dev/peach.pas(38698,4) Note: (5025) Local variable "P" not used
/home/riceric/unarchiver-assessment-20260930/peazip/dev/peach.pas(38699,4) Note: (5025) Local variable "s" not used
/home/riceric/unarchiver-assessment-20260930/peazip/dev/peach.pas(38699,6) Note: (5025) Local variable "cl" not used
/home/riceric/unarchiver-assessment-20260930/peazip/dev/peach.pas(38724,4) Note: (5025) Local variable "P" not used
/home/riceric/unarchiver-assessment-20260930/peazip/dev/peach.pas(38725,4) Note: (5025) Local variable "s" not used
/home/riceric/unarchiver-assessment-20260930/peazip/dev/peach.pas(38725,6) Note: (5025) Local variable "cl" not used
/home/riceric/unarchiver-assessment-20260930/peazip/dev/peach.pas(38763,4) Note: (5025) Local variable "s" not used
/home/riceric/unarchiver-assessment-20260930/peazip/dev/peach.pas(38831,25) Hint: (5024) Parameter "i" not used
/home/riceric/unarchiver-assessment-20260930/peazip/dev/peach.pas(38906,4) Note: (5025) Local variable "w" not used
/home/riceric/unarchiver-assessment-20260930/peazip/dev/peach.pas(38991,3) Note: (5025) Local variable "i" not used
/home/riceric/unarchiver-assessment-20260930/peazip/dev/peach.pas(38991,5) Note: (5025) Local variable "rc" not used
/home/riceric/unarchiver-assessment-20260930/peazip/dev/peach.pas(38992,3) Note: (5025) Local variable "s" not used
/home/riceric/unarchiver-assessment-20260930/peazip/dev/peach.pas(38992,5) Note: (5025) Local variable "bin_name" not used
/home/riceric/unarchiver-assessment-20260930/peazip/dev/peach.pas(38992,14) Note: (5025) Local variable "cl" not used
/home/riceric/unarchiver-assessment-20260930/peazip/dev/peach.pas(38993,3) Note: (5025) Local variable "P" not used
/home/riceric/unarchiver-assessment-20260930/peazip/dev/peach.pas(38989,25) Hint: (5024) Parameter "checktype" not used
/home/riceric/unarchiver-assessment-20260930/peazip/dev/peach.pas(39048,4) Note: (5025) Local variable "i" not used
/home/riceric/unarchiver-assessment-20260930/peazip/dev/peach.pas(39048,6) Note: (5025) Local variable "rc" not used
/home/riceric/unarchiver-assessment-20260930/peazip/dev/peach.pas(39049,4) Note: (5025) Local variable "s" not used
/home/riceric/unarchiver-assessment-20260930/peazip/dev/peach.pas(39049,6) Note: (5025) Local variable "bin_name" not used
/home/riceric/unarchiver-assessment-20260930/peazip/dev/peach.pas(39049,15) Note: (5025) Local variable "cl" not used
/home/riceric/unarchiver-assessment-20260930/peazip/dev/peach.pas(39050,4) Note: (5025) Local variable "P" not used
/home/riceric/unarchiver-assessment-20260930/peazip/dev/peach.pas(39046,27) Hint: (5024) Parameter "sg" not used
/home/riceric/unarchiver-assessment-20260930/peazip/dev/peach.pas(39046,43) Hint: (5024) Parameter "checktype" not used
/home/riceric/unarchiver-assessment-20260930/peazip/dev/peach.pas(39079,4) Note: (5025) Local variable "s" not used
/home/riceric/unarchiver-assessment-20260930/peazip/dev/peach.pas(39080,4) Note: (5025) Local variable "P" not used
/home/riceric/unarchiver-assessment-20260930/peazip/dev/peach.pas(39077,22) Hint: (5024) Parameter "streamtype" not used
/home/riceric/unarchiver-assessment-20260930/peazip/dev/peach.pas(39190,4) Note: (5025) Local variable "s" not used
/home/riceric/unarchiver-assessment-20260930/peazip/dev/peach.pas(39191,4) Note: (5025) Local variable "woutname" not used
/home/riceric/unarchiver-assessment-20260930/peazip/dev/peach.pas(39191,13) Note: (5025) Local variable "wtempstring" not used
/home/riceric/unarchiver-assessment-20260930/peazip/dev/peach.pas(39188,20) Hint: (5024) Parameter "outname" not used
/home/riceric/unarchiver-assessment-20260930/peazip/dev/peach.pas(39216,4) Note: (5025) Local variable "w" not used
/home/riceric/unarchiver-assessment-20260930/peazip/dev/peach.pas(39264,3) Note: (5025) Local variable "mri" not used
/home/riceric/unarchiver-assessment-20260930/peazip/dev/peach.pas(39266,15) Note: (5025) Local variable "s" not used
/home/riceric/unarchiver-assessment-20260930/peazip/dev/peach.pas(39267,3) Note: (5025) Local variable "woutname" not used
/home/riceric/unarchiver-assessment-20260930/peazip/dev/peach.pas(39267,12) Note: (5025) Local variable "wtempstring" not used
/home/riceric/unarchiver-assessment-20260930/peazip/dev/peach.pas(39748,4) Note: (5025) Local variable "d" not used
/home/riceric/unarchiver-assessment-20260930/peazip/dev/peach.pas(39749,4) Note: (5025) Local variable "j" not used
/home/riceric/unarchiver-assessment-20260930/peazip/dev/peach.pas(39846,4) Note: (5025) Local variable "d" not used
/home/riceric/unarchiver-assessment-20260930/peazip/dev/peach.pas(39847,4) Note: (5025) Local variable "j" not used
/home/riceric/unarchiver-assessment-20260930/peazip/dev/peach.pas(39848,4) Note: (5027) Local variable "sizefree" is assigned but never used
/home/riceric/unarchiver-assessment-20260930/peazip/dev/peach.pas(39844,27) Hint: (5024) Parameter "dragdest" not used
/home/riceric/unarchiver-assessment-20260930/peazip/dev/peach.pas(39910,5) Note: (5025) Local variable "s" not used
/home/riceric/unarchiver-assessment-20260930/peazip/dev/peach.pas(40128,4) Note: (5025) Local variable "a" not used
/home/riceric/unarchiver-assessment-20260930/peazip/dev/peach.pas(40128,6) Note: (5025) Local variable "b" not used
/home/riceric/unarchiver-assessment-20260930/peazip/dev/peach.pas(40128,8) Note: (5025) Local variable "a1" not used
/home/riceric/unarchiver-assessment-20260930/peazip/dev/peach.pas(40128,11) Note: (5025) Local variable "a2" not used
/home/riceric/unarchiver-assessment-20260930/peazip/dev/peach.pas(40128,14) Note: (5025) Local variable "b1" not used
/home/riceric/unarchiver-assessment-20260930/peazip/dev/peach.pas(40128,17) Note: (5025) Local variable "b2" not used
/home/riceric/unarchiver-assessment-20260930/peazip/dev/peach.pas(40879,4) Note: (5025) Local variable "MyThreadimg" not used
/home/riceric/unarchiver-assessment-20260930/peazip/dev/peach.pas(40881,4) Note: (5025) Local variable "redoi" not used
/home/riceric/unarchiver-assessment-20260930/peazip/dev/peach.pas(40883,4) Note: (5025) Local variable "tvs" not used
/home/riceric/unarchiver-assessment-20260930/peazip/dev/peach.pas(41174,83) Hint: (5057) Local variable "okfile" does not seem to be initialized
/home/riceric/unarchiver-assessment-20260930/peazip/dev/peach.pas(41269,4) Note: (5025) Local variable "i" not used
/home/riceric/unarchiver-assessment-20260930/peazip/dev/peach.pas(41270,4) Note: (5025) Local variable "lastobjfound" not used
/home/riceric/unarchiver-assessment-20260930/peazip/dev/peach.pas(41291,30) Hint: (5024) Parameter "s" not used
/home/riceric/unarchiver-assessment-20260930/peazip/dev/peach.pas(41559,4) Note: (5025) Local variable "s" not used
/home/riceric/unarchiver-assessment-20260930/peazip/dev/peach.pas(41560,4) Note: (5025) Local variable "i" not used
/home/riceric/unarchiver-assessment-20260930/peazip/dev/peach.pas(41561,4) Note: (5025) Local variable "drivestr" not used
/home/riceric/unarchiver-assessment-20260930/peazip/dev/peach.pas(41557,26) Hint: (5024) Parameter "nunits" not used
/home/riceric/unarchiver-assessment-20260930/peazip/dev/peach.pas(42259,96) Hint: (5091) Local variable "fs" of a managed type does not seem to be initialized
/home/riceric/unarchiver-assessment-20260930/peazip/dev/peach.pas(42488,151) Hint: (5091) Local variable "fattr_dec" of a managed type does not seem to be initialized
/home/riceric/unarchiver-assessment-20260930/peazip/dev/peach.pas(42488,141) Hint: (5091) Local variable "fattr" of a managed type does not seem to be initialized
/home/riceric/unarchiver-assessment-20260930/peazip/dev/peach.pas(42488,135) Hint: (5091) Local variable "ftimes" of a managed type does not seem to be initialized
/home/riceric/unarchiver-assessment-20260930/peazip/dev/peach.pas(42488,128) Hint: (5091) Local variable "fsizes" of a managed type does not seem to be initialized
/home/riceric/unarchiver-assessment-20260930/peazip/dev/peach.pas(42488,121) Hint: (5091) Local variable "flist" of a managed type does not seem to be initialized
/home/riceric/unarchiver-assessment-20260930/peazip/dev/peach.pas(42488,115) Hint: (5057) Local variable "ndirs" does not seem to be initialized
/home/riceric/unarchiver-assessment-20260930/peazip/dev/peach.pas(42488,109) Hint: (5057) Local variable "nfiles" does not seem to be initialized
/home/riceric/unarchiver-assessment-20260930/peazip/dev/peach.pas(42385,4) Note: (5025) Local variable "d" not used
/home/riceric/unarchiver-assessment-20260930/peazip/dev/peach.pas(42386,6) Note: (5025) Local variable "j" not used
/home/riceric/unarchiver-assessment-20260930/peazip/dev/peach.pas(42745,80) Hint: (5057) Local variable "i" does not seem to be initialized
/home/riceric/unarchiver-assessment-20260930/peazip/dev/peach.pas(43236,30) Hint: (5024) Parameter "s" not used
/home/riceric/unarchiver-assessment-20260930/peazip/dev/peach.pas(43457,6) Note: (5025) Local variable "j" not used
/home/riceric/unarchiver-assessment-20260930/peazip/dev/peach.pas(43457,8) Note: (5025) Local variable "k" not used
/home/riceric/unarchiver-assessment-20260930/peazip/dev/peach.pas(43458,4) Note: (5025) Local variable "cparr" not used
/home/riceric/unarchiver-assessment-20260930/peazip/dev/peach.pas(43458,10) Note: (5025) Local variable "mvarr" not used
/home/riceric/unarchiver-assessment-20260930/peazip/dev/peach.pas(44012,1) Warning: (2005) Comment level 2 found
/home/riceric/unarchiver-assessment-20260930/peazip/dev/peach.pas(44012,48) Warning: (2005) Comment level 2 found
/home/riceric/unarchiver-assessment-20260930/peazip/dev/peach.pas(44013,18) Warning: (2005) Comment level 2 found
/home/riceric/unarchiver-assessment-20260930/peazip/dev/peach.pas(44013,52) Warning: (2005) Comment level 2 found
/home/riceric/unarchiver-assessment-20260930/peazip/dev/peach.pas(44013,66) Warning: (2005) Comment level 2 found
/home/riceric/unarchiver-assessment-20260930/peazip/dev/peach.pas(43944,4) Note: (5025) Local variable "spars" not used
/home/riceric/unarchiver-assessment-20260930/peazip/dev/peach.pas(43945,4) Note: (5025) Local variable "sdest" not used
/home/riceric/unarchiver-assessment-20260930/peazip/dev/peach.pas(43946,4) Note: (5025) Local variable "i" not used
/home/riceric/unarchiver-assessment-20260930/peazip/dev/peach.pas(43942,34) Hint: (5024) Parameter "s_in" not used
/home/riceric/unarchiver-assessment-20260930/peazip/dev/peach.pas(44044,4) Note: (5025) Local variable "spars" not used
/home/riceric/unarchiver-assessment-20260930/peazip/dev/peach.pas(44045,4) Note: (5025) Local variable "i" not used
/home/riceric/unarchiver-assessment-20260930/peazip/dev/peach.pas(44106,31) Hint: (5091) Local variable "strsel" of a managed type does not seem to be initialized
/home/riceric/unarchiver-assessment-20260930/peazip/dev/peach.pas(44106,24) Hint: (5057) Local variable "nsel" does not seem to be initialized
/home/riceric/unarchiver-assessment-20260930/peazip/dev/peach.pas(44760,32) Hint: (5024) Parameter "s" not used
/home/riceric/unarchiver-assessment-20260930/peazip/dev/peach.pas(4256,36) Hint: (5024) Parameter "Sender" not used
/home/riceric/unarchiver-assessment-20260930/peazip/dev/peach.pas(45158,3) Note: (5025) Local variable "i" not used
/home/riceric/unarchiver-assessment-20260930/peazip/dev/peach.pas(45610,44) Hint: (5091) Local variable "outname" of a managed type does not seem to be initialized
/home/riceric/unarchiver-assessment-20260930/peazip/dev/peach.pas(45610,36) Hint: (5091) Local variable "jobcode" of a managed type does not seem to be initialized
/home/riceric/unarchiver-assessment-20260930/peazip/dev/peach.pas(45610,28) Hint: (5091) Local variable "cl" of a managed type does not seem to be initialized
/home/riceric/unarchiver-assessment-20260930/peazip/dev/peach.pas(45765,44) Hint: (5091) Local variable "outname" of a managed type does not seem to be initialized
/home/riceric/unarchiver-assessment-20260930/peazip/dev/peach.pas(45765,36) Hint: (5091) Local variable "jobcode" of a managed type does not seem to be initialized
/home/riceric/unarchiver-assessment-20260930/peazip/dev/peach.pas(45765,28) Hint: (5091) Local variable "cl" of a managed type does not seem to be initialized
/home/riceric/unarchiver-assessment-20260930/peazip/dev/peach.pas(46025,52) Hint: (5091) Local variable "outname" of a managed type does not seem to be initialized
/home/riceric/unarchiver-assessment-20260930/peazip/dev/peach.pas(46025,44) Hint: (5091) Local variable "jobcode" of a managed type does not seem to be initialized
/home/riceric/unarchiver-assessment-20260930/peazip/dev/peach.pas(46025,36) Hint: (5091) Local variable "cl" of a managed type does not seem to be initialized
/home/riceric/unarchiver-assessment-20260930/peazip/dev/peach.pas(46156,13) Warning: (2005) Comment level 2 found
/home/riceric/unarchiver-assessment-20260930/peazip/dev/peach.pas(46175,13) Warning: (2005) Comment level 2 found
/home/riceric/unarchiver-assessment-20260930/peazip/dev/peach.pas(45960,4) Note: (5025) Local variable "mri" not used
/home/riceric/unarchiver-assessment-20260930/peazip/dev/peach.pas(45961,23) Note: (5025) Local variable "s" not used
/home/riceric/unarchiver-assessment-20260930/peazip/dev/peach.pas(45962,4) Note: (5025) Local variable "w" not used
/home/riceric/unarchiver-assessment-20260930/peazip/dev/peach.pas(46267,36) Hint: (5057) Local variable "apicture" does not seem to be initialized
/home/riceric/unarchiver-assessment-20260930/peazip/dev/peach.pas(46314,34) Hint: (5091) Local variable "strsel" of a managed type does not seem to be initialized
/home/riceric/unarchiver-assessment-20260930/peazip/dev/peach.pas(46314,27) Hint: (5057) Local variable "nsel" does not seem to be initialized
/home/riceric/unarchiver-assessment-20260930/peazip/dev/peach.pas(46320,26) Hint: (5091) Local variable "scheduleclip" of a managed type does not seem to be initialized
/home/riceric/unarchiver-assessment-20260930/peazip/dev/peach.pas(46379,36) Hint: (5057) Local variable "apicture" does not seem to be initialized
/home/riceric/unarchiver-assessment-20260930/peazip/dev/peach.pas(46453,34) Hint: (5091) Local variable "strsel" of a managed type does not seem to be initialized
/home/riceric/unarchiver-assessment-20260930/peazip/dev/peach.pas(46453,27) Hint: (5057) Local variable "nsel" does not seem to be initialized
/home/riceric/unarchiver-assessment-20260930/peazip/dev/peach.pas(46459,26) Hint: (5091) Local variable "scheduleclip" of a managed type does not seem to be initialized
/home/riceric/unarchiver-assessment-20260930/peazip/dev/peach.pas(46536,34) Hint: (5091) Local variable "strsel" of a managed type does not seem to be initialized
/home/riceric/unarchiver-assessment-20260930/peazip/dev/peach.pas(46536,27) Hint: (5057) Local variable "nsel" does not seem to be initialized
/home/riceric/unarchiver-assessment-20260930/peazip/dev/peach.pas(46577,42) Hint: (5057) Local variable "apicture" does not seem to be initialized
/home/riceric/unarchiver-assessment-20260930/peazip/dev/peach.pas(46628,36) Hint: (5057) Local variable "apicture" does not seem to be initialized
/home/riceric/unarchiver-assessment-20260930/peazip/dev/peach.pas(46655,34) Hint: (5091) Local variable "strsel" of a managed type does not seem to be initialized
/home/riceric/unarchiver-assessment-20260930/peazip/dev/peach.pas(46655,27) Hint: (5057) Local variable "nsel" does not seem to be initialized
/home/riceric/unarchiver-assessment-20260930/peazip/dev/peach.pas(46661,26) Hint: (5091) Local variable "scheduleclip" of a managed type does not seem to be initialized
/home/riceric/unarchiver-assessment-20260930/peazip/dev/peach.pas(46716,34) Hint: (5091) Local variable "strsel" of a managed type does not seem to be initialized
/home/riceric/unarchiver-assessment-20260930/peazip/dev/peach.pas(46716,27) Hint: (5057) Local variable "nsel" does not seem to be initialized
/home/riceric/unarchiver-assessment-20260930/peazip/dev/peach.pas(48537,6) Note: (5025) Local variable "s1" not used
/home/riceric/unarchiver-assessment-20260930/peazip/dev/peach.pas(48538,12) Note: (5025) Local variable "i" not used
/home/riceric/unarchiver-assessment-20260930/peazip/dev/peach.pas(48637,4) Note: (5025) Local variable "i" not used
/home/riceric/unarchiver-assessment-20260930/peazip/dev/peach.pas(48726,4) Note: (5025) Local variable "s" not used
/home/riceric/unarchiver-assessment-20260930/peazip/dev/peach.pas(48956,12) Note: (5025) Local variable "w" not used
/home/riceric/unarchiver-assessment-20260930/peazip/dev/peach.pas(48953,20) Hint: (5024) Parameter "Button" not used
/home/riceric/unarchiver-assessment-20260930/peazip/dev/peach.pas(49401,27) Hint: (5024) Parameter "archive_type" not used
/home/riceric/unarchiver-assessment-20260930/peazip/dev/peach.pas(49604,22) Hint: (5091) Local variable "s" of a managed type does not seem to be initialized
/home/riceric/unarchiver-assessment-20260930/peazip/dev/peach.pas(49667,43) Hint: (5091) Local variable "in_param" of a managed type does not seem to be initialized
/home/riceric/unarchiver-assessment-20260930/peazip/dev/peach.pas(49777,4) Note: (5025) Local variable "d" not used
/home/riceric/unarchiver-assessment-20260930/peazip/dev/peach.pas(49778,4) Note: (5025) Local variable "j" not used
/home/riceric/unarchiver-assessment-20260930/peazip/dev/peach.pas(49892,4) Note: (5025) Local variable "i" not used
/home/riceric/unarchiver-assessment-20260930/peazip/dev/peach.pas(49890,18) Hint: (5024) Parameter "s" not used
/home/riceric/unarchiver-assessment-20260930/peazip/dev/peach.pas(49947,76) Hint: (5024) Parameter "real_extract" not used
/home/riceric/unarchiver-assessment-20260930/peazip/dev/peach.pas(50042,28) Hint: (5091) Local variable "out_param" of a managed type does not seem to be initialized
/home/riceric/unarchiver-assessment-20260930/peazip/dev/peach.pas(50296,22) Hint: (5091) Local variable "s" of a managed type does not seem to be initialized
/home/riceric/unarchiver-assessment-20260930/peazip/dev/peach.pas(50309,22) Hint: (5091) Local variable "work_path" of a managed type does not seem to be initialized
/home/riceric/unarchiver-assessment-20260930/peazip/dev/peach.pas(50446,22) Hint: (5091) Local variable "in_param" of a managed type does not seem to be initialized
/home/riceric/unarchiver-assessment-20260930/peazip/dev/peach.pas(50477,22) Hint: (5091) Local variable "work_path" of a managed type does not seem to be initialized
/home/riceric/unarchiver-assessment-20260930/peazip/dev/peach.pas(50468,22) Note: (5025) Local variable "in_param" not used
/home/riceric/unarchiver-assessment-20260930/peazip/dev/peach.pas(50468,52) Note: (5027) Local variable "ext_param" is assigned but never used
/home/riceric/unarchiver-assessment-20260930/peazip/dev/peach.pas(50559,14) Note: (5025) Local variable "in_param" not used
/home/riceric/unarchiver-assessment-20260930/peazip/dev/peach.pas(50560,4) Note: (5025) Local variable "i" not used
/home/riceric/unarchiver-assessment-20260930/peazip/dev/peach.pas(50620,28) Hint: (5091) Local variable "out_param" of a managed type does not seem to be initialized
/home/riceric/unarchiver-assessment-20260930/peazip/dev/peach.pas(50686,36) Hint: (5024) Parameter "s" not used
/home/riceric/unarchiver-assessment-20260930/peazip/dev/peach.pas(50831,22) Hint: (5091) Local variable "s" of a managed type does not seem to be initialized
/home/riceric/unarchiver-assessment-20260930/peazip/dev/peach.pas(51179,22) Hint: (5091) Local variable "work_path" of a managed type does not seem to be initialized
/home/riceric/unarchiver-assessment-20260930/peazip/dev/peach.pas(51181,22) Hint: (5091) Local variable "in_param" of a managed type does not seem to be initialized
/home/riceric/unarchiver-assessment-20260930/peazip/dev/peach.pas(50810,4) Note: (5025) Local variable "cla" not used
/home/riceric/unarchiver-assessment-20260930/peazip/dev/peach.pas(51286,28) Hint: (5091) Local variable "out_param" of a managed type does not seem to be initialized
/home/riceric/unarchiver-assessment-20260930/peazip/dev/peach.pas(51555,28) Hint: (5091) Local variable "out_param" of a managed type does not seem to be initialized
/home/riceric/unarchiver-assessment-20260930/peazip/dev/peach.pas(51590,34) Warning: (5044) Symbol "faHidden" is not portable
/home/riceric/unarchiver-assessment-20260930/peazip/dev/peach.pas(51596,38) Warning: (5044) Symbol "faHidden" is not portable
/home/riceric/unarchiver-assessment-20260930/peazip/dev/peach.pas(51777,44) Hint: (5091) Local variable "work_path" of a managed type does not seem to be initialized
/home/riceric/unarchiver-assessment-20260930/peazip/dev/peach.pas(52082,25) Hint: (5091) Local variable "in_param" of a managed type does not seem to be initialized
/home/riceric/unarchiver-assessment-20260930/peazip/dev/peach.pas(52090,48) Hint: (5024) Parameter "sel" not used
/home/riceric/unarchiver-assessment-20260930/peazip/dev/peach.pas(52196,28) Hint: (5091) Local variable "out_param" of a managed type does not seem to be initialized
/home/riceric/unarchiver-assessment-20260930/peazip/dev/peach.pas(52265,28) Hint: (5091) Local variable "out_param" of a managed type does not seem to be initialized
/home/riceric/unarchiver-assessment-20260930/peazip/dev/peach.pas(52273,33) Warning: (5044) Symbol "faHidden" is not portable
/home/riceric/unarchiver-assessment-20260930/peazip/dev/peach.pas(52326,28) Hint: (5091) Local variable "out_param" of a managed type does not seem to be initialized
/home/riceric/unarchiver-assessment-20260930/peazip/dev/peach.pas(52334,33) Warning: (5044) Symbol "faHidden" is not portable
/home/riceric/unarchiver-assessment-20260930/peazip/dev/peach.pas(52386,28) Hint: (5091) Local variable "s" of a managed type does not seem to be initialized
/home/riceric/unarchiver-assessment-20260930/peazip/dev/peach.pas(52399,28) Hint: (5091) Local variable "in_param" of a managed type does not seem to be initialized
/home/riceric/unarchiver-assessment-20260930/peazip/dev/peach.pas(52505,28) Hint: (5091) Local variable "out_param" of a managed type does not seem to be initialized
/home/riceric/unarchiver-assessment-20260930/peazip/dev/peach.pas(52514,33) Warning: (5044) Symbol "faHidden" is not portable
/home/riceric/unarchiver-assessment-20260930/peazip/dev/peach.pas(52590,10) Warning: (2005) Comment level 2 found
/home/riceric/unarchiver-assessment-20260930/peazip/dev/peach.pas(52590,63) Warning: (2005) Comment level 2 found
/home/riceric/unarchiver-assessment-20260930/peazip/dev/peach.pas(52590,98) Warning: (2005) Comment level 2 found
/home/riceric/unarchiver-assessment-20260930/peazip/dev/peach.pas(52498,11) Note: (5025) Local variable "checksel" not used
/home/riceric/unarchiver-assessment-20260930/peazip/dev/peach.pas(52499,4) Note: (5025) Local variable "i" not used
/home/riceric/unarchiver-assessment-20260930/peazip/dev/peach.pas(52667,22) Hint: (5091) Local variable "in_param" of a managed type does not seem to be initialized
/home/riceric/unarchiver-assessment-20260930/peazip/dev/peach.pas(52693,31) Hint: (5057) Local variable "read_data" does not seem to be initialized
/home/riceric/unarchiver-assessment-20260930/peazip/dev/peach.pas(52631,40) Note: (5025) Local variable "s" not used
/home/riceric/unarchiver-assessment-20260930/peazip/dev/peach.pas(52753,22) Hint: (5091) Local variable "s" of a managed type does not seem to be initialized
/home/riceric/unarchiver-assessment-20260930/peazip/dev/peach.pas(52762,22) Hint: (5091) Local variable "in_param" of a managed type does not seem to be initialized
/home/riceric/unarchiver-assessment-20260930/peazip/dev/peach.pas(52735,52) Note: (5027) Local variable "exetype" is assigned but never used
/home/riceric/unarchiver-assessment-20260930/peazip/dev/peach.pas(52783,28) Hint: (5091) Local variable "out_param" of a managed type does not seem to be initialized
/home/riceric/unarchiver-assessment-20260930/peazip/dev/peach.pas(52791,33) Warning: (5044) Symbol "faHidden" is not portable
/home/riceric/unarchiver-assessment-20260930/peazip/dev/peach.pas(5896,92) Hint: (5024) Parameter "selection" not used
/home/riceric/unarchiver-assessment-20260930/peazip/dev/peach.pas(52852,22) Hint: (5091) Local variable "s" of a managed type does not seem to be initialized
/home/riceric/unarchiver-assessment-20260930/peazip/dev/peach.pas(52861,22) Hint: (5091) Local variable "in_param" of a managed type does not seem to be initialized
/home/riceric/unarchiver-assessment-20260930/peazip/dev/peach.pas(52834,52) Note: (5027) Local variable "exetype" is assigned but never used
/home/riceric/unarchiver-assessment-20260930/peazip/dev/peach.pas(52882,28) Hint: (5091) Local variable "out_param" of a managed type does not seem to be initialized
/home/riceric/unarchiver-assessment-20260930/peazip/dev/peach.pas(52890,33) Warning: (5044) Symbol "faHidden" is not portable
/home/riceric/unarchiver-assessment-20260930/peazip/dev/peach.pas(5897,90) Hint: (5024) Parameter "selection" not used
/home/riceric/unarchiver-assessment-20260930/peazip/dev/peach.pas(52955,22) Hint: (5091) Local variable "s" of a managed type does not seem to be initialized
/home/riceric/unarchiver-assessment-20260930/peazip/dev/peach.pas(52962,22) Hint: (5091) Local variable "in_param" of a managed type does not seem to be initialized
/home/riceric/unarchiver-assessment-20260930/peazip/dev/peach.pas(52995,28) Hint: (5091) Local variable "out_param" of a managed type does not seem to be initialized
/home/riceric/unarchiver-assessment-20260930/peazip/dev/peach.pas(53003,33) Warning: (5044) Symbol "faHidden" is not portable
/home/riceric/unarchiver-assessment-20260930/peazip/dev/peach.pas(53017,37) Warning: (5089) Local variable "in_param" of a managed type does not seem to be initialized
/home/riceric/unarchiver-assessment-20260930/peazip/dev/peach.pas(53071,28) Hint: (5091) Local variable "out_param" of a managed type does not seem to be initialized
/home/riceric/unarchiver-assessment-20260930/peazip/dev/peach.pas(5890,89) Hint: (5024) Parameter "selection" not used
/home/riceric/unarchiver-assessment-20260930/peazip/dev/peach.pas(53278,43) Hint: (5091) Local variable "npath" of a managed type does not seem to be initialized
/home/riceric/unarchiver-assessment-20260930/peazip/dev/peach.pas(53267,4) Note: (5027) Local variable "fpath" is assigned but never used
/home/riceric/unarchiver-assessment-20260930/peazip/dev/peach.pas(53319,4) Note: (5025) Local variable "w" not used
/home/riceric/unarchiver-assessment-20260930/peazip/dev/peach.pas(53338,62) Hint: (5091) Local variable "jobcode" of a managed type does not seem to be initialized
/home/riceric/unarchiver-assessment-20260930/peazip/dev/peach.pas(53338,54) Hint: (5091) Local variable "cl" of a managed type does not seem to be initialized
/home/riceric/unarchiver-assessment-20260930/peazip/dev/peach.pas(53417,22) Hint: (5091) Local variable "s" of a managed type does not seem to be initialized
/home/riceric/unarchiver-assessment-20260930/peazip/dev/peach.pas(53460,22) Hint: (5091) Local variable "work_path" of a managed type does not seem to be initialized
/home/riceric/unarchiver-assessment-20260930/peazip/dev/peach.pas(53463,22) Hint: (5091) Local variable "in_param" of a managed type does not seem to be initialized
/home/riceric/unarchiver-assessment-20260930/peazip/dev/peach.pas(53546,33) Hint: (5091) Local variable "strsel" of a managed type does not seem to be initialized
/home/riceric/unarchiver-assessment-20260930/peazip/dev/peach.pas(53546,25) Hint: (5057) Local variable "nsel" does not seem to be initialized
/home/riceric/unarchiver-assessment-20260930/peazip/dev/peach.pas(53571,44) Hint: (5091) Local variable "dummycl" of a managed type does not seem to be initialized
/home/riceric/unarchiver-assessment-20260930/peazip/dev/peach.pas(53615,26) Hint: (5091) Local variable "fun1" of a managed type does not seem to be initialized
/home/riceric/unarchiver-assessment-20260930/peazip/dev/peach.pas(53615,21) Hint: (5057) Local variable "i" does not seem to be initialized
/home/riceric/unarchiver-assessment-20260930/peazip/dev/peach.pas(53631,36) Hint: (5091) Local variable "star" of a managed type does not seem to be initialized
/home/riceric/unarchiver-assessment-20260930/peazip/dev/peach.pas(53814,49) Hint: (5091) Local variable "clprog" of a managed type does not seem to be initialized
/home/riceric/unarchiver-assessment-20260930/peazip/dev/peach.pas(53853,4) Note: (5025) Local variable "s" not used
/home/riceric/unarchiver-assessment-20260930/peazip/dev/peach.pas(53853,6) Note: (5025) Local variable "cl" not used
/home/riceric/unarchiver-assessment-20260930/peazip/dev/peach.pas(53853,9) Note: (5025) Local variable "shh" not used
/home/riceric/unarchiver-assessment-20260930/peazip/dev/peach.pas(53853,13) Note: (5025) Local variable "smm" not used
/home/riceric/unarchiver-assessment-20260930/peazip/dev/peach.pas(53853,17) Note: (5025) Local variable "jobcode" not used
/home/riceric/unarchiver-assessment-20260930/peazip/dev/peach.pas(53853,25) Note: (5025) Local variable "outname" not used
/home/riceric/unarchiver-assessment-20260930/peazip/dev/peach.pas(53853,33) Note: (5025) Local variable "schscrname" not used
/home/riceric/unarchiver-assessment-20260930/peazip/dev/peach.pas(53853,44) Note: (5025) Local variable "iname" not used
/home/riceric/unarchiver-assessment-20260930/peazip/dev/peach.pas(53854,4) Note: (5025) Local variable "isched" not used
/home/riceric/unarchiver-assessment-20260930/peazip/dev/peach.pas(53855,4) Note: (5025) Local variable "ispinedit" not used
/home/riceric/unarchiver-assessment-20260930/peazip/dev/peach.pas(53855,14) Note: (5025) Local variable "ispinhh" not used
/home/riceric/unarchiver-assessment-20260930/peazip/dev/peach.pas(53855,22) Note: (5025) Local variable "ispinmm" not used
/home/riceric/unarchiver-assessment-20260930/peazip/dev/peach.pas(53856,4) Note: (5025) Local variable "icheckgroup" not used
/home/riceric/unarchiver-assessment-20260930/peazip/dev/peach.pas(53857,4) Note: (5025) Local variable "icombobox" not used
/home/riceric/unarchiver-assessment-20260930/peazip/dev/peach.pas(53858,4) Note: (5025) Local variable "P" not used
/home/riceric/unarchiver-assessment-20260930/peazip/dev/peach.pas(53851,27) Hint: (5024) Parameter "stype" not used
/home/riceric/unarchiver-assessment-20260930/peazip/dev/peach.pas(54066,18) Hint: (5091) Local variable "s" of a managed type does not seem to be initialized
/home/riceric/unarchiver-assessment-20260930/peazip/dev/peach.pas(54091,30) Hint: (5024) Parameter "i" not used
/home/riceric/unarchiver-assessment-20260930/peazip/dev/peach.pas(54134,47) Hint: (5091) Local variable "outname" of a managed type does not seem to be initialized
/home/riceric/unarchiver-assessment-20260930/peazip/dev/peach.pas(54134,39) Hint: (5091) Local variable "jobcode" of a managed type does not seem to be initialized
/home/riceric/unarchiver-assessment-20260930/peazip/dev/peach.pas(54134,31) Hint: (5091) Local variable "cl" of a managed type does not seem to be initialized
/home/riceric/unarchiver-assessment-20260930/peazip/dev/peach.pas(54232,32) Hint: (5091) Local variable "clprog" of a managed type does not seem to be initialized
/home/riceric/unarchiver-assessment-20260930/peazip/dev/peach.pas(54251,27) Hint: (5091) Local variable "s" of a managed type does not seem to be initialized
/home/riceric/unarchiver-assessment-20260930/peazip/dev/peach.pas(54364,65) Hint: (5060) Function result variable does not seem to be initialized
/home/riceric/unarchiver-assessment-20260930/peazip/dev/peach.pas(54542,37) Hint: (5091) Local variable "outname" of a managed type does not seem to be initialized
/home/riceric/unarchiver-assessment-20260930/peazip/dev/peach.pas(54542,29) Hint: (5091) Local variable "jobcode" of a managed type does not seem to be initialized
/home/riceric/unarchiver-assessment-20260930/peazip/dev/peach.pas(54592,31) Hint: (5091) Local variable "out_param" of a managed type does not seem to be initialized
/home/riceric/unarchiver-assessment-20260930/peazip/dev/peach.pas(54601,33) Warning: (5044) Symbol "faHidden" is not portable
/home/riceric/unarchiver-assessment-20260930/peazip/dev/peach.pas(54568,4) Note: (5025) Local variable "w" not used
/home/riceric/unarchiver-assessment-20260930/peazip/dev/peach.pas(54670,22) Hint: (5091) Local variable "work_path" of a managed type does not seem to be initialized
/home/riceric/unarchiver-assessment-20260930/peazip/dev/peach.pas(54717,22) Hint: (5057) Local variable "len" does not seem to be initialized
/home/riceric/unarchiver-assessment-20260930/peazip/dev/peach.pas(54729,34) Hint: (5057) Local variable "n" does not seem to be initialized
/home/riceric/unarchiver-assessment-20260930/peazip/dev/peach.pas(54729,18) Hint: (5057) Local variable "sbuf" does not seem to be initialized
/home/riceric/unarchiver-assessment-20260930/peazip/dev/peach.pas(54702,6) Note: (5025) Local variable "j" not used
/home/riceric/unarchiver-assessment-20260930/peazip/dev/peach.pas(54779,22) Hint: (5057) Local variable "n" does not seem to be initialized
/home/riceric/unarchiver-assessment-20260930/peazip/dev/peach.pas(54779,18) Hint: (5057) Local variable "sbuf" does not seem to be initialized
/home/riceric/unarchiver-assessment-20260930/peazip/dev/peach.pas(54763,4) Note: (5025) Local variable "bytes" not used
/home/riceric/unarchiver-assessment-20260930/peazip/dev/peach.pas(54910,47) Hint: (5091) Local variable "outname" of a managed type does not seem to be initialized
/home/riceric/unarchiver-assessment-20260930/peazip/dev/peach.pas(54910,39) Hint: (5091) Local variable "jobcode" of a managed type does not seem to be initialized
/home/riceric/unarchiver-assessment-20260930/peazip/dev/peach.pas(54910,31) Hint: (5091) Local variable "cl" of a managed type does not seem to be initialized
/home/riceric/unarchiver-assessment-20260930/peazip/dev/peach.pas(54930,31) Hint: (5091) Local variable "strsel" of a managed type does not seem to be initialized
/home/riceric/unarchiver-assessment-20260930/peazip/dev/peach.pas(54930,24) Hint: (5057) Local variable "nsel" does not seem to be initialized
/home/riceric/unarchiver-assessment-20260930/peazip/dev/peach.pas(54943,106) Hint: (5091) Local variable "s" of a managed type does not seem to be initialized
/home/riceric/unarchiver-assessment-20260930/peazip/dev/peach.pas(54943,104) Hint: (5057) Local variable "commsize" does not seem to be initialized
/home/riceric/unarchiver-assessment-20260930/peazip/dev/peach.pas(54943,95) Hint: (5057) Local variable "commpos" does not seem to be initialized
/home/riceric/unarchiver-assessment-20260930/peazip/dev/peach.pas(54984,135) Hint: (5057) Local variable "commsize" does not seem to be initialized
/home/riceric/unarchiver-assessment-20260930/peazip/dev/peach.pas(54984,126) Hint: (5057) Local variable "commpos" does not seem to be initialized
/home/riceric/unarchiver-assessment-20260930/peazip/dev/peach.pas(55014,137) Hint: (5091) Local variable "s" of a managed type does not seem to be initialized
/home/riceric/unarchiver-assessment-20260930/peazip/dev/peach.pas(55014,135) Hint: (5057) Local variable "commsize" does not seem to be initialized
/home/riceric/unarchiver-assessment-20260930/peazip/dev/peach.pas(55014,126) Hint: (5057) Local variable "commpos" does not seem to be initialized
/home/riceric/unarchiver-assessment-20260930/peazip/dev/peach.pas(55066,36) Hint: (5057) Local variable "fsize" does not seem to be initialized
/home/riceric/unarchiver-assessment-20260930/peazip/dev/peach.pas(55093,97) Hint: (5091) Local variable "s" of a managed type does not seem to be initialized
/home/riceric/unarchiver-assessment-20260930/peazip/dev/peach.pas(55093,95) Hint: (5057) Local variable "commsize" does not seem to be initialized
/home/riceric/unarchiver-assessment-20260930/peazip/dev/peach.pas(55093,86) Hint: (5057) Local variable "commpos" does not seem to be initialized
/home/riceric/unarchiver-assessment-20260930/peazip/dev/peach.pas(55556,34) Hint: (5057) Local variable "sz" does not seem to be initialized
/home/riceric/unarchiver-assessment-20260930/peazip/dev/peach.pas(55586,24) Hint: (5091) Local variable "fun" of a managed type does not seem to be initialized
/home/riceric/unarchiver-assessment-20260930/peazip/dev/peach.pas(55586,20) Hint: (5057) Local variable "i" does not seem to be initialized
/home/riceric/unarchiver-assessment-20260930/peazip/dev/peach.pas(55600,48) Hint: (5091) Local variable "outname" of a managed type does not seem to be initialized
/home/riceric/unarchiver-assessment-20260930/peazip/dev/peach.pas(55600,40) Hint: (5091) Local variable "jobcode" of a managed type does not seem to be initialized
/home/riceric/unarchiver-assessment-20260930/peazip/dev/peach.pas(55578,19) Note: (5025) Local variable "sz" not used
/home/riceric/unarchiver-assessment-20260930/peazip/dev/peach.pas(56023,4) Note: (5025) Local variable "sz" not used
/home/riceric/unarchiver-assessment-20260930/peazip/dev/peach.pas(56274,30) Hint: (5057) Local variable "len" does not seem to be initialized
/home/riceric/unarchiver-assessment-20260930/peazip/dev/peach.pas(56276,24) Hint: (5057) Local variable "hdrf" does not seem to be initialized
/home/riceric/unarchiver-assessment-20260930/peazip/dev/peach.pas(56282,16) Hint: (5091) Local variable "sPW" of a managed type does not seem to be initialized
/home/riceric/unarchiver-assessment-20260930/peazip/dev/peach.pas(56283,24) Hint: (5057) Local variable "cxe" does not seem to be initialized
/home/riceric/unarchiver-assessment-20260930/peazip/dev/peach.pas(56295,24) Hint: (5057) Local variable "buf" does not seem to be initialized
/home/riceric/unarchiver-assessment-20260930/peazip/dev/peach.pas(56303,28) Hint: (5057) Local variable "authc" does not seem to be initialized
/home/riceric/unarchiver-assessment-20260930/peazip/dev/peach.pas(56304,24) Hint: (5057) Local variable "authf" does not seem to be initialized
/home/riceric/unarchiver-assessment-20260930/peazip/dev/peach.pas(56357,17) Hint: (5091) Local variable "pmpw" of a managed type does not seem to be initialized
/home/riceric/unarchiver-assessment-20260930/peazip/dev/peach.pas(56383,28) Hint: (5057) Local variable "fingerprint" does not seem to be initialized
/home/riceric/unarchiver-assessment-20260930/peazip/dev/peach.pas(56384,21) Hint: (5057) Local variable "SHA1Context" does not seem to be initialized
/home/riceric/unarchiver-assessment-20260930/peazip/dev/peach.pas(56386,33) Hint: (5057) Local variable "shortsalt" does not seem to be initialized
/home/riceric/unarchiver-assessment-20260930/peazip/dev/peach.pas(56387,17) Hint: (5057) Local variable "hdr" does not seem to be initialized
/home/riceric/unarchiver-assessment-20260930/peazip/dev/peach.pas(56388,21) Hint: (5057) Local variable "cxe" does not seem to be initialized
/home/riceric/unarchiver-assessment-20260930/peazip/dev/peach.pas(56401,27) Hint: (5057) Local variable "auth" does not seem to be initialized
/home/riceric/unarchiver-assessment-20260930/peazip/dev/peach.pas(56483,90) Hint: (5091) Local variable "fattr_dec" of a managed type does not seem to be initialized
/home/riceric/unarchiver-assessment-20260930/peazip/dev/peach.pas(56483,80) Hint: (5091) Local variable "fattr" of a managed type does not seem to be initialized
/home/riceric/unarchiver-assessment-20260930/peazip/dev/peach.pas(56483,74) Hint: (5091) Local variable "ftimes" of a managed type does not seem to be initialized
/home/riceric/unarchiver-assessment-20260930/peazip/dev/peach.pas(56483,67) Hint: (5091) Local variable "fsizes" of a managed type does not seem to be initialized
/home/riceric/unarchiver-assessment-20260930/peazip/dev/peach.pas(56483,60) Hint: (5091) Local variable "flist" of a managed type does not seem to be initialized
/home/riceric/unarchiver-assessment-20260930/peazip/dev/peach.pas(56483,54) Hint: (5057) Local variable "ndirs" does not seem to be initialized
/home/riceric/unarchiver-assessment-20260930/peazip/dev/peach.pas(56501,69) Hint: (5057) Local variable "tsize" does not seem to be initialized
/home/riceric/unarchiver-assessment-20260930/peazip/dev/peach.pas(56518,82) Hint: (5057) Local variable "nfound" does not seem to be initialized
/home/riceric/unarchiver-assessment-20260930/peazip/dev/peach.pas(56518,75) Hint: (5091) Local variable "exp_fattr_dec" of a managed type does not seem to be initialized
/home/riceric/unarchiver-assessment-20260930/peazip/dev/peach.pas(56518,61) Hint: (5091) Local variable "exp_fattr" of a managed type does not seem to be initialized
/home/riceric/unarchiver-assessment-20260930/peazip/dev/peach.pas(56518,51) Hint: (5091) Local variable "exp_ftimes" of a managed type does not seem to be initialized
/home/riceric/unarchiver-assessment-20260930/peazip/dev/peach.pas(56518,40) Hint: (5091) Local variable "exp_fsizes" of a managed type does not seem to be initialized
/home/riceric/unarchiver-assessment-20260930/peazip/dev/peach.pas(56518,29) Hint: (5091) Local variable "exp_files" of a managed type does not seem to be initialized
/home/riceric/unarchiver-assessment-20260930/peazip/dev/peach.pas(56522,48) Hint: (5057) Local variable "okfile" does not seem to be initialized
/home/riceric/unarchiver-assessment-20260930/peazip/dev/peach.pas(56674,30) Hint: (5024) Parameter "s" not used
/home/riceric/unarchiver-assessment-20260930/peazip/dev/peach.pas(56703,4) Note: (5025) Local variable "t" not used
/home/riceric/unarchiver-assessment-20260930/peazip/dev/peach.pas(56704,4) Note: (5025) Local variable "s" not used
/home/riceric/unarchiver-assessment-20260930/peazip/dev/peach.pas(56704,6) Note: (5025) Local variable "s1" not used
/home/riceric/unarchiver-assessment-20260930/peazip/dev/peach.pas(56704,9) Note: (5025) Local variable "s2" not used
/home/riceric/unarchiver-assessment-20260930/peazip/dev/peach.pas(56704,12) Note: (5025) Local variable "fn" not used
/home/riceric/unarchiver-assessment-20260930/peazip/dev/peach.pas(56705,4) Note: (5025) Local variable "pkeep" not used
/home/riceric/unarchiver-assessment-20260930/peazip/dev/peach.pas(56706,4) Note: (5025) Local variable "nf" not used
/home/riceric/unarchiver-assessment-20260930/peazip/dev/peach.pas(56706,7) Note: (5025) Local variable "nok" not used
/home/riceric/unarchiver-assessment-20260930/peazip/dev/peach.pas(56706,11) Note: (5025) Local variable "ndone" not used
/home/riceric/unarchiver-assessment-20260930/peazip/dev/peach.pas(56707,4) Note: (5025) Local variable "nfiles" not used
/home/riceric/unarchiver-assessment-20260930/peazip/dev/peach.pas(56707,11) Note: (5025) Local variable "ndirs" not used
/home/riceric/unarchiver-assessment-20260930/peazip/dev/peach.pas(56708,4) Note: (5025) Local variable "flist" not used
/home/riceric/unarchiver-assessment-20260930/peazip/dev/peach.pas(56709,4) Note: (5025) Local variable "fsizes" not used
/home/riceric/unarchiver-assessment-20260930/peazip/dev/peach.pas(56710,4) Note: (5025) Local variable "ftimes" not used
/home/riceric/unarchiver-assessment-20260930/peazip/dev/peach.pas(56711,4) Note: (5025) Local variable "fattr" not used
/home/riceric/unarchiver-assessment-20260930/peazip/dev/peach.pas(56712,4) Note: (5025) Local variable "fattr_dec" not used
/home/riceric/unarchiver-assessment-20260930/peazip/dev/peach.pas(56701,20) Hint: (5024) Parameter "optype" not used
/home/riceric/unarchiver-assessment-20260930/peazip/dev/peach.pas(56701,43) Hint: (5024) Parameter "multis" not used
/home/riceric/unarchiver-assessment-20260930/peazip/dev/peach.pas(56785,4) Note: (5025) Local variable "mclosed" not used
/home/riceric/unarchiver-assessment-20260930/peazip/dev/peach.pas(56783,24) Hint: (5024) Parameter "P" not used
/home/riceric/unarchiver-assessment-20260930/peazip/dev/peach.pas(56783,44) Hint: (5024) Parameter "cl" not used
/home/riceric/unarchiver-assessment-20260930/peazip/dev/peach.pas(56807,4) Note: (5025) Local variable "pgoti" not used
/home/riceric/unarchiver-assessment-20260930/peazip/dev/peach.pas(56828,4) Note: (5025) Local variable "pgoti" not used
/home/riceric/unarchiver-assessment-20260930/peazip/dev/peach.pas(56849,4) Note: (5025) Local variable "pgoti" not used
/home/riceric/unarchiver-assessment-20260930/peazip/dev/peach.pas(57152,4) Note: (5025) Local variable "s" not used
/home/riceric/unarchiver-assessment-20260930/peazip/dev/peach.pas(57152,6) Note: (5025) Local variable "cl" not used
/home/riceric/unarchiver-assessment-20260930/peazip/dev/peach.pas(57153,4) Note: (5025) Local variable "P" not used
/home/riceric/unarchiver-assessment-20260930/peazip/dev/peach.pas(57172,4) Note: (5025) Local variable "s" not used
/home/riceric/unarchiver-assessment-20260930/peazip/dev/peach.pas(57172,6) Note: (5025) Local variable "cl" not used
/home/riceric/unarchiver-assessment-20260930/peazip/dev/peach.pas(57173,4) Note: (5025) Local variable "P" not used
/home/riceric/unarchiver-assessment-20260930/peazip/dev/peach.pas(57192,4) Note: (5025) Local variable "s" not used
/home/riceric/unarchiver-assessment-20260930/peazip/dev/peach.pas(57192,6) Note: (5025) Local variable "cl" not used
/home/riceric/unarchiver-assessment-20260930/peazip/dev/peach.pas(57193,4) Note: (5025) Local variable "P" not used
/home/riceric/unarchiver-assessment-20260930/peazip/dev/peach.pas(57212,4) Note: (5025) Local variable "s" not used
/home/riceric/unarchiver-assessment-20260930/peazip/dev/peach.pas(57212,6) Note: (5025) Local variable "cl" not used
/home/riceric/unarchiver-assessment-20260930/peazip/dev/peach.pas(57213,4) Note: (5025) Local variable "P" not used
/home/riceric/unarchiver-assessment-20260930/peazip/dev/peach.pas(57210,23) Hint: (5024) Parameter "level" not used
/home/riceric/unarchiver-assessment-20260930/peazip/dev/peach.pas(57232,4) Note: (5025) Local variable "s" not used
/home/riceric/unarchiver-assessment-20260930/peazip/dev/peach.pas(57232,6) Note: (5025) Local variable "cl" not used
/home/riceric/unarchiver-assessment-20260930/peazip/dev/peach.pas(57233,4) Note: (5025) Local variable "P" not used
/home/riceric/unarchiver-assessment-20260930/peazip/dev/peach.pas(57230,28) Hint: (5024) Parameter "archtype" not used
/home/riceric/unarchiver-assessment-20260930/peazip/dev/peach.pas(57252,4) Note: (5025) Local variable "s" not used
/home/riceric/unarchiver-assessment-20260930/peazip/dev/peach.pas(57252,6) Note: (5025) Local variable "cl" not used
/home/riceric/unarchiver-assessment-20260930/peazip/dev/peach.pas(57253,4) Note: (5025) Local variable "P" not used
/home/riceric/unarchiver-assessment-20260930/peazip/dev/peach.pas(57250,24) Hint: (5024) Parameter "level" not used
/home/riceric/unarchiver-assessment-20260930/peazip/dev/peach.pas(57272,4) Note: (5025) Local variable "s" not used
/home/riceric/unarchiver-assessment-20260930/peazip/dev/peach.pas(57272,6) Note: (5025) Local variable "cl" not used
/home/riceric/unarchiver-assessment-20260930/peazip/dev/peach.pas(57273,4) Note: (5025) Local variable "P" not used
/home/riceric/unarchiver-assessment-20260930/peazip/dev/peach.pas(57292,4) Note: (5025) Local variable "s" not used
/home/riceric/unarchiver-assessment-20260930/peazip/dev/peach.pas(57292,6) Note: (5025) Local variable "cl" not used
/home/riceric/unarchiver-assessment-20260930/peazip/dev/peach.pas(57293,4) Note: (5025) Local variable "P" not used
/home/riceric/unarchiver-assessment-20260930/peazip/dev/peach.pas(57312,4) Note: (5025) Local variable "s" not used
/home/riceric/unarchiver-assessment-20260930/peazip/dev/peach.pas(57312,6) Note: (5025) Local variable "cl" not used
/home/riceric/unarchiver-assessment-20260930/peazip/dev/peach.pas(57313,4) Note: (5025) Local variable "P" not used
/home/riceric/unarchiver-assessment-20260930/peazip/dev/peach.pas(57332,4) Note: (5025) Local variable "s" not used
/home/riceric/unarchiver-assessment-20260930/peazip/dev/peach.pas(57332,6) Note: (5025) Local variable "cl" not used
/home/riceric/unarchiver-assessment-20260930/peazip/dev/peach.pas(57333,4) Note: (5025) Local variable "P" not used
/home/riceric/unarchiver-assessment-20260930/peazip/dev/peach.pas(57352,4) Note: (5025) Local variable "s" not used
/home/riceric/unarchiver-assessment-20260930/peazip/dev/peach.pas(57352,6) Note: (5025) Local variable "cl" not used
/home/riceric/unarchiver-assessment-20260930/peazip/dev/peach.pas(57353,4) Note: (5025) Local variable "P" not used
/home/riceric/unarchiver-assessment-20260930/peazip/dev/peach.pas(57350,27) Hint: (5024) Parameter "dirdirective" not used
/home/riceric/unarchiver-assessment-20260930/peazip/dev/peach.pas(57381,20) Hint: (5057) Local variable "j" does not seem to be initialized
/home/riceric/unarchiver-assessment-20260930/peazip/dev/peach.pas(57413,20) Hint: (5057) Local variable "j" does not seem to be initialized
/home/riceric/unarchiver-assessment-20260930/peazip/dev/peach.pas(57476,24) Hint: (5091) Local variable "pwtotest" of a managed type does not seem to be initialized
/home/riceric/unarchiver-assessment-20260930/peazip/dev/peach.pas(57799,47) Warning: (5044) Symbol "faHidden" is not portable
/home/riceric/unarchiver-assessment-20260930/peazip/dev/peach.pas(57842,37) Hint: (5091) Local variable "dummycl" of a managed type does not seem to be initialized
/home/riceric/unarchiver-assessment-20260930/peazip/dev/peach.pas(57470,6) Note: (5025) Local variable "ec" not used
/home/riceric/unarchiver-assessment-20260930/peazip/dev/peach.pas(57473,4) Note: (5025) Local variable "fsize" not used
/home/riceric/unarchiver-assessment-20260930/peazip/dev/peach.pas(57983,21) Hint: (5091) Local variable "pwtotest" of a managed type does not seem to be initialized
/home/riceric/unarchiver-assessment-20260930/peazip/dev/peach.pas(57973,8) Note: (5025) Local variable "ec" not used
/home/riceric/unarchiver-assessment-20260930/peazip/dev/peach.pas(57975,4) Note: (5025) Local variable "fsize" not used
/home/riceric/unarchiver-assessment-20260930/peazip/dev/peach.pas(58546,20) Hint: (5057) Local variable "j" does not seem to be initialized
/home/riceric/unarchiver-assessment-20260930/peazip/dev/peach.pas(58551,49) Hint: (5091) Local variable "outname" of a managed type does not seem to be initialized
/home/riceric/unarchiver-assessment-20260930/peazip/dev/peach.pas(58551,41) Hint: (5091) Local variable "jobcode" of a managed type does not seem to be initialized
/home/riceric/unarchiver-assessment-20260930/peazip/dev/peach.pas(58551,33) Hint: (5091) Local variable "cl" of a managed type does not seem to be initialized
/home/riceric/unarchiver-assessment-20260930/peazip/dev/peach.pas(58533,36) Note: (5025) Local variable "strsel" not used
/home/riceric/unarchiver-assessment-20260930/peazip/dev/peach.pas(58533,43) Note: (5025) Local variable "funct1" not used
/home/riceric/unarchiver-assessment-20260930/peazip/dev/peach.pas(58598,99) Hint: (5091) Local variable "s" of a managed type does not seem to be initialized
/home/riceric/unarchiver-assessment-20260930/peazip/dev/peach.pas(58664,36) Hint: (5091) Local variable "oname" of a managed type does not seem to be initialized
/home/riceric/unarchiver-assessment-20260930/peazip/dev/peach.pas(58808,46) Hint: (5091) Local variable "aoutname" of a managed type does not seem to be initialized
/home/riceric/unarchiver-assessment-20260930/peazip/dev/peach.pas(58828,39) Hint: (5091) Local variable "dummycltar" of a managed type does not seem to be initialized
/home/riceric/unarchiver-assessment-20260930/peazip/dev/peach.pas(58828,28) Hint: (5091) Local variable "outname" of a managed type does not seem to be initialized
/home/riceric/unarchiver-assessment-20260930/peazip/dev/peach.pas(58872,33) Hint: (5091) Local variable "strsel" of a managed type does not seem to be initialized
/home/riceric/unarchiver-assessment-20260930/peazip/dev/peach.pas(58872,25) Hint: (5057) Local variable "nsel" does not seem to be initialized
/home/riceric/unarchiver-assessment-20260930/peazip/dev/peach.pas(58898,44) Hint: (5091) Local variable "dummycl" of a managed type does not seem to be initialized
/home/riceric/unarchiver-assessment-20260930/peazip/dev/peach.pas(59022,49) Hint: (5091) Local variable "outname" of a managed type does not seem to be initialized
/home/riceric/unarchiver-assessment-20260930/peazip/dev/peach.pas(59022,41) Hint: (5091) Local variable "jobcode" of a managed type does not seem to be initialized
/home/riceric/unarchiver-assessment-20260930/peazip/dev/peach.pas(59022,33) Hint: (5091) Local variable "cl" of a managed type does not seem to be initialized
/home/riceric/unarchiver-assessment-20260930/peazip/dev/peach.pas(59046,53) Hint: (5091) Local variable "strsel" of a managed type does not seem to be initialized
/home/riceric/unarchiver-assessment-20260930/peazip/dev/peach.pas(59046,46) Hint: (5057) Local variable "nsel" does not seem to be initialized
/home/riceric/unarchiver-assessment-20260930/peazip/dev/peach.pas(59069,23) Hint: (5091) Local variable "scheduleclip" of a managed type does not seem to be initialized
/home/riceric/unarchiver-assessment-20260930/peazip/dev/peach.pas(59095,49) Hint: (5091) Local variable "outname" of a managed type does not seem to be initialized
/home/riceric/unarchiver-assessment-20260930/peazip/dev/peach.pas(59095,41) Hint: (5091) Local variable "jobcode" of a managed type does not seem to be initialized
/home/riceric/unarchiver-assessment-20260930/peazip/dev/peach.pas(59095,33) Hint: (5091) Local variable "cl" of a managed type does not seem to be initialized
/home/riceric/unarchiver-assessment-20260930/peazip/dev/peach.pas(59367,4) Note: (5025) Local variable "sz" not used
/home/riceric/unarchiver-assessment-20260930/peazip/dev/peach.pas(59404,4) Note: (5025) Local variable "s" not used
/home/riceric/unarchiver-assessment-20260930/peazip/dev/peach.pas(59630,42) Hint: (5091) Local variable "oname" of a managed type does not seem to be initialized
/home/riceric/unarchiver-assessment-20260930/peazip/dev/peach.pas(59617,45) Note: (5025) Local variable "uoutname" not used
/home/riceric/unarchiver-assessment-20260930/peazip/dev/peach.pas(59793,33) Hint: (5091) Local variable "altdest" of a managed type does not seem to be initialized
/home/riceric/unarchiver-assessment-20260930/peazip/dev/peach.pas(59945,135) Hint: (5091) Local variable "outname" of a managed type does not seem to be initialized
/home/riceric/unarchiver-assessment-20260930/peazip/dev/peach.pas(59945,127) Hint: (5091) Local variable "jobcode" of a managed type does not seem to be initialized
/home/riceric/unarchiver-assessment-20260930/peazip/dev/peach.pas(59945,119) Hint: (5091) Local variable "cl" of a managed type does not seem to be initialized
/home/riceric/unarchiver-assessment-20260930/peazip/dev/peach.pas(59959,102) Hint: (5091) Local variable "dummycl" of a managed type does not seem to be initialized
/home/riceric/unarchiver-assessment-20260930/peazip/dev/peach.pas(60016,33) Hint: (5091) Local variable "strsel" of a managed type does not seem to be initialized
/home/riceric/unarchiver-assessment-20260930/peazip/dev/peach.pas(60016,25) Hint: (5057) Local variable "nsel" does not seem to be initialized
/home/riceric/unarchiver-assessment-20260930/peazip/dev/peach.pas(60266,69) Hint: (5057) Local variable "okfile" does not seem to be initialized
/home/riceric/unarchiver-assessment-20260930/peazip/dev/peach.pas(60280,84) Hint: (5057) Local variable "mpsize" does not seem to be initialized
/home/riceric/unarchiver-assessment-20260930/peazip/dev/peach.pas(60290,119) Hint: (5057) Local variable "nfound" does not seem to be initialized
/home/riceric/unarchiver-assessment-20260930/peazip/dev/peach.pas(60290,112) Hint: (5091) Local variable "exp_fattr_dec" of a managed type does not seem to be initialized
/home/riceric/unarchiver-assessment-20260930/peazip/dev/peach.pas(60290,98) Hint: (5091) Local variable "exp_fattr" of a managed type does not seem to be initialized
/home/riceric/unarchiver-assessment-20260930/peazip/dev/peach.pas(60290,88) Hint: (5091) Local variable "exp_ftimes" of a managed type does not seem to be initialized
/home/riceric/unarchiver-assessment-20260930/peazip/dev/peach.pas(60290,77) Hint: (5091) Local variable "exp_fsizes" of a managed type does not seem to be initialized
/home/riceric/unarchiver-assessment-20260930/peazip/dev/peach.pas(60290,66) Hint: (5091) Local variable "exp_files" of a managed type does not seem to be initialized
/home/riceric/unarchiver-assessment-20260930/peazip/dev/peach.pas(60466,27) Hint: (5091) Local variable "s" of a managed type does not seem to be initialized
/home/riceric/unarchiver-assessment-20260930/peazip/dev/peach.pas(60497,18) Hint: (5091) Local variable "s" of a managed type does not seem to be initialized
/home/riceric/unarchiver-assessment-20260930/peazip/dev/peach.pas(60685,66) Hint: (5057) Local variable "okfile" does not seem to be initialized
/home/riceric/unarchiver-assessment-20260930/peazip/dev/peach.pas(60825,42) Hint: (5091) Local variable "outname" of a managed type does not seem to be initialized
/home/riceric/unarchiver-assessment-20260930/peazip/dev/peach.pas(60825,34) Hint: (5091) Local variable "jobcode" of a managed type does not seem to be initialized
/home/riceric/unarchiver-assessment-20260930/peazip/dev/peach.pas(60825,26) Hint: (5091) Local variable "cl" of a managed type does not seem to be initialized
/home/riceric/unarchiver-assessment-20260930/peazip/dev/peach.pas(60839,42) Hint: (5091) Local variable "outname" of a managed type does not seem to be initialized
/home/riceric/unarchiver-assessment-20260930/peazip/dev/peach.pas(60839,34) Hint: (5091) Local variable "jobcode" of a managed type does not seem to be initialized
/home/riceric/unarchiver-assessment-20260930/peazip/dev/peach.pas(60839,26) Hint: (5091) Local variable "cl" of a managed type does not seem to be initialized
/home/riceric/unarchiver-assessment-20260930/peazip/dev/peach.pas(61013,89) Hint: (5057) Local variable "nfound" does not seem to be initialized
/home/riceric/unarchiver-assessment-20260930/peazip/dev/peach.pas(61013,82) Hint: (5091) Local variable "exp_fattr_dec" of a managed type does not seem to be initialized
/home/riceric/unarchiver-assessment-20260930/peazip/dev/peach.pas(61013,68) Hint: (5091) Local variable "exp_fattr" of a managed type does not seem to be initialized
/home/riceric/unarchiver-assessment-20260930/peazip/dev/peach.pas(61013,58) Hint: (5091) Local variable "exp_ftimes" of a managed type does not seem to be initialized
/home/riceric/unarchiver-assessment-20260930/peazip/dev/peach.pas(61013,47) Hint: (5091) Local variable "exp_fsizes" of a managed type does not seem to be initialized
/home/riceric/unarchiver-assessment-20260930/peazip/dev/peach.pas(61013,36) Hint: (5091) Local variable "exp_files" of a managed type does not seem to be initialized
/home/riceric/unarchiver-assessment-20260930/peazip/dev/peach.pas(61017,45) Hint: (5057) Local variable "okfile" does not seem to be initialized
/home/riceric/unarchiver-assessment-20260930/peazip/dev/peach.pas(61047,18) Hint: (5091) Local variable "s" of a managed type does not seem to be initialized
/home/riceric/unarchiver-assessment-20260930/peazip/dev/peach.pas(61075,89) Hint: (5057) Local variable "nfound" does not seem to be initialized
/home/riceric/unarchiver-assessment-20260930/peazip/dev/peach.pas(61075,82) Hint: (5091) Local variable "exp_fattr_dec" of a managed type does not seem to be initialized
/home/riceric/unarchiver-assessment-20260930/peazip/dev/peach.pas(61075,68) Hint: (5091) Local variable "exp_fattr" of a managed type does not seem to be initialized
/home/riceric/unarchiver-assessment-20260930/peazip/dev/peach.pas(61075,58) Hint: (5091) Local variable "exp_ftimes" of a managed type does not seem to be initialized
/home/riceric/unarchiver-assessment-20260930/peazip/dev/peach.pas(61075,47) Hint: (5091) Local variable "exp_fsizes" of a managed type does not seem to be initialized
/home/riceric/unarchiver-assessment-20260930/peazip/dev/peach.pas(61075,36) Hint: (5091) Local variable "exp_files" of a managed type does not seem to be initialized
/home/riceric/unarchiver-assessment-20260930/peazip/dev/peach.pas(61079,45) Hint: (5057) Local variable "okfile" does not seem to be initialized
/home/riceric/unarchiver-assessment-20260930/peazip/dev/peach.pas(5594,31) Hint: (5024) Parameter "Sender" not used
/home/riceric/unarchiver-assessment-20260930/peazip/dev/peach.pas(61904,52) Hint: (5091) Local variable "strsel" of a managed type does not seem to be initialized
/home/riceric/unarchiver-assessment-20260930/peazip/dev/peach.pas(61904,45) Hint: (5057) Local variable "nsel" does not seem to be initialized
/home/riceric/unarchiver-assessment-20260930/peazip/dev/peach.pas(61993,65) Hint: (5091) Local variable "snpos" of a managed type does not seem to be initialized
/home/riceric/unarchiver-assessment-20260930/peazip/dev/peach.pas(62020,65) Hint: (5091) Local variable "sadd" of a managed type does not seem to be initialized
/home/riceric/unarchiver-assessment-20260930/peazip/dev/peach.pas(62044,48) Hint: (5091) Local variable "snchar" of a managed type does not seem to be initialized
/home/riceric/unarchiver-assessment-20260930/peazip/dev/peach.pas(62070,71) Hint: (5091) Local variable "sold" of a managed type does not seem to be initialized
/home/riceric/unarchiver-assessment-20260930/peazip/dev/peach.pas(62467,109) Hint: (5057) Local variable "nfound" does not seem to be initialized
/home/riceric/unarchiver-assessment-20260930/peazip/dev/peach.pas(62467,102) Hint: (5091) Local variable "exp_fattr_dec" of a managed type does not seem to be initialized
/home/riceric/unarchiver-assessment-20260930/peazip/dev/peach.pas(62467,88) Hint: (5091) Local variable "exp_fattr" of a managed type does not seem to be initialized
/home/riceric/unarchiver-assessment-20260930/peazip/dev/peach.pas(62467,78) Hint: (5091) Local variable "exp_ftimes" of a managed type does not seem to be initialized
/home/riceric/unarchiver-assessment-20260930/peazip/dev/peach.pas(62467,67) Hint: (5091) Local variable "exp_fsizes" of a managed type does not seem to be initialized
/home/riceric/unarchiver-assessment-20260930/peazip/dev/peach.pas(62467,56) Hint: (5091) Local variable "exp_files" of a managed type does not seem to be initialized
/home/riceric/unarchiver-assessment-20260930/peazip/dev/peach.pas(62471,57) Hint: (5057) Local variable "okfile" does not seem to be initialized
/home/riceric/unarchiver-assessment-20260930/peazip/dev/peach.pas(62649,34) Warning: (5089) Local variable "cl" of a managed type does not seem to be initialized
/home/riceric/unarchiver-assessment-20260930/peazip/dev/peach.pas(62651,30) Warning: (5089) Local variable "jobcode" of a managed type does not seem to be initialized
/home/riceric/unarchiver-assessment-20260930/peazip/dev/peach.pas(63043,113) Hint: (5057) Local variable "nfound" does not seem to be initialized
/home/riceric/unarchiver-assessment-20260930/peazip/dev/peach.pas(63043,106) Hint: (5091) Local variable "exp_fattr_dec" of a managed type does not seem to be initialized
/home/riceric/unarchiver-assessment-20260930/peazip/dev/peach.pas(63043,92) Hint: (5091) Local variable "exp_fattr" of a managed type does not seem to be initialized
/home/riceric/unarchiver-assessment-20260930/peazip/dev/peach.pas(63043,82) Hint: (5091) Local variable "exp_ftimes" of a managed type does not seem to be initialized
/home/riceric/unarchiver-assessment-20260930/peazip/dev/peach.pas(63043,71) Hint: (5091) Local variable "exp_fsizes" of a managed type does not seem to be initialized
/home/riceric/unarchiver-assessment-20260930/peazip/dev/peach.pas(63043,60) Hint: (5091) Local variable "exp_files" of a managed type does not seem to be initialized
/home/riceric/unarchiver-assessment-20260930/peazip/dev/peach.pas(63047,54) Hint: (5057) Local variable "okfile" does not seem to be initialized
/home/riceric/unarchiver-assessment-20260930/peazip/dev/peach.pas(62599,12) Note: (5027) Local variable "lerr" is assigned but never used
/home/riceric/unarchiver-assessment-20260930/peazip/dev/peach.pas(3963,37) Hint: (5024) Parameter "Sender" not used
/home/riceric/unarchiver-assessment-20260930/peazip/dev/peach.pas(3964,38) Hint: (5024) Parameter "Sender" not used
/home/riceric/unarchiver-assessment-20260930/peazip/dev/peach.pas(3965,48) Hint: (5024) Parameter "Sender" not used
/home/riceric/unarchiver-assessment-20260930/peazip/dev/peach.pas(3967,42) Hint: (5024) Parameter "Sender" not used
/home/riceric/unarchiver-assessment-20260930/peazip/dev/peach.pas(3968,39) Hint: (5024) Parameter "Sender" not used
/home/riceric/unarchiver-assessment-20260930/peazip/dev/peach.pas(3969,37) Hint: (5024) Parameter "Sender" not used
/home/riceric/unarchiver-assessment-20260930/peazip/dev/peach.pas(3974,46) Hint: (5024) Parameter "Sender" not used
/home/riceric/unarchiver-assessment-20260930/peazip/dev/peach.pas(3975,39) Hint: (5024) Parameter "Sender" not used
/home/riceric/unarchiver-assessment-20260930/peazip/dev/peach.pas(3976,35) Hint: (5024) Parameter "Sender" not used
/home/riceric/unarchiver-assessment-20260930/peazip/dev/peach.pas(3977,45) Hint: (5024) Parameter "Sender" not used
/home/riceric/unarchiver-assessment-20260930/peazip/dev/peach.pas(3978,45) Hint: (5024) Parameter "Sender" not used
/home/riceric/unarchiver-assessment-20260930/peazip/dev/peach.pas(3979,39) Hint: (5024) Parameter "Sender" not used
/home/riceric/unarchiver-assessment-20260930/peazip/dev/peach.pas(3980,44) Hint: (5024) Parameter "Sender" not used
/home/riceric/unarchiver-assessment-20260930/peazip/dev/peach.pas(3992,39) Hint: (5024) Parameter "Sender" not used
/home/riceric/unarchiver-assessment-20260930/peazip/dev/peach.pas(3993,45) Hint: (5024) Parameter "Sender" not used
/home/riceric/unarchiver-assessment-20260930/peazip/dev/peach.pas(3970,47) Hint: (5024) Parameter "Sender" not used
/home/riceric/unarchiver-assessment-20260930/peazip/dev/peach.pas(3971,46) Hint: (5024) Parameter "Sender" not used
/home/riceric/unarchiver-assessment-20260930/peazip/dev/peach.pas(3972,42) Hint: (5024) Parameter "Sender" not used
/home/riceric/unarchiver-assessment-20260930/peazip/dev/peach.pas(3973,41) Hint: (5024) Parameter "Sender" not used
/home/riceric/unarchiver-assessment-20260930/peazip/dev/peach.pas(4057,37) Hint: (5024) Parameter "Sender" not used
/home/riceric/unarchiver-assessment-20260930/peazip/dev/peach.pas(4058,39) Hint: (5024) Parameter "Sender" not used
/home/riceric/unarchiver-assessment-20260930/peazip/dev/peach.pas(4059,34) Hint: (5024) Parameter "Sender" not used
/home/riceric/unarchiver-assessment-20260930/peazip/dev/peach.pas(4060,36) Hint: (5024) Parameter "Sender" not used
/home/riceric/unarchiver-assessment-20260930/peazip/dev/peach.pas(4062,30) Hint: (5024) Parameter "Sender" not used
/home/riceric/unarchiver-assessment-20260930/peazip/dev/peach.pas(4063,30) Hint: (5024) Parameter "Sender" not used
/home/riceric/unarchiver-assessment-20260930/peazip/dev/peach.pas(3957,39) Hint: (5024) Parameter "Sender" not used
/home/riceric/unarchiver-assessment-20260930/peazip/dev/peach.pas(3958,39) Hint: (5024) Parameter "Sender" not used
/home/riceric/unarchiver-assessment-20260930/peazip/dev/peach.pas(3959,33) Hint: (5024) Parameter "Sender" not used
/home/riceric/unarchiver-assessment-20260930/peazip/dev/peach.pas(3960,32) Hint: (5024) Parameter "Sender" not used
/home/riceric/unarchiver-assessment-20260930/peazip/dev/peach.pas(3961,37) Hint: (5024) Parameter "Sender" not used
/home/riceric/unarchiver-assessment-20260930/peazip/dev/peach.pas(3962,33) Hint: (5024) Parameter "Sender" not used
/home/riceric/unarchiver-assessment-20260930/peazip/dev/peach.pas(3996,37) Hint: (5024) Parameter "Sender" not used
/home/riceric/unarchiver-assessment-20260930/peazip/dev/peach.pas(3997,39) Hint: (5024) Parameter "Sender" not used
/home/riceric/unarchiver-assessment-20260930/peazip/dev/peach.pas(3950,36) Hint: (5024) Parameter "Sender" not used
/home/riceric/unarchiver-assessment-20260930/peazip/dev/peach.pas(4794,26) Hint: (5024) Parameter "Sender" not used
/home/riceric/unarchiver-assessment-20260930/peazip/dev/peach.pas(3688,33) Hint: (5024) Parameter "Sender" not used
/home/riceric/unarchiver-assessment-20260930/peazip/dev/peach.pas(3681,34) Hint: (5024) Parameter "Sender" not used
/home/riceric/unarchiver-assessment-20260930/peazip/dev/peach.pas(3588,27) Hint: (5024) Parameter "Sender" not used
/home/riceric/unarchiver-assessment-20260930/peazip/dev/peach.pas(3589,27) Hint: (5024) Parameter "Sender" not used
/home/riceric/unarchiver-assessment-20260930/peazip/dev/peach.pas(3590,27) Hint: (5024) Parameter "Sender" not used
/home/riceric/unarchiver-assessment-20260930/peazip/dev/peach.pas(3591,27) Hint: (5024) Parameter "Sender" not used
/home/riceric/unarchiver-assessment-20260930/peazip/dev/peach.pas(3592,27) Hint: (5024) Parameter "Sender" not used
/home/riceric/unarchiver-assessment-20260930/peazip/dev/peach.pas(3593,27) Hint: (5024) Parameter "Sender" not used
/home/riceric/unarchiver-assessment-20260930/peazip/dev/peach.pas(3594,27) Hint: (5024) Parameter "Sender" not used
/home/riceric/unarchiver-assessment-20260930/peazip/dev/peach.pas(3595,27) Hint: (5024) Parameter "Sender" not used
/home/riceric/unarchiver-assessment-20260930/peazip/dev/peach.pas(3596,31) Hint: (5024) Parameter "Sender" not used
/home/riceric/unarchiver-assessment-20260930/peazip/dev/peach.pas(3597,30) Hint: (5024) Parameter "Sender" not used
/home/riceric/unarchiver-assessment-20260930/peazip/dev/peach.pas(3598,31) Hint: (5024) Parameter "Sender" not used
/home/riceric/unarchiver-assessment-20260930/peazip/dev/peach.pas(3599,41) Hint: (5024) Parameter "Sender" not used
/home/riceric/unarchiver-assessment-20260930/peazip/dev/peach.pas(3600,33) Hint: (5024) Parameter "Sender" not used
/home/riceric/unarchiver-assessment-20260930/peazip/dev/peach.pas(3601,33) Hint: (5024) Parameter "Sender" not used
/home/riceric/unarchiver-assessment-20260930/peazip/dev/peach.pas(3602,33) Hint: (5024) Parameter "Sender" not used
/home/riceric/unarchiver-assessment-20260930/peazip/dev/peach.pas(3603,33) Hint: (5024) Parameter "Sender" not used
/home/riceric/unarchiver-assessment-20260930/peazip/dev/peach.pas(3604,33) Hint: (5024) Parameter "Sender" not used
/home/riceric/unarchiver-assessment-20260930/peazip/dev/peach.pas(3605,33) Hint: (5024) Parameter "Sender" not used
/home/riceric/unarchiver-assessment-20260930/peazip/dev/peach.pas(3606,33) Hint: (5024) Parameter "Sender" not used
/home/riceric/unarchiver-assessment-20260930/peazip/dev/peach.pas(3607,33) Hint: (5024) Parameter "Sender" not used
/home/riceric/unarchiver-assessment-20260930/peazip/dev/peach.pas(3608,33) Hint: (5024) Parameter "Sender" not used
/home/riceric/unarchiver-assessment-20260930/peazip/dev/peach.pas(3609,33) Hint: (5024) Parameter "Sender" not used
/home/riceric/unarchiver-assessment-20260930/peazip/dev/peach.pas(3610,37) Hint: (5024) Parameter "Sender" not used
/home/riceric/unarchiver-assessment-20260930/peazip/dev/peach.pas(3611,34) Hint: (5024) Parameter "Sender" not used
/home/riceric/unarchiver-assessment-20260930/peazip/dev/peach.pas(3612,34) Hint: (5024) Parameter "Sender" not used
/home/riceric/unarchiver-assessment-20260930/peazip/dev/peach.pas(3613,34) Hint: (5024) Parameter "Sender" not used
/home/riceric/unarchiver-assessment-20260930/peazip/dev/peach.pas(3614,34) Hint: (5024) Parameter "Sender" not used
/home/riceric/unarchiver-assessment-20260930/peazip/dev/peach.pas(3615,34) Hint: (5024) Parameter "Sender" not used
/home/riceric/unarchiver-assessment-20260930/peazip/dev/peach.pas(3616,34) Hint: (5024) Parameter "Sender" not used
/home/riceric/unarchiver-assessment-20260930/peazip/dev/peach.pas(3617,34) Hint: (5024) Parameter "Sender" not used
/home/riceric/unarchiver-assessment-20260930/peazip/dev/peach.pas(3618,29) Hint: (5024) Parameter "Sender" not used
/home/riceric/unarchiver-assessment-20260930/peazip/dev/peach.pas(3619,29) Hint: (5024) Parameter "Sender" not used
/home/riceric/unarchiver-assessment-20260930/peazip/dev/peach.pas(3620,29) Hint: (5024) Parameter "Sender" not used
/home/riceric/unarchiver-assessment-20260930/peazip/dev/peach.pas(3621,29) Hint: (5024) Parameter "Sender" not used
/home/riceric/unarchiver-assessment-20260930/peazip/dev/peach.pas(3622,29) Hint: (5024) Parameter "Sender" not used
/home/riceric/unarchiver-assessment-20260930/peazip/dev/peach.pas(3623,29) Hint: (5024) Parameter "Sender" not used
/home/riceric/unarchiver-assessment-20260930/peazip/dev/peach.pas(3624,29) Hint: (5024) Parameter "Sender" not used
/home/riceric/unarchiver-assessment-20260930/peazip/dev/peach.pas(3625,29) Hint: (5024) Parameter "Sender" not used
/home/riceric/unarchiver-assessment-20260930/peazip/dev/peach.pas(3626,30) Hint: (5024) Parameter "Sender" not used
/home/riceric/unarchiver-assessment-20260930/peazip/dev/peach.pas(3627,30) Hint: (5024) Parameter "Sender" not used
/home/riceric/unarchiver-assessment-20260930/peazip/dev/peach.pas(3628,32) Hint: (5024) Parameter "Sender" not used
/home/riceric/unarchiver-assessment-20260930/peazip/dev/peach.pas(3629,33) Hint: (5024) Parameter "Sender" not used
/home/riceric/unarchiver-assessment-20260930/peazip/dev/peach.pas(3630,39) Hint: (5024) Parameter "Sender" not used
/home/riceric/unarchiver-assessment-20260930/peazip/dev/peach.pas(3631,38) Hint: (5024) Parameter "Sender" not used
/home/riceric/unarchiver-assessment-20260930/peazip/dev/peach.pas(3632,30) Hint: (5024) Parameter "Sender" not used
/home/riceric/unarchiver-assessment-20260930/peazip/dev/peach.pas(3633,35) Hint: (5024) Parameter "Sender" not used
/home/riceric/unarchiver-assessment-20260930/peazip/dev/peach.pas(3634,41) Hint: (5024) Parameter "Sender" not used
/home/riceric/unarchiver-assessment-20260930/peazip/dev/peach.pas(3635,42) Hint: (5024) Parameter "Sender" not used
/home/riceric/unarchiver-assessment-20260930/peazip/dev/peach.pas(3636,34) Hint: (5024) Parameter "Sender" not used
/home/riceric/unarchiver-assessment-20260930/peazip/dev/peach.pas(3637,37) Hint: (5024) Parameter "Sender" not used
/home/riceric/unarchiver-assessment-20260930/peazip/dev/peach.pas(3638,44) Hint: (5024) Parameter "Sender" not used
/home/riceric/unarchiver-assessment-20260930/peazip/dev/peach.pas(3639,40) Hint: (5024) Parameter "Sender" not used
/home/riceric/unarchiver-assessment-20260930/peazip/dev/peach.pas(3640,42) Hint: (5024) Parameter "Sender" not used
/home/riceric/unarchiver-assessment-20260930/peazip/dev/peach.pas(3641,39) Hint: (5024) Parameter "Sender" not used
/home/riceric/unarchiver-assessment-20260930/peazip/dev/peach.pas(3642,28) Hint: (5024) Parameter "Sender" not used
/home/riceric/unarchiver-assessment-20260930/peazip/dev/peach.pas(3643,28) Hint: (5024) Parameter "Sender" not used
/home/riceric/unarchiver-assessment-20260930/peazip/dev/peach.pas(3644,28) Hint: (5024) Parameter "Sender" not used
/home/riceric/unarchiver-assessment-20260930/peazip/dev/peach.pas(3645,28) Hint: (5024) Parameter "Sender" not used
/home/riceric/unarchiver-assessment-20260930/peazip/dev/peach.pas(3646,28) Hint: (5024) Parameter "Sender" not used
/home/riceric/unarchiver-assessment-20260930/peazip/dev/peach.pas(3647,28) Hint: (5024) Parameter "Sender" not used
/home/riceric/unarchiver-assessment-20260930/peazip/dev/peach.pas(3648,28) Hint: (5024) Parameter "Sender" not used
/home/riceric/unarchiver-assessment-20260930/peazip/dev/peach.pas(3649,28) Hint: (5024) Parameter "Sender" not used
/home/riceric/unarchiver-assessment-20260930/peazip/dev/peach.pas(3650,28) Hint: (5024) Parameter "Sender" not used
/home/riceric/unarchiver-assessment-20260930/peazip/dev/peach.pas(3651,28) Hint: (5024) Parameter "Sender" not used
/home/riceric/unarchiver-assessment-20260930/peazip/dev/peach.pas(3652,30) Hint: (5024) Parameter "Sender" not used
/home/riceric/unarchiver-assessment-20260930/peazip/dev/peach.pas(3653,34) Hint: (5024) Parameter "Sender" not used
/home/riceric/unarchiver-assessment-20260930/peazip/dev/peach.pas(3654,34) Hint: (5024) Parameter "Sender" not used
/home/riceric/unarchiver-assessment-20260930/peazip/dev/peach.pas(3655,33) Hint: (5024) Parameter "Sender" not used
/home/riceric/unarchiver-assessment-20260930/peazip/dev/peach.pas(3656,31) Hint: (5024) Parameter "Sender" not used
/home/riceric/unarchiver-assessment-20260930/peazip/dev/peach.pas(3657,31) Hint: (5024) Parameter "Sender" not used
/home/riceric/unarchiver-assessment-20260930/peazip/dev/peach.pas(3658,33) Hint: (5024) Parameter "Sender" not used
/home/riceric/unarchiver-assessment-20260930/peazip/dev/peach.pas(3659,35) Hint: (5024) Parameter "Sender" not used
/home/riceric/unarchiver-assessment-20260930/peazip/dev/peach.pas(3660,30) Hint: (5024) Parameter "Sender" not used
/home/riceric/unarchiver-assessment-20260930/peazip/dev/peach.pas(3661,30) Hint: (5024) Parameter "Sender" not used
/home/riceric/unarchiver-assessment-20260930/peazip/dev/peach.pas(3662,32) Hint: (5024) Parameter "Sender" not used
/home/riceric/unarchiver-assessment-20260930/peazip/dev/peach.pas(3663,35) Hint: (5024) Parameter "Sender" not used
/home/riceric/unarchiver-assessment-20260930/peazip/dev/peach.pas(64414,22) Warning: (5036) Local variable "P" does not seem to be initialized
/home/riceric/unarchiver-assessment-20260930/peazip/dev/peach.pas(3664,32) Hint: (5024) Parameter "Sender" not used
/home/riceric/unarchiver-assessment-20260930/peazip/dev/peach.pas(3665,32) Hint: (5024) Parameter "Sender" not used
/home/riceric/unarchiver-assessment-20260930/peazip/dev/peach.pas(64442,15) Hint: (5091) Local variable "s" of a managed type does not seem to be initialized
/home/riceric/unarchiver-assessment-20260930/peazip/dev/peach.pas(64442,13) Hint: (5091) Local variable "dom" of a managed type does not seem to be initialized
/home/riceric/unarchiver-assessment-20260930/peazip/dev/peach.pas(3666,31) Hint: (5024) Parameter "Sender" not used
/home/riceric/unarchiver-assessment-20260930/peazip/dev/peach.pas(3667,31) Hint: (5024) Parameter "Sender" not used
/home/riceric/unarchiver-assessment-20260930/peazip/dev/peach.pas(3668,31) Hint: (5024) Parameter "Sender" not used
/home/riceric/unarchiver-assessment-20260930/peazip/dev/peach.pas(3669,31) Hint: (5024) Parameter "Sender" not used
/home/riceric/unarchiver-assessment-20260930/peazip/dev/peach.pas(3670,31) Hint: (5024) Parameter "Sender" not used
/home/riceric/unarchiver-assessment-20260930/peazip/dev/peach.pas(3671,31) Hint: (5024) Parameter "Sender" not used
/home/riceric/unarchiver-assessment-20260930/peazip/dev/peach.pas(3672,30) Hint: (5024) Parameter "Sender" not used
/home/riceric/unarchiver-assessment-20260930/peazip/dev/peach.pas(3673,30) Hint: (5024) Parameter "Sender" not used
/home/riceric/unarchiver-assessment-20260930/peazip/dev/peach.pas(3674,30) Hint: (5024) Parameter "Sender" not used
/home/riceric/unarchiver-assessment-20260930/peazip/dev/peach.pas(3675,30) Hint: (5024) Parameter "Sender" not used
/home/riceric/unarchiver-assessment-20260930/peazip/dev/peach.pas(3676,42) Hint: (5024) Parameter "Sender" not used
/home/riceric/unarchiver-assessment-20260930/peazip/dev/peach.pas(3677,38) Hint: (5024) Parameter "Sender" not used
/home/riceric/unarchiver-assessment-20260930/peazip/dev/peach.pas(64784,23) Hint: (5057) Local variable "appn" does not seem to be initialized
/home/riceric/unarchiver-assessment-20260930/peazip/dev/peach.pas(64784,18) Hint: (5091) Local variable "appgroup" of a managed type does not seem to be initialized
/home/riceric/unarchiver-assessment-20260930/peazip/dev/peach.pas(3678,28) Hint: (5024) Parameter "Sender" not used
/home/riceric/unarchiver-assessment-20260930/peazip/dev/peach.pas(3679,27) Hint: (5024) Parameter "Sender" not used
/home/riceric/unarchiver-assessment-20260930/peazip/dev/peach.pas(3680,35) Hint: (5024) Parameter "Sender" not used
/home/riceric/unarchiver-assessment-20260930/peazip/dev/peach.pas(3682,34) Hint: (5024) Parameter "Sender" not used
/home/riceric/unarchiver-assessment-20260930/peazip/dev/peach.pas(3683,34) Hint: (5024) Parameter "Sender" not used
/home/riceric/unarchiver-assessment-20260930/peazip/dev/peach.pas(3684,34) Hint: (5024) Parameter "Sender" not used
/home/riceric/unarchiver-assessment-20260930/peazip/dev/peach.pas(3685,34) Hint: (5024) Parameter "Sender" not used
/home/riceric/unarchiver-assessment-20260930/peazip/dev/peach.pas(3686,34) Hint: (5024) Parameter "Sender" not used
/home/riceric/unarchiver-assessment-20260930/peazip/dev/peach.pas(3687,34) Hint: (5024) Parameter "Sender" not used
/home/riceric/unarchiver-assessment-20260930/peazip/dev/peach.pas(3689,33) Hint: (5024) Parameter "Sender" not used
/home/riceric/unarchiver-assessment-20260930/peazip/dev/peach.pas(3690,33) Hint: (5024) Parameter "Sender" not used
/home/riceric/unarchiver-assessment-20260930/peazip/dev/peach.pas(3691,33) Hint: (5024) Parameter "Sender" not used
/home/riceric/unarchiver-assessment-20260930/peazip/dev/peach.pas(3692,33) Hint: (5024) Parameter "Sender" not used
/home/riceric/unarchiver-assessment-20260930/peazip/dev/peach.pas(3693,33) Hint: (5024) Parameter "Sender" not used
/home/riceric/unarchiver-assessment-20260930/peazip/dev/peach.pas(3694,33) Hint: (5024) Parameter "Sender" not used
/home/riceric/unarchiver-assessment-20260930/peazip/dev/peach.pas(3695,33) Hint: (5024) Parameter "Sender" not used
/home/riceric/unarchiver-assessment-20260930/peazip/dev/peach.pas(3696,33) Hint: (5024) Parameter "Sender" not used
/home/riceric/unarchiver-assessment-20260930/peazip/dev/peach.pas(3697,35) Hint: (5024) Parameter "Sender" not used
/home/riceric/unarchiver-assessment-20260930/peazip/dev/peach.pas(3698,35) Hint: (5024) Parameter "Sender" not used
/home/riceric/unarchiver-assessment-20260930/peazip/dev/peach.pas(3699,35) Hint: (5024) Parameter "Sender" not used
/home/riceric/unarchiver-assessment-20260930/peazip/dev/peach.pas(3700,35) Hint: (5024) Parameter "Sender" not used
/home/riceric/unarchiver-assessment-20260930/peazip/dev/peach.pas(3701,35) Hint: (5024) Parameter "Sender" not used
/home/riceric/unarchiver-assessment-20260930/peazip/dev/peach.pas(3702,35) Hint: (5024) Parameter "Sender" not used
/home/riceric/unarchiver-assessment-20260930/peazip/dev/peach.pas(3703,35) Hint: (5024) Parameter "Sender" not used
/home/riceric/unarchiver-assessment-20260930/peazip/dev/peach.pas(3704,34) Hint: (5024) Parameter "Sender" not used
/home/riceric/unarchiver-assessment-20260930/peazip/dev/peach.pas(3705,32) Hint: (5024) Parameter "Sender" not used
/home/riceric/unarchiver-assessment-20260930/peazip/dev/peach.pas(65022,15) Hint: (5091) Local variable "s" of a managed type does not seem to be initialized
/home/riceric/unarchiver-assessment-20260930/peazip/dev/peach.pas(65022,13) Hint: (5091) Local variable "dom" of a managed type does not seem to be initialized
/home/riceric/unarchiver-assessment-20260930/peazip/dev/peach.pas(3706,38) Hint: (5024) Parameter "Sender" not used
/home/riceric/unarchiver-assessment-20260930/peazip/dev/peach.pas(65029,15) Hint: (5091) Local variable "s" of a managed type does not seem to be initialized
/home/riceric/unarchiver-assessment-20260930/peazip/dev/peach.pas(65029,13) Hint: (5091) Local variable "dom" of a managed type does not seem to be initialized
/home/riceric/unarchiver-assessment-20260930/peazip/dev/peach.pas(3707,32) Hint: (5024) Parameter "Sender" not used
/home/riceric/unarchiver-assessment-20260930/peazip/dev/peach.pas(3708,38) Hint: (5024) Parameter "Sender" not used
/home/riceric/unarchiver-assessment-20260930/peazip/dev/peach.pas(3709,38) Hint: (5024) Parameter "Sender" not used
/home/riceric/unarchiver-assessment-20260930/peazip/dev/peach.pas(3710,35) Hint: (5024) Parameter "Sender" not used
/home/riceric/unarchiver-assessment-20260930/peazip/dev/peach.pas(3711,36) Hint: (5024) Parameter "Sender" not used
/home/riceric/unarchiver-assessment-20260930/peazip/dev/peach.pas(3712,40) Hint: (5024) Parameter "Sender" not used
/home/riceric/unarchiver-assessment-20260930/peazip/dev/peach.pas(3713,40) Hint: (5024) Parameter "Sender" not used
/home/riceric/unarchiver-assessment-20260930/peazip/dev/peach.pas(65074,15) Hint: (5091) Local variable "s" of a managed type does not seem to be initialized
/home/riceric/unarchiver-assessment-20260930/peazip/dev/peach.pas(65074,13) Hint: (5091) Local variable "dom" of a managed type does not seem to be initialized
/home/riceric/unarchiver-assessment-20260930/peazip/dev/peach.pas(3714,36) Hint: (5024) Parameter "Sender" not used
/home/riceric/unarchiver-assessment-20260930/peazip/dev/peach.pas(65081,15) Hint: (5091) Local variable "s" of a managed type does not seem to be initialized
/home/riceric/unarchiver-assessment-20260930/peazip/dev/peach.pas(65081,13) Hint: (5091) Local variable "dom" of a managed type does not seem to be initialized
/home/riceric/unarchiver-assessment-20260930/peazip/dev/peach.pas(3715,32) Hint: (5024) Parameter "Sender" not used
/home/riceric/unarchiver-assessment-20260930/peazip/dev/peach.pas(65088,15) Hint: (5091) Local variable "s" of a managed type does not seem to be initialized
/home/riceric/unarchiver-assessment-20260930/peazip/dev/peach.pas(65088,13) Hint: (5091) Local variable "dom" of a managed type does not seem to be initialized
/home/riceric/unarchiver-assessment-20260930/peazip/dev/peach.pas(3716,36) Hint: (5024) Parameter "Sender" not used
/home/riceric/unarchiver-assessment-20260930/peazip/dev/peach.pas(3717,41) Hint: (5024) Parameter "Sender" not used
/home/riceric/unarchiver-assessment-20260930/peazip/dev/peach.pas(3718,31) Hint: (5024) Parameter "Sender" not used
/home/riceric/unarchiver-assessment-20260930/peazip/dev/peach.pas(65105,15) Hint: (5091) Local variable "s" of a managed type does not seem to be initialized
/home/riceric/unarchiver-assessment-20260930/peazip/dev/peach.pas(65105,13) Hint: (5091) Local variable "dom" of a managed type does not seem to be initialized
/home/riceric/unarchiver-assessment-20260930/peazip/dev/peach.pas(3719,32) Hint: (5024) Parameter "Sender" not used
/home/riceric/unarchiver-assessment-20260930/peazip/dev/peach.pas(3720,35) Hint: (5024) Parameter "Sender" not used
/home/riceric/unarchiver-assessment-20260930/peazip/dev/peach.pas(3721,32) Hint: (5024) Parameter "Sender" not used
/home/riceric/unarchiver-assessment-20260930/peazip/dev/peach.pas(3722,34) Hint: (5024) Parameter "Sender" not used
/home/riceric/unarchiver-assessment-20260930/peazip/dev/peach.pas(3723,42) Hint: (5024) Parameter "Sender" not used
/home/riceric/unarchiver-assessment-20260930/peazip/dev/peach.pas(3728,32) Hint: (5024) Parameter "Sender" not used
/home/riceric/unarchiver-assessment-20260930/peazip/dev/peach.pas(3729,35) Hint: (5024) Parameter "Sender" not used
/home/riceric/unarchiver-assessment-20260930/peazip/dev/peach.pas(3730,44) Hint: (5024) Parameter "Sender" not used
/home/riceric/unarchiver-assessment-20260930/peazip/dev/peach.pas(3730,52) Hint: (5024) Parameter "Source" not used
/home/riceric/unarchiver-assessment-20260930/peazip/dev/peach.pas(3730,69) Hint: (5024) Parameter "X" not used
/home/riceric/unarchiver-assessment-20260930/peazip/dev/peach.pas(3731,9) Hint: (5024) Parameter "Y" not used
/home/riceric/unarchiver-assessment-20260930/peazip/dev/peach.pas(3731,21) Hint: (5024) Parameter "State" not used
/home/riceric/unarchiver-assessment-20260930/peazip/dev/peach.pas(3731,44) Hint: (5024) Parameter "Accept" not used
/home/riceric/unarchiver-assessment-20260930/peazip/dev/peach.pas(3732,44) Hint: (5024) Parameter "Sender" not used
/home/riceric/unarchiver-assessment-20260930/peazip/dev/peach.pas(3732,52) Hint: (5024) Parameter "Source" not used
/home/riceric/unarchiver-assessment-20260930/peazip/dev/peach.pas(3732,69) Hint: (5024) Parameter "X" not used
/home/riceric/unarchiver-assessment-20260930/peazip/dev/peach.pas(3733,9) Hint: (5024) Parameter "Y" not used
/home/riceric/unarchiver-assessment-20260930/peazip/dev/peach.pas(3733,21) Hint: (5024) Parameter "State" not used
/home/riceric/unarchiver-assessment-20260930/peazip/dev/peach.pas(3733,44) Hint: (5024) Parameter "Accept" not used
/home/riceric/unarchiver-assessment-20260930/peazip/dev/peach.pas(3734,44) Hint: (5024) Parameter "Sender" not used
/home/riceric/unarchiver-assessment-20260930/peazip/dev/peach.pas(3734,52) Hint: (5024) Parameter "Source" not used
/home/riceric/unarchiver-assessment-20260930/peazip/dev/peach.pas(3734,69) Hint: (5024) Parameter "X" not used
/home/riceric/unarchiver-assessment-20260930/peazip/dev/peach.pas(3735,9) Hint: (5024) Parameter "Y" not used
/home/riceric/unarchiver-assessment-20260930/peazip/dev/peach.pas(3735,21) Hint: (5024) Parameter "State" not used
/home/riceric/unarchiver-assessment-20260930/peazip/dev/peach.pas(3735,44) Hint: (5024) Parameter "Accept" not used
/home/riceric/unarchiver-assessment-20260930/peazip/dev/peach.pas(3736,44) Hint: (5024) Parameter "Sender" not used
/home/riceric/unarchiver-assessment-20260930/peazip/dev/peach.pas(3736,52) Hint: (5024) Parameter "Source" not used
/home/riceric/unarchiver-assessment-20260930/peazip/dev/peach.pas(3736,69) Hint: (5024) Parameter "X" not used
/home/riceric/unarchiver-assessment-20260930/peazip/dev/peach.pas(3737,9) Hint: (5024) Parameter "Y" not used
/home/riceric/unarchiver-assessment-20260930/peazip/dev/peach.pas(3737,21) Hint: (5024) Parameter "State" not used
/home/riceric/unarchiver-assessment-20260930/peazip/dev/peach.pas(3737,44) Hint: (5024) Parameter "Accept" not used
/home/riceric/unarchiver-assessment-20260930/peazip/dev/peach.pas(3738,44) Hint: (5024) Parameter "Sender" not used
/home/riceric/unarchiver-assessment-20260930/peazip/dev/peach.pas(3738,52) Hint: (5024) Parameter "Source" not used
/home/riceric/unarchiver-assessment-20260930/peazip/dev/peach.pas(3738,69) Hint: (5024) Parameter "X" not used
/home/riceric/unarchiver-assessment-20260930/peazip/dev/peach.pas(3739,9) Hint: (5024) Parameter "Y" not used
/home/riceric/unarchiver-assessment-20260930/peazip/dev/peach.pas(3739,21) Hint: (5024) Parameter "State" not used
/home/riceric/unarchiver-assessment-20260930/peazip/dev/peach.pas(3739,44) Hint: (5024) Parameter "Accept" not used
/home/riceric/unarchiver-assessment-20260930/peazip/dev/peach.pas(3740,44) Hint: (5024) Parameter "Sender" not used
/home/riceric/unarchiver-assessment-20260930/peazip/dev/peach.pas(3740,52) Hint: (5024) Parameter "Source" not used
/home/riceric/unarchiver-assessment-20260930/peazip/dev/peach.pas(3740,69) Hint: (5024) Parameter "X" not used
/home/riceric/unarchiver-assessment-20260930/peazip/dev/peach.pas(3741,9) Hint: (5024) Parameter "Y" not used
/home/riceric/unarchiver-assessment-20260930/peazip/dev/peach.pas(3741,21) Hint: (5024) Parameter "State" not used
/home/riceric/unarchiver-assessment-20260930/peazip/dev/peach.pas(3741,44) Hint: (5024) Parameter "Accept" not used
/home/riceric/unarchiver-assessment-20260930/peazip/dev/peach.pas(3742,44) Hint: (5024) Parameter "Sender" not used
/home/riceric/unarchiver-assessment-20260930/peazip/dev/peach.pas(3742,52) Hint: (5024) Parameter "Source" not used
/home/riceric/unarchiver-assessment-20260930/peazip/dev/peach.pas(3742,69) Hint: (5024) Parameter "X" not used
/home/riceric/unarchiver-assessment-20260930/peazip/dev/peach.pas(3743,9) Hint: (5024) Parameter "Y" not used
/home/riceric/unarchiver-assessment-20260930/peazip/dev/peach.pas(3743,21) Hint: (5024) Parameter "State" not used
/home/riceric/unarchiver-assessment-20260930/peazip/dev/peach.pas(3743,44) Hint: (5024) Parameter "Accept" not used
/home/riceric/unarchiver-assessment-20260930/peazip/dev/peach.pas(3744,44) Hint: (5024) Parameter "Sender" not used
/home/riceric/unarchiver-assessment-20260930/peazip/dev/peach.pas(3744,52) Hint: (5024) Parameter "Source" not used
/home/riceric/unarchiver-assessment-20260930/peazip/dev/peach.pas(3744,69) Hint: (5024) Parameter "X" not used
/home/riceric/unarchiver-assessment-20260930/peazip/dev/peach.pas(3745,9) Hint: (5024) Parameter "Y" not used
/home/riceric/unarchiver-assessment-20260930/peazip/dev/peach.pas(3745,21) Hint: (5024) Parameter "State" not used
/home/riceric/unarchiver-assessment-20260930/peazip/dev/peach.pas(3745,44) Hint: (5024) Parameter "Accept" not used
/home/riceric/unarchiver-assessment-20260930/peazip/dev/peach.pas(3746,28) Hint: (5024) Parameter "Sender" not used
/home/riceric/unarchiver-assessment-20260930/peazip/dev/peach.pas(3747,30) Hint: (5024) Parameter "Sender" not used
/home/riceric/unarchiver-assessment-20260930/peazip/dev/peach.pas(3748,40) Hint: (5024) Parameter "Sender" not used
/home/riceric/unarchiver-assessment-20260930/peazip/dev/peach.pas(3749,46) Hint: (5024) Parameter "Sender" not used
/home/riceric/unarchiver-assessment-20260930/peazip/dev/peach.pas(3750,41) Hint: (5024) Parameter "Sender" not used
/home/riceric/unarchiver-assessment-20260930/peazip/dev/peach.pas(3751,44) Hint: (5024) Parameter "Sender" not used
/home/riceric/unarchiver-assessment-20260930/peazip/dev/peach.pas(3752,40) Hint: (5024) Parameter "Sender" not used
/home/riceric/unarchiver-assessment-20260930/peazip/dev/peach.pas(3753,31) Hint: (5024) Parameter "Sender" not used
/home/riceric/unarchiver-assessment-20260930/peazip/dev/peach.pas(3754,31) Hint: (5024) Parameter "Sender" not used
/home/riceric/unarchiver-assessment-20260930/peazip/dev/peach.pas(3755,31) Hint: (5024) Parameter "Sender" not used
/home/riceric/unarchiver-assessment-20260930/peazip/dev/peach.pas(3756,31) Hint: (5024) Parameter "Sender" not used
/home/riceric/unarchiver-assessment-20260930/peazip/dev/peach.pas(3757,31) Hint: (5024) Parameter "Sender" not used
/home/riceric/unarchiver-assessment-20260930/peazip/dev/peach.pas(3758,31) Hint: (5024) Parameter "Sender" not used
/home/riceric/unarchiver-assessment-20260930/peazip/dev/peach.pas(3759,31) Hint: (5024) Parameter "Sender" not used
/home/riceric/unarchiver-assessment-20260930/peazip/dev/peach.pas(3760,31) Hint: (5024) Parameter "Sender" not used
/home/riceric/unarchiver-assessment-20260930/peazip/dev/peach.pas(3761,31) Hint: (5024) Parameter "Sender" not used
/home/riceric/unarchiver-assessment-20260930/peazip/dev/peach.pas(3762,31) Hint: (5024) Parameter "Sender" not used
/home/riceric/unarchiver-assessment-20260930/peazip/dev/peach.pas(3763,30) Hint: (5024) Parameter "Sender" not used
/home/riceric/unarchiver-assessment-20260930/peazip/dev/peach.pas(3764,31) Hint: (5024) Parameter "Sender" not used
/home/riceric/unarchiver-assessment-20260930/peazip/dev/peach.pas(3765,31) Hint: (5024) Parameter "Sender" not used
/home/riceric/unarchiver-assessment-20260930/peazip/dev/peach.pas(3766,31) Hint: (5024) Parameter "Sender" not used
/home/riceric/unarchiver-assessment-20260930/peazip/dev/peach.pas(3767,31) Hint: (5024) Parameter "Sender" not used
/home/riceric/unarchiver-assessment-20260930/peazip/dev/peach.pas(3768,31) Hint: (5024) Parameter "Sender" not used
/home/riceric/unarchiver-assessment-20260930/peazip/dev/peach.pas(3769,31) Hint: (5024) Parameter "Sender" not used
/home/riceric/unarchiver-assessment-20260930/peazip/dev/peach.pas(3770,31) Hint: (5024) Parameter "Sender" not used
/home/riceric/unarchiver-assessment-20260930/peazip/dev/peach.pas(3771,30) Hint: (5024) Parameter "Sender" not used
/home/riceric/unarchiver-assessment-20260930/peazip/dev/peach.pas(3772,30) Hint: (5024) Parameter "Sender" not used
/home/riceric/unarchiver-assessment-20260930/peazip/dev/peach.pas(3773,30) Hint: (5024) Parameter "Sender" not used
/home/riceric/unarchiver-assessment-20260930/peazip/dev/peach.pas(3774,30) Hint: (5024) Parameter "Sender" not used
/home/riceric/unarchiver-assessment-20260930/peazip/dev/peach.pas(3775,30) Hint: (5024) Parameter "Sender" not used
/home/riceric/unarchiver-assessment-20260930/peazip/dev/peach.pas(3776,30) Hint: (5024) Parameter "Sender" not used
/home/riceric/unarchiver-assessment-20260930/peazip/dev/peach.pas(3777,30) Hint: (5024) Parameter "Sender" not used
/home/riceric/unarchiver-assessment-20260930/peazip/dev/peach.pas(3778,30) Hint: (5024) Parameter "Sender" not used
/home/riceric/unarchiver-assessment-20260930/peazip/dev/peach.pas(3779,32) Hint: (5024) Parameter "Sender" not used
/home/riceric/unarchiver-assessment-20260930/peazip/dev/peach.pas(3780,32) Hint: (5024) Parameter "Sender" not used
/home/riceric/unarchiver-assessment-20260930/peazip/dev/peach.pas(3781,32) Hint: (5024) Parameter "Sender" not used
/home/riceric/unarchiver-assessment-20260930/peazip/dev/peach.pas(3782,32) Hint: (5024) Parameter "Sender" not used
/home/riceric/unarchiver-assessment-20260930/peazip/dev/peach.pas(3783,32) Hint: (5024) Parameter "Sender" not used
/home/riceric/unarchiver-assessment-20260930/peazip/dev/peach.pas(3784,32) Hint: (5024) Parameter "Sender" not used
/home/riceric/unarchiver-assessment-20260930/peazip/dev/peach.pas(3785,32) Hint: (5024) Parameter "Sender" not used
/home/riceric/unarchiver-assessment-20260930/peazip/dev/peach.pas(3786,32) Hint: (5024) Parameter "Sender" not used
/home/riceric/unarchiver-assessment-20260930/peazip/dev/peach.pas(3787,32) Hint: (5024) Parameter "Sender" not used
/home/riceric/unarchiver-assessment-20260930/peazip/dev/peach.pas(3788,32) Hint: (5024) Parameter "Sender" not used
/home/riceric/unarchiver-assessment-20260930/peazip/dev/peach.pas(3789,32) Hint: (5024) Parameter "Sender" not used
/home/riceric/unarchiver-assessment-20260930/peazip/dev/peach.pas(3790,32) Hint: (5024) Parameter "Sender" not used
/home/riceric/unarchiver-assessment-20260930/peazip/dev/peach.pas(3791,32) Hint: (5024) Parameter "Sender" not used
/home/riceric/unarchiver-assessment-20260930/peazip/dev/peach.pas(3792,32) Hint: (5024) Parameter "Sender" not used
/home/riceric/unarchiver-assessment-20260930/peazip/dev/peach.pas(3793,31) Hint: (5024) Parameter "Sender" not used
/home/riceric/unarchiver-assessment-20260930/peazip/dev/peach.pas(3794,37) Hint: (5024) Parameter "Sender" not used
/home/riceric/unarchiver-assessment-20260930/peazip/dev/peach.pas(3795,39) Hint: (5024) Parameter "Sender" not used
/home/riceric/unarchiver-assessment-20260930/peazip/dev/peach.pas(3796,39) Hint: (5024) Parameter "Sender" not used
/home/riceric/unarchiver-assessment-20260930/peazip/dev/peach.pas(3797,37) Hint: (5024) Parameter "Sender" not used
/home/riceric/unarchiver-assessment-20260930/peazip/dev/peach.pas(3798,41) Hint: (5024) Parameter "Sender" not used
/home/riceric/unarchiver-assessment-20260930/peazip/dev/peach.pas(3799,34) Hint: (5024) Parameter "Sender" not used
/home/riceric/unarchiver-assessment-20260930/peazip/dev/peach.pas(3800,34) Hint: (5024) Parameter "Sender" not used
/home/riceric/unarchiver-assessment-20260930/peazip/dev/peach.pas(3801,34) Hint: (5024) Parameter "Sender" not used
/home/riceric/unarchiver-assessment-20260930/peazip/dev/peach.pas(3802,35) Hint: (5024) Parameter "Sender" not used
/home/riceric/unarchiver-assessment-20260930/peazip/dev/peach.pas(3803,38) Hint: (5024) Parameter "Sender" not used
/home/riceric/unarchiver-assessment-20260930/peazip/dev/peach.pas(3804,38) Hint: (5024) Parameter "Sender" not used
/home/riceric/unarchiver-assessment-20260930/peazip/dev/peach.pas(3805,36) Hint: (5024) Parameter "Sender" not used
/home/riceric/unarchiver-assessment-20260930/peazip/dev/peach.pas(3806,37) Hint: (5024) Parameter "Sender" not used
/home/riceric/unarchiver-assessment-20260930/peazip/dev/peach.pas(3807,33) Hint: (5024) Parameter "Sender" not used
/home/riceric/unarchiver-assessment-20260930/peazip/dev/peach.pas(3808,31) Hint: (5024) Parameter "Sender" not used
/home/riceric/unarchiver-assessment-20260930/peazip/dev/peach.pas(3809,36) Hint: (5024) Parameter "Sender" not used
/home/riceric/unarchiver-assessment-20260930/peazip/dev/peach.pas(3810,33) Hint: (5024) Parameter "Sender" not used
/home/riceric/unarchiver-assessment-20260930/peazip/dev/peach.pas(3811,27) Hint: (5024) Parameter "Sender" not used
/home/riceric/unarchiver-assessment-20260930/peazip/dev/peach.pas(3812,34) Hint: (5024) Parameter "Sender" not used
/home/riceric/unarchiver-assessment-20260930/peazip/dev/peach.pas(3813,39) Hint: (5024) Parameter "Sender" not used
/home/riceric/unarchiver-assessment-20260930/peazip/dev/peach.pas(3814,32) Hint: (5024) Parameter "Sender" not used
/home/riceric/unarchiver-assessment-20260930/peazip/dev/peach.pas(3815,31) Hint: (5024) Parameter "Sender" not used
/home/riceric/unarchiver-assessment-20260930/peazip/dev/peach.pas(3816,30) Hint: (5024) Parameter "Sender" not used
/home/riceric/unarchiver-assessment-20260930/peazip/dev/peach.pas(3873,37) Hint: (5024) Parameter "Sender" not used
/home/riceric/unarchiver-assessment-20260930/peazip/dev/peach.pas(4015,37) Hint: (5024) Parameter "Sender" not used
/home/riceric/unarchiver-assessment-20260930/peazip/dev/peach.pas(4016,39) Hint: (5024) Parameter "Sender" not used
/home/riceric/unarchiver-assessment-20260930/peazip/dev/peach.pas(4018,39) Hint: (5024) Parameter "Sender" not used
/home/riceric/unarchiver-assessment-20260930/peazip/dev/peach.pas(4019,37) Hint: (5024) Parameter "Sender" not used
/home/riceric/unarchiver-assessment-20260930/peazip/dev/peach.pas(4020,48) Hint: (5024) Parameter "Sender" not used
/home/riceric/unarchiver-assessment-20260930/peazip/dev/peach.pas(4021,39) Hint: (5024) Parameter "Sender" not used
/home/riceric/unarchiver-assessment-20260930/peazip/dev/peach.pas(4022,41) Hint: (5024) Parameter "Sender" not used
/home/riceric/unarchiver-assessment-20260930/peazip/dev/peach.pas(4023,36) Hint: (5024) Parameter "Sender" not used
/home/riceric/unarchiver-assessment-20260930/peazip/dev/peach.pas(4024,41) Hint: (5024) Parameter "Sender" not used
/home/riceric/unarchiver-assessment-20260930/peazip/dev/peach.pas(4025,43) Hint: (5024) Parameter "Sender" not used
/home/riceric/unarchiver-assessment-20260930/peazip/dev/peach.pas(4026,38) Hint: (5024) Parameter "Sender" not used
/home/riceric/unarchiver-assessment-20260930/peazip/dev/peach.pas(4027,40) Hint: (5024) Parameter "Sender" not used
/home/riceric/unarchiver-assessment-20260930/peazip/dev/peach.pas(4028,39) Hint: (5024) Parameter "Sender" not used
/home/riceric/unarchiver-assessment-20260930/peazip/dev/peach.pas(4029,35) Hint: (5024) Parameter "Sender" not used
/home/riceric/unarchiver-assessment-20260930/peazip/dev/peach.pas(4030,39) Hint: (5024) Parameter "Sender" not used
/home/riceric/unarchiver-assessment-20260930/peazip/dev/peach.pas(4030,56) Hint: (5024) Parameter "Index" not used
/home/riceric/unarchiver-assessment-20260930/peazip/dev/peach.pas(4031,41) Hint: (5024) Parameter "Sender" not used
/home/riceric/unarchiver-assessment-20260930/peazip/dev/peach.pas(4031,58) Hint: (5024) Parameter "Index" not used
/home/riceric/unarchiver-assessment-20260930/peazip/dev/peach.pas(4033,38) Hint: (5024) Parameter "Sender" not used
/home/riceric/unarchiver-assessment-20260930/peazip/dev/peach.pas(4033,55) Hint: (5024) Parameter "Index" not used
/home/riceric/unarchiver-assessment-20260930/peazip/dev/peach.pas(4034,42) Hint: (5024) Parameter "Sender" not used
/home/riceric/unarchiver-assessment-20260930/peazip/dev/peach.pas(4035,42) Hint: (5024) Parameter "Sender" not used
/home/riceric/unarchiver-assessment-20260930/peazip/dev/peach.pas(4032,41) Hint: (5024) Parameter "Sender" not used
/home/riceric/unarchiver-assessment-20260930/peazip/dev/peach.pas(4032,58) Hint: (5024) Parameter "Index" not used
/home/riceric/unarchiver-assessment-20260930/peazip/dev/peach.pas(4036,47) Hint: (5024) Parameter "Sender" not used
/home/riceric/unarchiver-assessment-20260930/peazip/dev/peach.pas(4037,37) Hint: (5024) Parameter "Sender" not used
/home/riceric/unarchiver-assessment-20260930/peazip/dev/peach.pas(4038,41) Hint: (5024) Parameter "Sender" not used
/home/riceric/unarchiver-assessment-20260930/peazip/dev/peach.pas(4039,40) Hint: (5024) Parameter "Sender" not used
/home/riceric/unarchiver-assessment-20260930/peazip/dev/peach.pas(4041,36) Hint: (5024) Parameter "Sender" not used
/home/riceric/unarchiver-assessment-20260930/peazip/dev/peach.pas(4042,35) Hint: (5024) Parameter "Sender" not used
/home/riceric/unarchiver-assessment-20260930/peazip/dev/peach.pas(4043,41) Hint: (5024) Parameter "Sender" not used
/home/riceric/unarchiver-assessment-20260930/peazip/dev/peach.pas(4044,38) Hint: (5024) Parameter "Sender" not used
/home/riceric/unarchiver-assessment-20260930/peazip/dev/peach.pas(4045,40) Hint: (5024) Parameter "Sender" not used
/home/riceric/unarchiver-assessment-20260930/peazip/dev/peach.pas(4046,40) Hint: (5024) Parameter "Sender" not used
/home/riceric/unarchiver-assessment-20260930/peazip/dev/peach.pas(4047,38) Hint: (5024) Parameter "Sender" not used
/home/riceric/unarchiver-assessment-20260930/peazip/dev/peach.pas(4048,43) Hint: (5024) Parameter "Sender" not used
/home/riceric/unarchiver-assessment-20260930/peazip/dev/peach.pas(4049,37) Hint: (5024) Parameter "Sender" not used
/home/riceric/unarchiver-assessment-20260930/peazip/dev/peach.pas(4050,35) Hint: (5024) Parameter "Sender" not used
/home/riceric/unarchiver-assessment-20260930/peazip/dev/peach.pas(4051,34) Hint: (5024) Parameter "Sender" not used
/home/riceric/unarchiver-assessment-20260930/peazip/dev/peach.pas(4052,38) Hint: (5024) Parameter "Sender" not used
/home/riceric/unarchiver-assessment-20260930/peazip/dev/peach.pas(4053,37) Hint: (5024) Parameter "Sender" not used
/home/riceric/unarchiver-assessment-20260930/peazip/dev/peach.pas(4054,41) Hint: (5024) Parameter "Sender" not used
/home/riceric/unarchiver-assessment-20260930/peazip/dev/peach.pas(4040,32) Hint: (5024) Parameter "Sender" not used
/home/riceric/unarchiver-assessment-20260930/peazip/dev/peach.pas(4055,48) Hint: (5024) Parameter "Sender" not used
/home/riceric/unarchiver-assessment-20260930/peazip/dev/peach.pas(4056,29) Hint: (5024) Parameter "Sender" not used
/home/riceric/unarchiver-assessment-20260930/peazip/dev/peach.pas(4064,34) Hint: (5024) Parameter "Sender" not used
/home/riceric/unarchiver-assessment-20260930/peazip/dev/peach.pas(4065,33) Hint: (5024) Parameter "Sender" not used
/home/riceric/unarchiver-assessment-20260930/peazip/dev/peach.pas(4066,33) Hint: (5024) Parameter "Sender" not used
/home/riceric/unarchiver-assessment-20260930/peazip/dev/peach.pas(4067,36) Hint: (5024) Parameter "Sender" not used
/home/riceric/unarchiver-assessment-20260930/peazip/dev/peach.pas(4068,36) Hint: (5024) Parameter "Sender" not used
/home/riceric/unarchiver-assessment-20260930/peazip/dev/peach.pas(4069,35) Hint: (5024) Parameter "Sender" not used
/home/riceric/unarchiver-assessment-20260930/peazip/dev/peach.pas(4070,43) Hint: (5024) Parameter "Sender" not used
/home/riceric/unarchiver-assessment-20260930/peazip/dev/peach.pas(3587,27) Hint: (5024) Parameter "Sender" not used
/home/riceric/unarchiver-assessment-20260930/peazip/dev/peach.pas(4071,47) Hint: (5024) Parameter "Sender" not used
/home/riceric/unarchiver-assessment-20260930/peazip/dev/peach.pas(4072,44) Hint: (5024) Parameter "Sender" not used
/home/riceric/unarchiver-assessment-20260930/peazip/dev/peach.pas(4072,65) Hint: (5024) Parameter "Key" not used
/home/riceric/unarchiver-assessment-20260930/peazip/dev/peach.pas(4073,9) Hint: (5024) Parameter "Shift" not used
/home/riceric/unarchiver-assessment-20260930/peazip/dev/peach.pas(4074,34) Hint: (5024) Parameter "Sender" not used
/home/riceric/unarchiver-assessment-20260930/peazip/dev/peach.pas(4075,38) Hint: (5024) Parameter "Sender" not used
/home/riceric/unarchiver-assessment-20260930/peazip/dev/peach.pas(4076,52) Hint: (5024) Parameter "Sender" not used
/home/riceric/unarchiver-assessment-20260930/peazip/dev/peach.pas(4077,39) Hint: (5024) Parameter "Sender" not used
/home/riceric/unarchiver-assessment-20260930/peazip/dev/peach.pas(4078,34) Hint: (5024) Parameter "Sender" not used
/home/riceric/unarchiver-assessment-20260930/peazip/dev/peach.pas(4079,34) Hint: (5024) Parameter "Sender" not used
/home/riceric/unarchiver-assessment-20260930/peazip/dev/peach.pas(4080,34) Hint: (5024) Parameter "Sender" not used
/home/riceric/unarchiver-assessment-20260930/peazip/dev/peach.pas(4081,34) Hint: (5024) Parameter "Sender" not used
/home/riceric/unarchiver-assessment-20260930/peazip/dev/peach.pas(4082,34) Hint: (5024) Parameter "Sender" not used
/home/riceric/unarchiver-assessment-20260930/peazip/dev/peach.pas(4083,34) Hint: (5024) Parameter "Sender" not used
/home/riceric/unarchiver-assessment-20260930/peazip/dev/peach.pas(4084,34) Hint: (5024) Parameter "Sender" not used
/home/riceric/unarchiver-assessment-20260930/peazip/dev/peach.pas(4085,33) Hint: (5024) Parameter "Sender" not used
/home/riceric/unarchiver-assessment-20260930/peazip/dev/peach.pas(4086,33) Hint: (5024) Parameter "Sender" not used
/home/riceric/unarchiver-assessment-20260930/peazip/dev/peach.pas(4087,33) Hint: (5024) Parameter "Sender" not used
/home/riceric/unarchiver-assessment-20260930/peazip/dev/peach.pas(4088,33) Hint: (5024) Parameter "Sender" not used
/home/riceric/unarchiver-assessment-20260930/peazip/dev/peach.pas(4089,33) Hint: (5024) Parameter "Sender" not used
/home/riceric/unarchiver-assessment-20260930/peazip/dev/peach.pas(4090,33) Hint: (5024) Parameter "Sender" not used
/home/riceric/unarchiver-assessment-20260930/peazip/dev/peach.pas(4091,33) Hint: (5024) Parameter "Sender" not used
/home/riceric/unarchiver-assessment-20260930/peazip/dev/peach.pas(4092,33) Hint: (5024) Parameter "Sender" not used
/home/riceric/unarchiver-assessment-20260930/peazip/dev/peach.pas(4093,33) Hint: (5024) Parameter "Sender" not used
/home/riceric/unarchiver-assessment-20260930/peazip/dev/peach.pas(4094,35) Hint: (5024) Parameter "Sender" not used
/home/riceric/unarchiver-assessment-20260930/peazip/dev/peach.pas(4095,35) Hint: (5024) Parameter "Sender" not used
/home/riceric/unarchiver-assessment-20260930/peazip/dev/peach.pas(4096,35) Hint: (5024) Parameter "Sender" not used
/home/riceric/unarchiver-assessment-20260930/peazip/dev/peach.pas(4097,35) Hint: (5024) Parameter "Sender" not used
/home/riceric/unarchiver-assessment-20260930/peazip/dev/peach.pas(4098,35) Hint: (5024) Parameter "Sender" not used
/home/riceric/unarchiver-assessment-20260930/peazip/dev/peach.pas(4099,35) Hint: (5024) Parameter "Sender" not used
/home/riceric/unarchiver-assessment-20260930/peazip/dev/peach.pas(4100,35) Hint: (5024) Parameter "Sender" not used
/home/riceric/unarchiver-assessment-20260930/peazip/dev/peach.pas(4101,34) Hint: (5024) Parameter "Sender" not used
/home/riceric/unarchiver-assessment-20260930/peazip/dev/peach.pas(4102,29) Hint: (5024) Parameter "Sender" not used
/home/riceric/unarchiver-assessment-20260930/peazip/dev/peach.pas(4103,33) Hint: (5024) Parameter "Sender" not used
/home/riceric/unarchiver-assessment-20260930/peazip/dev/peach.pas(4104,31) Hint: (5024) Parameter "Sender" not used
/home/riceric/unarchiver-assessment-20260930/peazip/dev/peach.pas(4105,34) Hint: (5024) Parameter "Sender" not used
/home/riceric/unarchiver-assessment-20260930/peazip/dev/peach.pas(4106,36) Hint: (5024) Parameter "Sender" not used
/home/riceric/unarchiver-assessment-20260930/peazip/dev/peach.pas(4107,31) Hint: (5024) Parameter "Sender" not used
/home/riceric/unarchiver-assessment-20260930/peazip/dev/peach.pas(4108,27) Hint: (5024) Parameter "Sender" not used
/home/riceric/unarchiver-assessment-20260930/peazip/dev/peach.pas(4108,48) Hint: (5024) Parameter "CloseAction" not used
/home/riceric/unarchiver-assessment-20260930/peazip/dev/peach.pas(4109,28) Hint: (5024) Parameter "Sender" not used
/home/riceric/unarchiver-assessment-20260930/peazip/dev/peach.pas(4614,39) Hint: (5024) Parameter "Sender" not used
/home/riceric/unarchiver-assessment-20260930/peazip/dev/peach.pas(4615,42) Hint: (5024) Parameter "Sender" not used
/home/riceric/unarchiver-assessment-20260930/peazip/dev/peach.pas(4616,40) Hint: (5024) Parameter "Sender" not used
/home/riceric/unarchiver-assessment-20260930/peazip/dev/peach.pas(4617,40) Hint: (5024) Parameter "Sender" not used
/home/riceric/unarchiver-assessment-20260930/peazip/dev/peach.pas(4618,40) Hint: (5024) Parameter "Sender" not used
/home/riceric/unarchiver-assessment-20260930/peazip/dev/peach.pas(4619,40) Hint: (5024) Parameter "Sender" not used
/home/riceric/unarchiver-assessment-20260930/peazip/dev/peach.pas(4620,41) Hint: (5024) Parameter "Sender" not used
/home/riceric/unarchiver-assessment-20260930/peazip/dev/peach.pas(4621,41) Hint: (5024) Parameter "Sender" not used
/home/riceric/unarchiver-assessment-20260930/peazip/dev/peach.pas(4622,43) Hint: (5024) Parameter "Sender" not used
/home/riceric/unarchiver-assessment-20260930/peazip/dev/peach.pas(4623,48) Hint: (5024) Parameter "Sender" not used
/home/riceric/unarchiver-assessment-20260930/peazip/dev/peach.pas(4624,48) Hint: (5024) Parameter "Sender" not used
/home/riceric/unarchiver-assessment-20260930/peazip/dev/peach.pas(4625,41) Hint: (5024) Parameter "Sender" not used
/home/riceric/unarchiver-assessment-20260930/peazip/dev/peach.pas(4626,43) Hint: (5024) Parameter "Sender" not used
/home/riceric/unarchiver-assessment-20260930/peazip/dev/peach.pas(4627,43) Hint: (5024) Parameter "Sender" not used
/home/riceric/unarchiver-assessment-20260930/peazip/dev/peach.pas(4628,39) Hint: (5024) Parameter "Sender" not used
/home/riceric/unarchiver-assessment-20260930/peazip/dev/peach.pas(4629,35) Hint: (5024) Parameter "Sender" not used
/home/riceric/unarchiver-assessment-20260930/peazip/dev/peach.pas(4630,36) Hint: (5024) Parameter "Sender" not used
/home/riceric/unarchiver-assessment-20260930/peazip/dev/peach.pas(4631,41) Hint: (5024) Parameter "Sender" not used
/home/riceric/unarchiver-assessment-20260930/peazip/dev/peach.pas(4632,38) Hint: (5024) Parameter "Sender" not used
/home/riceric/unarchiver-assessment-20260930/peazip/dev/peach.pas(4633,38) Hint: (5024) Parameter "Sender" not used
/home/riceric/unarchiver-assessment-20260930/peazip/dev/peach.pas(66303,16) Hint: (5091) Local variable "s" of a managed type does not seem to be initialized
/home/riceric/unarchiver-assessment-20260930/peazip/dev/peach.pas(3874,40) Hint: (5024) Parameter "Sender" not used
/home/riceric/unarchiver-assessment-20260930/peazip/dev/peach.pas(3875,38) Hint: (5024) Parameter "Sender" not used
/home/riceric/unarchiver-assessment-20260930/peazip/dev/peach.pas(3876,47) Hint: (5024) Parameter "Sender" not used
/home/riceric/unarchiver-assessment-20260930/peazip/dev/peach.pas(3877,39) Hint: (5024) Parameter "Sender" not used
/home/riceric/unarchiver-assessment-20260930/peazip/dev/peach.pas(3878,46) Hint: (5024) Parameter "Sender" not used
/home/riceric/unarchiver-assessment-20260930/peazip/dev/peach.pas(3879,38) Hint: (5024) Parameter "Sender" not used
/home/riceric/unarchiver-assessment-20260930/peazip/dev/peach.pas(3897,39) Hint: (5024) Parameter "Sender" not used
/home/riceric/unarchiver-assessment-20260930/peazip/dev/peach.pas(3898,39) Hint: (5024) Parameter "Sender" not used
/home/riceric/unarchiver-assessment-20260930/peazip/dev/peach.pas(3899,43) Hint: (5024) Parameter "Sender" not used
/home/riceric/unarchiver-assessment-20260930/peazip/dev/peach.pas(3899,60) Hint: (5024) Parameter "Button" not used
/home/riceric/unarchiver-assessment-20260930/peazip/dev/peach.pas(3900,9) Hint: (5024) Parameter "Shift" not used
/home/riceric/unarchiver-assessment-20260930/peazip/dev/peach.pas(3900,29) Hint: (5024) Parameter "X" not used
/home/riceric/unarchiver-assessment-20260930/peazip/dev/peach.pas(3900,32) Hint: (5024) Parameter "Y" not used
/home/riceric/unarchiver-assessment-20260930/peazip/dev/peach.pas(3901,41) Hint: (5024) Parameter "Sender" not used
/home/riceric/unarchiver-assessment-20260930/peazip/dev/peach.pas(3901,58) Hint: (5024) Parameter "Button" not used
/home/riceric/unarchiver-assessment-20260930/peazip/dev/peach.pas(3902,9) Hint: (5024) Parameter "Shift" not used
/home/riceric/unarchiver-assessment-20260930/peazip/dev/peach.pas(3902,29) Hint: (5024) Parameter "X" not used
/home/riceric/unarchiver-assessment-20260930/peazip/dev/peach.pas(3902,32) Hint: (5024) Parameter "Y" not used
/home/riceric/unarchiver-assessment-20260930/peazip/dev/peach.pas(3906,46) Hint: (5024) Parameter "Sender" not used
/home/riceric/unarchiver-assessment-20260930/peazip/dev/peach.pas(3724,33) Hint: (5024) Parameter "Sender" not used
/home/riceric/unarchiver-assessment-20260930/peazip/dev/peach.pas(3907,43) Hint: (5024) Parameter "Sender" not used
/home/riceric/unarchiver-assessment-20260930/peazip/dev/peach.pas(3908,43) Hint: (5024) Parameter "Sender" not used
/home/riceric/unarchiver-assessment-20260930/peazip/dev/peach.pas(3909,47) Hint: (5024) Parameter "Sender" not used
/home/riceric/unarchiver-assessment-20260930/peazip/dev/peach.pas(3909,64) Hint: (5024) Parameter "Button" not used
/home/riceric/unarchiver-assessment-20260930/peazip/dev/peach.pas(3910,9) Hint: (5024) Parameter "Shift" not used
/home/riceric/unarchiver-assessment-20260930/peazip/dev/peach.pas(3910,29) Hint: (5024) Parameter "X" not used
/home/riceric/unarchiver-assessment-20260930/peazip/dev/peach.pas(3910,32) Hint: (5024) Parameter "Y" not used
/home/riceric/unarchiver-assessment-20260930/peazip/dev/peach.pas(3911,40) Hint: (5024) Parameter "Sender" not used
/home/riceric/unarchiver-assessment-20260930/peazip/dev/peach.pas(3954,45) Hint: (5024) Parameter "Sender" not used
/home/riceric/unarchiver-assessment-20260930/peazip/dev/peach.pas(3955,45) Hint: (5024) Parameter "Sender" not used
/home/riceric/unarchiver-assessment-20260930/peazip/dev/peach.pas(3956,51) Hint: (5024) Parameter "Sender" not used
/home/riceric/unarchiver-assessment-20260930/peazip/dev/peach.pas(3994,49) Hint: (5024) Parameter "Sender" not used
/home/riceric/unarchiver-assessment-20260930/peazip/dev/peach.pas(3995,42) Hint: (5024) Parameter "Sender" not used
/home/riceric/unarchiver-assessment-20260930/peazip/dev/peach.pas(3998,38) Hint: (5024) Parameter "Sender" not used
/home/riceric/unarchiver-assessment-20260930/peazip/dev/peach.pas(3999,38) Hint: (5024) Parameter "Sender" not used
/home/riceric/unarchiver-assessment-20260930/peazip/dev/peach.pas(4000,43) Hint: (5024) Parameter "Sender" not used
/home/riceric/unarchiver-assessment-20260930/peazip/dev/peach.pas(4001,38) Hint: (5024) Parameter "Sender" not used
/home/riceric/unarchiver-assessment-20260930/peazip/dev/peach.pas(4002,38) Hint: (5024) Parameter "Sender" not used
/home/riceric/unarchiver-assessment-20260930/peazip/dev/peach.pas(4003,34) Hint: (5024) Parameter "Sender" not used
/home/riceric/unarchiver-assessment-20260930/peazip/dev/peach.pas(4004,37) Hint: (5024) Parameter "Sender" not used
/home/riceric/unarchiver-assessment-20260930/peazip/dev/peach.pas(4005,34) Hint: (5024) Parameter "Sender" not used
/home/riceric/unarchiver-assessment-20260930/peazip/dev/peach.pas(4006,34) Hint: (5024) Parameter "Sender" not used
/home/riceric/unarchiver-assessment-20260930/peazip/dev/peach.pas(4007,35) Hint: (5024) Parameter "Sender" not used
/home/riceric/unarchiver-assessment-20260930/peazip/dev/peach.pas(4008,35) Hint: (5024) Parameter "Sender" not used
/home/riceric/unarchiver-assessment-20260930/peazip/dev/peach.pas(4009,37) Hint: (5024) Parameter "Sender" not used
/home/riceric/unarchiver-assessment-20260930/peazip/dev/peach.pas(4010,34) Hint: (5024) Parameter "Sender" not used
/home/riceric/unarchiver-assessment-20260930/peazip/dev/peach.pas(4011,37) Hint: (5024) Parameter "Sender" not used
/home/riceric/unarchiver-assessment-20260930/peazip/dev/peach.pas(4012,38) Hint: (5024) Parameter "Sender" not used
/home/riceric/unarchiver-assessment-20260930/peazip/dev/peach.pas(4013,34) Hint: (5024) Parameter "Sender" not used
/home/riceric/unarchiver-assessment-20260930/peazip/dev/peach.pas(4014,34) Hint: (5024) Parameter "Sender" not used
/home/riceric/unarchiver-assessment-20260930/peazip/dev/peach.pas(4634,43) Hint: (5024) Parameter "Sender" not used
/home/riceric/unarchiver-assessment-20260930/peazip/dev/peach.pas(4635,38) Hint: (5024) Parameter "Sender" not used
/home/riceric/unarchiver-assessment-20260930/peazip/dev/peach.pas(4636,37) Hint: (5024) Parameter "Sender" not used
/home/riceric/unarchiver-assessment-20260930/peazip/dev/peach.pas(3903,41) Hint: (5024) Parameter "Sender" not used
/home/riceric/unarchiver-assessment-20260930/peazip/dev/peach.pas(3904,45) Hint: (5024) Parameter "Sender" not used
/home/riceric/unarchiver-assessment-20260930/peazip/dev/peach.pas(3904,62) Hint: (5024) Parameter "Button" not used
/home/riceric/unarchiver-assessment-20260930/peazip/dev/peach.pas(3905,9) Hint: (5024) Parameter "Shift" not used
/home/riceric/unarchiver-assessment-20260930/peazip/dev/peach.pas(3905,29) Hint: (5024) Parameter "X" not used
/home/riceric/unarchiver-assessment-20260930/peazip/dev/peach.pas(3905,32) Hint: (5024) Parameter "Y" not used
/home/riceric/unarchiver-assessment-20260930/peazip/dev/peach.pas(3880,34) Hint: (5024) Parameter "Sender" not used
/home/riceric/unarchiver-assessment-20260930/peazip/dev/peach.pas(3881,39) Hint: (5024) Parameter "Sender" not used
/home/riceric/unarchiver-assessment-20260930/peazip/dev/peach.pas(3882,38) Hint: (5024) Parameter "Sender" not used
/home/riceric/unarchiver-assessment-20260930/peazip/dev/peach.pas(3883,33) Hint: (5024) Parameter "Sender" not used
/home/riceric/unarchiver-assessment-20260930/peazip/dev/peach.pas(3884,35) Hint: (5024) Parameter "Sender" not used
/home/riceric/unarchiver-assessment-20260930/peazip/dev/peach.pas(3885,38) Hint: (5024) Parameter "Sender" not used
/home/riceric/unarchiver-assessment-20260930/peazip/dev/peach.pas(3886,36) Hint: (5024) Parameter "Sender" not used
/home/riceric/unarchiver-assessment-20260930/peazip/dev/peach.pas(3887,34) Hint: (5024) Parameter "Sender" not used
/home/riceric/unarchiver-assessment-20260930/peazip/dev/peach.pas(3888,34) Hint: (5024) Parameter "Sender" not used
/home/riceric/unarchiver-assessment-20260930/peazip/dev/peach.pas(3889,33) Hint: (5024) Parameter "Sender" not used
/home/riceric/unarchiver-assessment-20260930/peazip/dev/peach.pas(3891,40) Hint: (5024) Parameter "Sender" not used
/home/riceric/unarchiver-assessment-20260930/peazip/dev/peach.pas(4637,36) Hint: (5024) Parameter "Sender" not used
/home/riceric/unarchiver-assessment-20260930/peazip/dev/peach.pas(4638,30) Hint: (5024) Parameter "Sender" not used
/home/riceric/unarchiver-assessment-20260930/peazip/dev/peach.pas(4639,38) Hint: (5024) Parameter "Sender" not used
/home/riceric/unarchiver-assessment-20260930/peazip/dev/peach.pas(4640,46) Hint: (5024) Parameter "Sender" not used
/home/riceric/unarchiver-assessment-20260930/peazip/dev/peach.pas(4641,45) Hint: (5024) Parameter "Sender" not used
/home/riceric/unarchiver-assessment-20260930/peazip/dev/peach.pas(4642,44) Hint: (5024) Parameter "Sender" not used
/home/riceric/unarchiver-assessment-20260930/peazip/dev/peach.pas(4643,41) Hint: (5024) Parameter "Sender" not used
/home/riceric/unarchiver-assessment-20260930/peazip/dev/peach.pas(4644,38) Hint: (5024) Parameter "Sender" not used
/home/riceric/unarchiver-assessment-20260930/peazip/dev/peach.pas(4645,41) Hint: (5024) Parameter "Sender" not used
/home/riceric/unarchiver-assessment-20260930/peazip/dev/peach.pas(4646,35) Hint: (5024) Parameter "Sender" not used
/home/riceric/unarchiver-assessment-20260930/peazip/dev/peach.pas(4647,39) Hint: (5024) Parameter "Sender" not used
/home/riceric/unarchiver-assessment-20260930/peazip/dev/peach.pas(4648,41) Hint: (5024) Parameter "Sender" not used
/home/riceric/unarchiver-assessment-20260930/peazip/dev/peach.pas(4649,43) Hint: (5024) Parameter "Sender" not used
/home/riceric/unarchiver-assessment-20260930/peazip/dev/peach.pas(4650,48) Hint: (5024) Parameter "Sender" not used
/home/riceric/unarchiver-assessment-20260930/peazip/dev/peach.pas(4651,48) Hint: (5024) Parameter "Sender" not used
/home/riceric/unarchiver-assessment-20260930/peazip/dev/peach.pas(4652,43) Hint: (5024) Parameter "Sender" not used
/home/riceric/unarchiver-assessment-20260930/peazip/dev/peach.pas(4653,48) Hint: (5024) Parameter "Sender" not used
/home/riceric/unarchiver-assessment-20260930/peazip/dev/peach.pas(4654,48) Hint: (5024) Parameter "Sender" not used
/home/riceric/unarchiver-assessment-20260930/peazip/dev/peach.pas(4655,43) Hint: (5024) Parameter "Sender" not used
/home/riceric/unarchiver-assessment-20260930/peazip/dev/peach.pas(4656,48) Hint: (5024) Parameter "Sender" not used
/home/riceric/unarchiver-assessment-20260930/peazip/dev/peach.pas(4657,48) Hint: (5024) Parameter "Sender" not used
/home/riceric/unarchiver-assessment-20260930/peazip/dev/peach.pas(4658,43) Hint: (5024) Parameter "Sender" not used
/home/riceric/unarchiver-assessment-20260930/peazip/dev/peach.pas(4659,48) Hint: (5024) Parameter "Sender" not used
/home/riceric/unarchiver-assessment-20260930/peazip/dev/peach.pas(4660,48) Hint: (5024) Parameter "Sender" not used
/home/riceric/unarchiver-assessment-20260930/peazip/dev/peach.pas(4661,41) Hint: (5024) Parameter "Sender" not used
/home/riceric/unarchiver-assessment-20260930/peazip/dev/peach.pas(4662,46) Hint: (5024) Parameter "Sender" not used
/home/riceric/unarchiver-assessment-20260930/peazip/dev/peach.pas(4663,46) Hint: (5024) Parameter "Sender" not used
/home/riceric/unarchiver-assessment-20260930/peazip/dev/peach.pas(4664,41) Hint: (5024) Parameter "Sender" not used
/home/riceric/unarchiver-assessment-20260930/peazip/dev/peach.pas(4665,46) Hint: (5024) Parameter "Sender" not used
/home/riceric/unarchiver-assessment-20260930/peazip/dev/peach.pas(4666,46) Hint: (5024) Parameter "Sender" not used
/home/riceric/unarchiver-assessment-20260930/peazip/dev/peach.pas(4667,41) Hint: (5024) Parameter "Sender" not used
/home/riceric/unarchiver-assessment-20260930/peazip/dev/peach.pas(4668,46) Hint: (5024) Parameter "Sender" not used
/home/riceric/unarchiver-assessment-20260930/peazip/dev/peach.pas(4669,46) Hint: (5024) Parameter "Sender" not used
/home/riceric/unarchiver-assessment-20260930/peazip/dev/peach.pas(4670,41) Hint: (5024) Parameter "Sender" not used
/home/riceric/unarchiver-assessment-20260930/peazip/dev/peach.pas(4671,46) Hint: (5024) Parameter "Sender" not used
/home/riceric/unarchiver-assessment-20260930/peazip/dev/peach.pas(4672,46) Hint: (5024) Parameter "Sender" not used
/home/riceric/unarchiver-assessment-20260930/peazip/dev/peach.pas(4673,41) Hint: (5024) Parameter "Sender" not used
/home/riceric/unarchiver-assessment-20260930/peazip/dev/peach.pas(4674,46) Hint: (5024) Parameter "Sender" not used
/home/riceric/unarchiver-assessment-20260930/peazip/dev/peach.pas(4675,46) Hint: (5024) Parameter "Sender" not used
/home/riceric/unarchiver-assessment-20260930/peazip/dev/peach.pas(4676,41) Hint: (5024) Parameter "Sender" not used
/home/riceric/unarchiver-assessment-20260930/peazip/dev/peach.pas(4677,46) Hint: (5024) Parameter "Sender" not used
/home/riceric/unarchiver-assessment-20260930/peazip/dev/peach.pas(4678,46) Hint: (5024) Parameter "Sender" not used
/home/riceric/unarchiver-assessment-20260930/peazip/dev/peach.pas(4679,41) Hint: (5024) Parameter "Sender" not used
/home/riceric/unarchiver-assessment-20260930/peazip/dev/peach.pas(4680,46) Hint: (5024) Parameter "Sender" not used
/home/riceric/unarchiver-assessment-20260930/peazip/dev/peach.pas(4681,46) Hint: (5024) Parameter "Sender" not used
/home/riceric/unarchiver-assessment-20260930/peazip/dev/peach.pas(4682,41) Hint: (5024) Parameter "Sender" not used
/home/riceric/unarchiver-assessment-20260930/peazip/dev/peach.pas(4683,46) Hint: (5024) Parameter "Sender" not used
/home/riceric/unarchiver-assessment-20260930/peazip/dev/peach.pas(4684,46) Hint: (5024) Parameter "Sender" not used
/home/riceric/unarchiver-assessment-20260930/peazip/dev/peach.pas(4685,36) Hint: (5024) Parameter "Sender" not used
/home/riceric/unarchiver-assessment-20260930/peazip/dev/peach.pas(4686,43) Hint: (5024) Parameter "Sender" not used
/home/riceric/unarchiver-assessment-20260930/peazip/dev/peach.pas(4687,43) Hint: (5024) Parameter "Sender" not used
/home/riceric/unarchiver-assessment-20260930/peazip/dev/peach.pas(4688,32) Hint: (5024) Parameter "Sender" not used
/home/riceric/unarchiver-assessment-20260930/peazip/dev/peach.pas(4689,33) Hint: (5024) Parameter "Sender" not used
/home/riceric/unarchiver-assessment-20260930/peazip/dev/peach.pas(4690,44) Hint: (5024) Parameter "Sender" not used
/home/riceric/unarchiver-assessment-20260930/peazip/dev/peach.pas(4691,9) Hint: (5024) Parameter "Button" not used
/home/riceric/unarchiver-assessment-20260930/peazip/dev/peach.pas(4691,31) Hint: (5024) Parameter "Shift" not used
/home/riceric/unarchiver-assessment-20260930/peazip/dev/peach.pas(4691,51) Hint: (5024) Parameter "X" not used
/home/riceric/unarchiver-assessment-20260930/peazip/dev/peach.pas(4691,54) Hint: (5024) Parameter "Y" not used
/home/riceric/unarchiver-assessment-20260930/peazip/dev/peach.pas(4692,48) Hint: (5024) Parameter "Sender" not used
/home/riceric/unarchiver-assessment-20260930/peazip/dev/peach.pas(4693,9) Hint: (5024) Parameter "Button" not used
/home/riceric/unarchiver-assessment-20260930/peazip/dev/peach.pas(4693,31) Hint: (5024) Parameter "Shift" not used
/home/riceric/unarchiver-assessment-20260930/peazip/dev/peach.pas(4693,51) Hint: (5024) Parameter "X" not used
/home/riceric/unarchiver-assessment-20260930/peazip/dev/peach.pas(4693,54) Hint: (5024) Parameter "Y" not used
/home/riceric/unarchiver-assessment-20260930/peazip/dev/peach.pas(4694,36) Hint: (5024) Parameter "Sender" not used
/home/riceric/unarchiver-assessment-20260930/peazip/dev/peach.pas(4695,42) Hint: (5024) Parameter "Sender" not used
/home/riceric/unarchiver-assessment-20260930/peazip/dev/peach.pas(4696,40) Hint: (5024) Parameter "Sender" not used
/home/riceric/unarchiver-assessment-20260930/peazip/dev/peach.pas(4697,35) Hint: (5024) Parameter "Sender" not used
/home/riceric/unarchiver-assessment-20260930/peazip/dev/peach.pas(4698,37) Hint: (5024) Parameter "Sender" not used
/home/riceric/unarchiver-assessment-20260930/peazip/dev/peach.pas(4699,37) Hint: (5024) Parameter "Sender" not used
/home/riceric/unarchiver-assessment-20260930/peazip/dev/peach.pas(4700,37) Hint: (5024) Parameter "Sender" not used
/home/riceric/unarchiver-assessment-20260930/peazip/dev/peach.pas(4701,42) Hint: (5024) Parameter "Sender" not used
/home/riceric/unarchiver-assessment-20260930/peazip/dev/peach.pas(4702,42) Hint: (5024) Parameter "Sender" not used
/home/riceric/unarchiver-assessment-20260930/peazip/dev/peach.pas(4703,37) Hint: (5024) Parameter "Sender" not used
/home/riceric/unarchiver-assessment-20260930/peazip/dev/peach.pas(4704,42) Hint: (5024) Parameter "Sender" not used
/home/riceric/unarchiver-assessment-20260930/peazip/dev/peach.pas(4705,42) Hint: (5024) Parameter "Sender" not used
/home/riceric/unarchiver-assessment-20260930/peazip/dev/peach.pas(4706,37) Hint: (5024) Parameter "Sender" not used
/home/riceric/unarchiver-assessment-20260930/peazip/dev/peach.pas(4707,42) Hint: (5024) Parameter "Sender" not used
/home/riceric/unarchiver-assessment-20260930/peazip/dev/peach.pas(4708,42) Hint: (5024) Parameter "Sender" not used
/home/riceric/unarchiver-assessment-20260930/peazip/dev/peach.pas(4709,37) Hint: (5024) Parameter "Sender" not used
/home/riceric/unarchiver-assessment-20260930/peazip/dev/peach.pas(4710,42) Hint: (5024) Parameter "Sender" not used
/home/riceric/unarchiver-assessment-20260930/peazip/dev/peach.pas(4711,42) Hint: (5024) Parameter "Sender" not used
/home/riceric/unarchiver-assessment-20260930/peazip/dev/peach.pas(4712,38) Hint: (5024) Parameter "Sender" not used
/home/riceric/unarchiver-assessment-20260930/peazip/dev/peach.pas(4713,43) Hint: (5024) Parameter "Sender" not used
/home/riceric/unarchiver-assessment-20260930/peazip/dev/peach.pas(4714,43) Hint: (5024) Parameter "Sender" not used
/home/riceric/unarchiver-assessment-20260930/peazip/dev/peach.pas(4715,38) Hint: (5024) Parameter "Sender" not used
/home/riceric/unarchiver-assessment-20260930/peazip/dev/peach.pas(4716,43) Hint: (5024) Parameter "Sender" not used
/home/riceric/unarchiver-assessment-20260930/peazip/dev/peach.pas(4717,43) Hint: (5024) Parameter "Sender" not used
/home/riceric/unarchiver-assessment-20260930/peazip/dev/peach.pas(4718,41) Hint: (5024) Parameter "Sender" not used
/home/riceric/unarchiver-assessment-20260930/peazip/dev/peach.pas(4719,46) Hint: (5024) Parameter "Sender" not used
/home/riceric/unarchiver-assessment-20260930/peazip/dev/peach.pas(4720,46) Hint: (5024) Parameter "Sender" not used
/home/riceric/unarchiver-assessment-20260930/peazip/dev/peach.pas(4721,41) Hint: (5024) Parameter "Sender" not used
/home/riceric/unarchiver-assessment-20260930/peazip/dev/peach.pas(4722,46) Hint: (5024) Parameter "Sender" not used
/home/riceric/unarchiver-assessment-20260930/peazip/dev/peach.pas(4723,46) Hint: (5024) Parameter "Sender" not used
/home/riceric/unarchiver-assessment-20260930/peazip/dev/peach.pas(4724,41) Hint: (5024) Parameter "Sender" not used
/home/riceric/unarchiver-assessment-20260930/peazip/dev/peach.pas(4725,46) Hint: (5024) Parameter "Sender" not used
/home/riceric/unarchiver-assessment-20260930/peazip/dev/peach.pas(4726,46) Hint: (5024) Parameter "Sender" not used
/home/riceric/unarchiver-assessment-20260930/peazip/dev/peach.pas(4727,41) Hint: (5024) Parameter "Sender" not used
/home/riceric/unarchiver-assessment-20260930/peazip/dev/peach.pas(4728,46) Hint: (5024) Parameter "Sender" not used
/home/riceric/unarchiver-assessment-20260930/peazip/dev/peach.pas(4729,46) Hint: (5024) Parameter "Sender" not used
/home/riceric/unarchiver-assessment-20260930/peazip/dev/peach.pas(4730,41) Hint: (5024) Parameter "Sender" not used
/home/riceric/unarchiver-assessment-20260930/peazip/dev/peach.pas(4731,46) Hint: (5024) Parameter "Sender" not used
/home/riceric/unarchiver-assessment-20260930/peazip/dev/peach.pas(4732,46) Hint: (5024) Parameter "Sender" not used
/home/riceric/unarchiver-assessment-20260930/peazip/dev/peach.pas(4733,41) Hint: (5024) Parameter "Sender" not used
/home/riceric/unarchiver-assessment-20260930/peazip/dev/peach.pas(4734,46) Hint: (5024) Parameter "Sender" not used
/home/riceric/unarchiver-assessment-20260930/peazip/dev/peach.pas(4735,46) Hint: (5024) Parameter "Sender" not used
/home/riceric/unarchiver-assessment-20260930/peazip/dev/peach.pas(4736,41) Hint: (5024) Parameter "Sender" not used
/home/riceric/unarchiver-assessment-20260930/peazip/dev/peach.pas(4737,46) Hint: (5024) Parameter "Sender" not used
/home/riceric/unarchiver-assessment-20260930/peazip/dev/peach.pas(4738,46) Hint: (5024) Parameter "Sender" not used
/home/riceric/unarchiver-assessment-20260930/peazip/dev/peach.pas(4739,41) Hint: (5024) Parameter "Sender" not used
/home/riceric/unarchiver-assessment-20260930/peazip/dev/peach.pas(4740,46) Hint: (5024) Parameter "Sender" not used
/home/riceric/unarchiver-assessment-20260930/peazip/dev/peach.pas(4741,46) Hint: (5024) Parameter "Sender" not used
/home/riceric/unarchiver-assessment-20260930/peazip/dev/peach.pas(4742,41) Hint: (5024) Parameter "Sender" not used
/home/riceric/unarchiver-assessment-20260930/peazip/dev/peach.pas(4743,46) Hint: (5024) Parameter "Sender" not used
/home/riceric/unarchiver-assessment-20260930/peazip/dev/peach.pas(4744,46) Hint: (5024) Parameter "Sender" not used
/home/riceric/unarchiver-assessment-20260930/peazip/dev/peach.pas(4745,41) Hint: (5024) Parameter "Sender" not used
/home/riceric/unarchiver-assessment-20260930/peazip/dev/peach.pas(4746,46) Hint: (5024) Parameter "Sender" not used
/home/riceric/unarchiver-assessment-20260930/peazip/dev/peach.pas(4747,46) Hint: (5024) Parameter "Sender" not used
/home/riceric/unarchiver-assessment-20260930/peazip/dev/peach.pas(4748,41) Hint: (5024) Parameter "Sender" not used
/home/riceric/unarchiver-assessment-20260930/peazip/dev/peach.pas(4749,46) Hint: (5024) Parameter "Sender" not used
/home/riceric/unarchiver-assessment-20260930/peazip/dev/peach.pas(4750,46) Hint: (5024) Parameter "Sender" not used
/home/riceric/unarchiver-assessment-20260930/peazip/dev/peach.pas(67489,1) Warning: (2005) Comment level 2 found
/home/riceric/unarchiver-assessment-20260930/peazip/dev/peach.pas(67585,1) Warning: (2005) Comment level 2 found
/home/riceric/unarchiver-assessment-20260930/peazip/dev/peach.pas(4157,37) Hint: (5024) Parameter "Sender" not used
/home/riceric/unarchiver-assessment-20260930/peazip/dev/peach.pas(4752,44) Hint: (5024) Parameter "Sender" not used
/home/riceric/unarchiver-assessment-20260930/peazip/dev/peach.pas(4773,29) Hint: (5024) Parameter "Sender" not used
/home/riceric/unarchiver-assessment-20260930/peazip/dev/peach.pas(4774,32) Hint: (5024) Parameter "Sender" not used
/home/riceric/unarchiver-assessment-20260930/peazip/dev/peach.pas(4775,34) Hint: (5024) Parameter "Sender" not used
/home/riceric/unarchiver-assessment-20260930/peazip/dev/peach.pas(4525,39) Hint: (5024) Parameter "Sender" not used
/home/riceric/unarchiver-assessment-20260930/peazip/dev/peach.pas(4526,39) Hint: (5024) Parameter "Sender" not used
/home/riceric/unarchiver-assessment-20260930/peazip/dev/peach.pas(4523,40) Hint: (5024) Parameter "Sender" not used
/home/riceric/unarchiver-assessment-20260930/peazip/dev/peach.pas(4524,40) Hint: (5024) Parameter "Sender" not used
/home/riceric/unarchiver-assessment-20260930/peazip/dev/peach.pas(4527,37) Hint: (5024) Parameter "Sender" not used
/home/riceric/unarchiver-assessment-20260930/peazip/dev/peach.pas(4528,35) Hint: (5024) Parameter "Sender" not used
/home/riceric/unarchiver-assessment-20260930/peazip/dev/peach.pas(4568,36) Hint: (5024) Parameter "Sender" not used
/home/riceric/unarchiver-assessment-20260930/peazip/dev/peach.pas(4569,13) Hint: (5024) Parameter "Handled" not used
/home/riceric/unarchiver-assessment-20260930/peazip/dev/peach.pas(4570,33) Hint: (5024) Parameter "Sender" not used
/home/riceric/unarchiver-assessment-20260930/peazip/dev/peach.pas(4571,9) Hint: (5024) Parameter "Shift" not used
/home/riceric/unarchiver-assessment-20260930/peazip/dev/peach.pas(4572,34) Hint: (5024) Parameter "Sender" not used
/home/riceric/unarchiver-assessment-20260930/peazip/dev/peach.pas(4573,36) Hint: (5024) Parameter "HeaderControl" not used
/home/riceric/unarchiver-assessment-20260930/peazip/dev/peach.pas(4575,38) Hint: (5024) Parameter "Sender" not used
/home/riceric/unarchiver-assessment-20260930/peazip/dev/peach.pas(4776,34) Hint: (5024) Parameter "Sender" not used
/home/riceric/unarchiver-assessment-20260930/peazip/dev/peach.pas(4777,35) Hint: (5024) Parameter "Sender" not used
/home/riceric/unarchiver-assessment-20260930/peazip/dev/peach.pas(4778,31) Hint: (5024) Parameter "Sender" not used
/home/riceric/unarchiver-assessment-20260930/peazip/dev/peach.pas(4780,32) Hint: (5024) Parameter "Sender" not used
/home/riceric/unarchiver-assessment-20260930/peazip/dev/peach.pas(4781,28) Hint: (5024) Parameter "Sender" not used
/home/riceric/unarchiver-assessment-20260930/peazip/dev/peach.pas(4897,33) Hint: (5024) Parameter "Sender" not used
/home/riceric/unarchiver-assessment-20260930/peazip/dev/peach.pas(4782,31) Hint: (5024) Parameter "Sender" not used
/home/riceric/unarchiver-assessment-20260930/peazip/dev/peach.pas(4783,32) Hint: (5024) Parameter "Sender" not used
/home/riceric/unarchiver-assessment-20260930/peazip/dev/peach.pas(4784,32) Hint: (5024) Parameter "Sender" not used
/home/riceric/unarchiver-assessment-20260930/peazip/dev/peach.pas(4785,32) Hint: (5024) Parameter "Sender" not used
/home/riceric/unarchiver-assessment-20260930/peazip/dev/peach.pas(4786,34) Hint: (5024) Parameter "Sender" not used
/home/riceric/unarchiver-assessment-20260930/peazip/dev/peach.pas(4787,34) Hint: (5024) Parameter "Sender" not used
/home/riceric/unarchiver-assessment-20260930/peazip/dev/peach.pas(4788,33) Hint: (5024) Parameter "Sender" not used
/home/riceric/unarchiver-assessment-20260930/peazip/dev/peach.pas(4789,35) Hint: (5024) Parameter "Sender" not used
/home/riceric/unarchiver-assessment-20260930/peazip/dev/peach.pas(4790,34) Hint: (5024) Parameter "Sender" not used
/home/riceric/unarchiver-assessment-20260930/peazip/dev/peach.pas(4791,39) Hint: (5024) Parameter "Sender" not used
/home/riceric/unarchiver-assessment-20260930/peazip/dev/peach.pas(4792,37) Hint: (5024) Parameter "Sender" not used
/home/riceric/unarchiver-assessment-20260930/peazip/dev/peach.pas(3912,32) Hint: (5024) Parameter "Sender" not used
/home/riceric/unarchiver-assessment-20260930/peazip/dev/peach.pas(3913,32) Hint: (5024) Parameter "Sender" not used
/home/riceric/unarchiver-assessment-20260930/peazip/dev/peach.pas(3914,47) Hint: (5024) Parameter "Sender" not used
/home/riceric/unarchiver-assessment-20260930/peazip/dev/peach.pas(3915,40) Hint: (5024) Parameter "Sender" not used
/home/riceric/unarchiver-assessment-20260930/peazip/dev/peach.pas(3916,39) Hint: (5024) Parameter "Sender" not used
/home/riceric/unarchiver-assessment-20260930/peazip/dev/peach.pas(3917,44) Hint: (5024) Parameter "Sender" not used
/home/riceric/unarchiver-assessment-20260930/peazip/dev/peach.pas(3918,44) Hint: (5024) Parameter "Sender" not used
/home/riceric/unarchiver-assessment-20260930/peazip/dev/peach.pas(3919,37) Hint: (5024) Parameter "Sender" not used
/home/riceric/unarchiver-assessment-20260930/peazip/dev/peach.pas(3920,34) Hint: (5024) Parameter "Sender" not used
/home/riceric/unarchiver-assessment-20260930/peazip/dev/peach.pas(3921,39) Hint: (5024) Parameter "Sender" not used
/home/riceric/unarchiver-assessment-20260930/peazip/dev/peach.pas(3925,29) Hint: (5024) Parameter "Sender" not used
/home/riceric/unarchiver-assessment-20260930/peazip/dev/peach.pas(3926,34) Hint: (5024) Parameter "Sender" not used
/home/riceric/unarchiver-assessment-20260930/peazip/dev/peach.pas(3927,34) Hint: (5024) Parameter "Sender" not used
/home/riceric/unarchiver-assessment-20260930/peazip/dev/peach.pas(3928,28) Hint: (5024) Parameter "Sender" not used
/home/riceric/unarchiver-assessment-20260930/peazip/dev/peach.pas(3929,40) Hint: (5024) Parameter "Sender" not used
/home/riceric/unarchiver-assessment-20260930/peazip/dev/peach.pas(3930,32) Hint: (5024) Parameter "Sender" not used
/home/riceric/unarchiver-assessment-20260930/peazip/dev/peach.pas(3931,30) Hint: (5024) Parameter "Sender" not used
/home/riceric/unarchiver-assessment-20260930/peazip/dev/peach.pas(3932,36) Hint: (5024) Parameter "Sender" not used
/home/riceric/unarchiver-assessment-20260930/peazip/dev/peach.pas(3933,40) Hint: (5024) Parameter "Sender" not used
/home/riceric/unarchiver-assessment-20260930/peazip/dev/peach.pas(3934,39) Hint: (5024) Parameter "Sender" not used
/home/riceric/unarchiver-assessment-20260930/peazip/dev/peach.pas(3935,31) Hint: (5024) Parameter "Sender" not used
/home/riceric/unarchiver-assessment-20260930/peazip/dev/peach.pas(3936,33) Hint: (5024) Parameter "Sender" not used
/home/riceric/unarchiver-assessment-20260930/peazip/dev/peach.pas(3937,32) Hint: (5024) Parameter "Sender" not used
/home/riceric/unarchiver-assessment-20260930/peazip/dev/peach.pas(3938,34) Hint: (5024) Parameter "Sender" not used
/home/riceric/unarchiver-assessment-20260930/peazip/dev/peach.pas(3939,40) Hint: (5024) Parameter "Sender" not used
/home/riceric/unarchiver-assessment-20260930/peazip/dev/peach.pas(3940,34) Hint: (5024) Parameter "Sender" not used
/home/riceric/unarchiver-assessment-20260930/peazip/dev/peach.pas(3941,39) Hint: (5024) Parameter "Sender" not used
/home/riceric/unarchiver-assessment-20260930/peazip/dev/peach.pas(3942,38) Hint: (5024) Parameter "Sender" not used
/home/riceric/unarchiver-assessment-20260930/peazip/dev/peach.pas(3943,30) Hint: (5024) Parameter "Sender" not used
/home/riceric/unarchiver-assessment-20260930/peazip/dev/peach.pas(3944,29) Hint: (5024) Parameter "Sender" not used
/home/riceric/unarchiver-assessment-20260930/peazip/dev/peach.pas(3945,35) Hint: (5024) Parameter "Sender" not used
/home/riceric/unarchiver-assessment-20260930/peazip/dev/peach.pas(3946,30) Hint: (5024) Parameter "Sender" not used
/home/riceric/unarchiver-assessment-20260930/peazip/dev/peach.pas(3947,31) Hint: (5024) Parameter "Sender" not used
/home/riceric/unarchiver-assessment-20260930/peazip/dev/peach.pas(3948,29) Hint: (5024) Parameter "Sender" not used
/home/riceric/unarchiver-assessment-20260930/peazip/dev/peach.pas(4061,29) Hint: (5024) Parameter "Sender" not used
/home/riceric/unarchiver-assessment-20260930/peazip/dev/peach.pas(3949,30) Hint: (5024) Parameter "Sender" not used
/home/riceric/unarchiver-assessment-20260930/peazip/dev/peach.pas(3951,30) Hint: (5024) Parameter "Sender" not used
/home/riceric/unarchiver-assessment-20260930/peazip/dev/peach.pas(3952,33) Hint: (5024) Parameter "Sender" not used
/home/riceric/unarchiver-assessment-20260930/peazip/dev/peach.pas(3953,33) Hint: (5024) Parameter "Sender" not used
/home/riceric/unarchiver-assessment-20260930/peazip/dev/peach.pas(4795,27) Hint: (5024) Parameter "Sender" not used
/home/riceric/unarchiver-assessment-20260930/peazip/dev/peach.pas(4796,27) Hint: (5024) Parameter "Sender" not used
/home/riceric/unarchiver-assessment-20260930/peazip/dev/peach.pas(4797,27) Hint: (5024) Parameter "Sender" not used
/home/riceric/unarchiver-assessment-20260930/peazip/dev/peach.pas(4798,27) Hint: (5024) Parameter "Sender" not used
/home/riceric/unarchiver-assessment-20260930/peazip/dev/peach.pas(4799,27) Hint: (5024) Parameter "Sender" not used
/home/riceric/unarchiver-assessment-20260930/peazip/dev/peach.pas(4800,27) Hint: (5024) Parameter "Sender" not used
/home/riceric/unarchiver-assessment-20260930/peazip/dev/peach.pas(4801,27) Hint: (5024) Parameter "Sender" not used
/home/riceric/unarchiver-assessment-20260930/peazip/dev/peach.pas(4802,27) Hint: (5024) Parameter "Sender" not used
/home/riceric/unarchiver-assessment-20260930/peazip/dev/peach.pas(4803,27) Hint: (5024) Parameter "Sender" not used
/home/riceric/unarchiver-assessment-20260930/peazip/dev/peach.pas(4804,27) Hint: (5024) Parameter "Sender" not used
/home/riceric/unarchiver-assessment-20260930/peazip/dev/peach.pas(4805,26) Hint: (5024) Parameter "Sender" not used
/home/riceric/unarchiver-assessment-20260930/peazip/dev/peach.pas(4806,27) Hint: (5024) Parameter "Sender" not used
/home/riceric/unarchiver-assessment-20260930/peazip/dev/peach.pas(4807,27) Hint: (5024) Parameter "Sender" not used
/home/riceric/unarchiver-assessment-20260930/peazip/dev/peach.pas(4808,27) Hint: (5024) Parameter "Sender" not used
/home/riceric/unarchiver-assessment-20260930/peazip/dev/peach.pas(4809,27) Hint: (5024) Parameter "Sender" not used
/home/riceric/unarchiver-assessment-20260930/peazip/dev/peach.pas(4810,27) Hint: (5024) Parameter "Sender" not used
/home/riceric/unarchiver-assessment-20260930/peazip/dev/peach.pas(4811,26) Hint: (5024) Parameter "Sender" not used
/home/riceric/unarchiver-assessment-20260930/peazip/dev/peach.pas(4812,26) Hint: (5024) Parameter "Sender" not used
/home/riceric/unarchiver-assessment-20260930/peazip/dev/peach.pas(4813,26) Hint: (5024) Parameter "Sender" not used
/home/riceric/unarchiver-assessment-20260930/peazip/dev/peach.pas(4814,26) Hint: (5024) Parameter "Sender" not used
/home/riceric/unarchiver-assessment-20260930/peazip/dev/peach.pas(4815,26) Hint: (5024) Parameter "Sender" not used
/home/riceric/unarchiver-assessment-20260930/peazip/dev/peach.pas(4816,26) Hint: (5024) Parameter "Sender" not used
/home/riceric/unarchiver-assessment-20260930/peazip/dev/peach.pas(4817,26) Hint: (5024) Parameter "Sender" not used
/home/riceric/unarchiver-assessment-20260930/peazip/dev/peach.pas(4818,26) Hint: (5024) Parameter "Sender" not used
/home/riceric/unarchiver-assessment-20260930/peazip/dev/peach.pas(4819,35) Hint: (5024) Parameter "Sender" not used
/home/riceric/unarchiver-assessment-20260930/peazip/dev/peach.pas(4820,32) Hint: (5024) Parameter "Sender" not used
/home/riceric/unarchiver-assessment-20260930/peazip/dev/peach.pas(4821,27) Hint: (5024) Parameter "Sender" not used
/home/riceric/unarchiver-assessment-20260930/peazip/dev/peach.pas(4822,27) Hint: (5024) Parameter "Sender" not used
/home/riceric/unarchiver-assessment-20260930/peazip/dev/peach.pas(4823,27) Hint: (5024) Parameter "Sender" not used
/home/riceric/unarchiver-assessment-20260930/peazip/dev/peach.pas(4824,27) Hint: (5024) Parameter "Sender" not used
/home/riceric/unarchiver-assessment-20260930/peazip/dev/peach.pas(4825,27) Hint: (5024) Parameter "Sender" not used
/home/riceric/unarchiver-assessment-20260930/peazip/dev/peach.pas(4826,27) Hint: (5024) Parameter "Sender" not used
/home/riceric/unarchiver-assessment-20260930/peazip/dev/peach.pas(4827,27) Hint: (5024) Parameter "Sender" not used
/home/riceric/unarchiver-assessment-20260930/peazip/dev/peach.pas(4828,27) Hint: (5024) Parameter "Sender" not used
/home/riceric/unarchiver-assessment-20260930/peazip/dev/peach.pas(4829,27) Hint: (5024) Parameter "Sender" not used
/home/riceric/unarchiver-assessment-20260930/peazip/dev/peach.pas(4830,31) Hint: (5024) Parameter "Sender" not used
/home/riceric/unarchiver-assessment-20260930/peazip/dev/peach.pas(4831,32) Hint: (5024) Parameter "Sender" not used
/home/riceric/unarchiver-assessment-20260930/peazip/dev/peach.pas(4832,30) Hint: (5024) Parameter "Sender" not used
/home/riceric/unarchiver-assessment-20260930/peazip/dev/peach.pas(4833,28) Hint: (5024) Parameter "Sender" not used
/home/riceric/unarchiver-assessment-20260930/peazip/dev/peach.pas(4834,30) Hint: (5024) Parameter "Sender" not used
/home/riceric/unarchiver-assessment-20260930/peazip/dev/peach.pas(4835,28) Hint: (5024) Parameter "Sender" not used
/home/riceric/unarchiver-assessment-20260930/peazip/dev/peach.pas(4836,28) Hint: (5024) Parameter "Sender" not used
/home/riceric/unarchiver-assessment-20260930/peazip/dev/peach.pas(4837,29) Hint: (5024) Parameter "Sender" not used
/home/riceric/unarchiver-assessment-20260930/peazip/dev/peach.pas(4838,29) Hint: (5024) Parameter "Sender" not used
/home/riceric/unarchiver-assessment-20260930/peazip/dev/peach.pas(4839,27) Hint: (5024) Parameter "Sender" not used
/home/riceric/unarchiver-assessment-20260930/peazip/dev/peach.pas(4840,31) Hint: (5024) Parameter "Sender" not used
/home/riceric/unarchiver-assessment-20260930/peazip/dev/peach.pas(4841,26) Hint: (5024) Parameter "Sender" not used
/home/riceric/unarchiver-assessment-20260930/peazip/dev/peach.pas(4842,29) Hint: (5024) Parameter "Sender" not used
/home/riceric/unarchiver-assessment-20260930/peazip/dev/peach.pas(4843,38) Hint: (5024) Parameter "Sender" not used
/home/riceric/unarchiver-assessment-20260930/peazip/dev/peach.pas(4379,38) Hint: (5024) Parameter "Sender" not used
/home/riceric/unarchiver-assessment-20260930/peazip/dev/peach.pas(4844,29) Hint: (5024) Parameter "Sender" not used
/home/riceric/unarchiver-assessment-20260930/peazip/dev/peach.pas(4793,31) Hint: (5024) Parameter "Sender" not used
/home/riceric/unarchiver-assessment-20260930/peazip/dev/peach.pas(68491,15) Hint: (5091) Local variable "s" of a managed type does not seem to be initialized
/home/riceric/unarchiver-assessment-20260930/peazip/dev/peach.pas(68491,13) Hint: (5091) Local variable "dom" of a managed type does not seem to be initialized
/home/riceric/unarchiver-assessment-20260930/peazip/dev/peach.pas(4845,37) Hint: (5024) Parameter "Sender" not used
/home/riceric/unarchiver-assessment-20260930/peazip/dev/peach.pas(4846,46) Hint: (5024) Parameter "Sender" not used
/home/riceric/unarchiver-assessment-20260930/peazip/dev/peach.pas(4847,50) Hint: (5024) Parameter "Sender" not used
/home/riceric/unarchiver-assessment-20260930/peazip/dev/peach.pas(4848,44) Hint: (5024) Parameter "Sender" not used
/home/riceric/unarchiver-assessment-20260930/peazip/dev/peach.pas(4849,47) Hint: (5024) Parameter "Sender" not used
/home/riceric/unarchiver-assessment-20260930/peazip/dev/peach.pas(4851,42) Hint: (5024) Parameter "Sender" not used
/home/riceric/unarchiver-assessment-20260930/peazip/dev/peach.pas(4850,47) Hint: (5024) Parameter "Sender" not used
/home/riceric/unarchiver-assessment-20260930/peazip/dev/peach.pas(4852,40) Hint: (5024) Parameter "Sender" not used
/home/riceric/unarchiver-assessment-20260930/peazip/dev/peach.pas(4853,45) Hint: (5024) Parameter "Sender" not used
/home/riceric/unarchiver-assessment-20260930/peazip/dev/peach.pas(4855,43) Hint: (5024) Parameter "Sender" not used
/home/riceric/unarchiver-assessment-20260930/peazip/dev/peach.pas(4856,47) Hint: (5024) Parameter "Sender" not used
/home/riceric/unarchiver-assessment-20260930/peazip/dev/peach.pas(4857,41) Hint: (5024) Parameter "Sender" not used
/home/riceric/unarchiver-assessment-20260930/peazip/dev/peach.pas(4858,53) Hint: (5024) Parameter "Sender" not used
/home/riceric/unarchiver-assessment-20260930/peazip/dev/peach.pas(4859,44) Hint: (5024) Parameter "Sender" not used
/home/riceric/unarchiver-assessment-20260930/peazip/dev/peach.pas(4860,46) Hint: (5024) Parameter "Sender" not used
/home/riceric/unarchiver-assessment-20260930/peazip/dev/peach.pas(4861,44) Hint: (5024) Parameter "Sender" not used
/home/riceric/unarchiver-assessment-20260930/peazip/dev/peach.pas(4862,39) Hint: (5024) Parameter "Sender" not used
/home/riceric/unarchiver-assessment-20260930/peazip/dev/peach.pas(4863,37) Hint: (5024) Parameter "Sender" not used
/home/riceric/unarchiver-assessment-20260930/peazip/dev/peach.pas(4864,42) Hint: (5024) Parameter "Sender" not used
/home/riceric/unarchiver-assessment-20260930/peazip/dev/peach.pas(4865,41) Hint: (5024) Parameter "Sender" not used
/home/riceric/unarchiver-assessment-20260930/peazip/dev/peach.pas(4866,32) Hint: (5024) Parameter "Sender" not used
/home/riceric/unarchiver-assessment-20260930/peazip/dev/peach.pas(4902,39) Hint: (5024) Parameter "Sender" not used
/home/riceric/unarchiver-assessment-20260930/peazip/dev/peach.pas(4903,29) Hint: (5024) Parameter "Sender" not used
/home/riceric/unarchiver-assessment-20260930/peazip/dev/peach.pas(4904,29) Hint: (5024) Parameter "Sender" not used
/home/riceric/unarchiver-assessment-20260930/peazip/dev/peach.pas(4905,29) Hint: (5024) Parameter "Sender" not used
/home/riceric/unarchiver-assessment-20260930/peazip/dev/peach.pas(4906,29) Hint: (5024) Parameter "Sender" not used
/home/riceric/unarchiver-assessment-20260930/peazip/dev/peach.pas(4907,29) Hint: (5024) Parameter "Sender" not used
/home/riceric/unarchiver-assessment-20260930/peazip/dev/peach.pas(4908,29) Hint: (5024) Parameter "Sender" not used
/home/riceric/unarchiver-assessment-20260930/peazip/dev/peach.pas(4909,29) Hint: (5024) Parameter "Sender" not used
/home/riceric/unarchiver-assessment-20260930/peazip/dev/peach.pas(4910,29) Hint: (5024) Parameter "Sender" not used
/home/riceric/unarchiver-assessment-20260930/peazip/dev/peach.pas(4911,29) Hint: (5024) Parameter "Sender" not used
/home/riceric/unarchiver-assessment-20260930/peazip/dev/peach.pas(4913,29) Hint: (5024) Parameter "Sender" not used
/home/riceric/unarchiver-assessment-20260930/peazip/dev/peach.pas(4914,30) Hint: (5024) Parameter "Sender" not used
/home/riceric/unarchiver-assessment-20260930/peazip/dev/peach.pas(4915,30) Hint: (5024) Parameter "Sender" not used
/home/riceric/unarchiver-assessment-20260930/peazip/dev/peach.pas(4916,30) Hint: (5024) Parameter "Sender" not used
/home/riceric/unarchiver-assessment-20260930/peazip/dev/peach.pas(4917,30) Hint: (5024) Parameter "Sender" not used
/home/riceric/unarchiver-assessment-20260930/peazip/dev/peach.pas(4918,30) Hint: (5024) Parameter "Sender" not used
/home/riceric/unarchiver-assessment-20260930/peazip/dev/peach.pas(4919,30) Hint: (5024) Parameter "Sender" not used
/home/riceric/unarchiver-assessment-20260930/peazip/dev/peach.pas(4920,30) Hint: (5024) Parameter "Sender" not used
/home/riceric/unarchiver-assessment-20260930/peazip/dev/peach.pas(4921,30) Hint: (5024) Parameter "Sender" not used
/home/riceric/unarchiver-assessment-20260930/peazip/dev/peach.pas(4922,30) Hint: (5024) Parameter "Sender" not used
/home/riceric/unarchiver-assessment-20260930/peazip/dev/peach.pas(4923,30) Hint: (5024) Parameter "Sender" not used
/home/riceric/unarchiver-assessment-20260930/peazip/dev/peach.pas(4924,29) Hint: (5024) Parameter "Sender" not used
/home/riceric/unarchiver-assessment-20260930/peazip/dev/peach.pas(4925,29) Hint: (5024) Parameter "Sender" not used
/home/riceric/unarchiver-assessment-20260930/peazip/dev/peach.pas(4926,29) Hint: (5024) Parameter "Sender" not used
/home/riceric/unarchiver-assessment-20260930/peazip/dev/peach.pas(4927,29) Hint: (5024) Parameter "Sender" not used
/home/riceric/unarchiver-assessment-20260930/peazip/dev/peach.pas(4928,29) Hint: (5024) Parameter "Sender" not used
/home/riceric/unarchiver-assessment-20260930/peazip/dev/peach.pas(4929,29) Hint: (5024) Parameter "Sender" not used
/home/riceric/unarchiver-assessment-20260930/peazip/dev/peach.pas(4930,29) Hint: (5024) Parameter "Sender" not used
/home/riceric/unarchiver-assessment-20260930/peazip/dev/peach.pas(4931,29) Hint: (5024) Parameter "Sender" not used
/home/riceric/unarchiver-assessment-20260930/peazip/dev/peach.pas(4932,29) Hint: (5024) Parameter "Sender" not used
/home/riceric/unarchiver-assessment-20260930/peazip/dev/peach.pas(4933,33) Hint: (5024) Parameter "Sender" not used
/home/riceric/unarchiver-assessment-20260930/peazip/dev/peach.pas(4934,44) Hint: (5024) Parameter "Sender" not used
/home/riceric/unarchiver-assessment-20260930/peazip/dev/peach.pas(4947,29) Hint: (5024) Parameter "Sender" not used
/home/riceric/unarchiver-assessment-20260930/peazip/dev/peach.pas(4948,29) Hint: (5024) Parameter "Sender" not used
/home/riceric/unarchiver-assessment-20260930/peazip/dev/peach.pas(4949,29) Hint: (5024) Parameter "Sender" not used
/home/riceric/unarchiver-assessment-20260930/peazip/dev/peach.pas(4950,29) Hint: (5024) Parameter "Sender" not used
/home/riceric/unarchiver-assessment-20260930/peazip/dev/peach.pas(4951,29) Hint: (5024) Parameter "Sender" not used
/home/riceric/unarchiver-assessment-20260930/peazip/dev/peach.pas(4952,29) Hint: (5024) Parameter "Sender" not used
/home/riceric/unarchiver-assessment-20260930/peazip/dev/peach.pas(4953,29) Hint: (5024) Parameter "Sender" not used
/home/riceric/unarchiver-assessment-20260930/peazip/dev/peach.pas(4954,29) Hint: (5024) Parameter "Sender" not used
/home/riceric/unarchiver-assessment-20260930/peazip/dev/peach.pas(4955,29) Hint: (5024) Parameter "Sender" not used
/home/riceric/unarchiver-assessment-20260930/peazip/dev/peach.pas(4956,29) Hint: (5024) Parameter "Sender" not used
/home/riceric/unarchiver-assessment-20260930/peazip/dev/peach.pas(4957,29) Hint: (5024) Parameter "Sender" not used
/home/riceric/unarchiver-assessment-20260930/peazip/dev/peach.pas(4958,29) Hint: (5024) Parameter "Sender" not used
/home/riceric/unarchiver-assessment-20260930/peazip/dev/peach.pas(4959,29) Hint: (5024) Parameter "Sender" not used
/home/riceric/unarchiver-assessment-20260930/peazip/dev/peach.pas(4960,29) Hint: (5024) Parameter "Sender" not used
/home/riceric/unarchiver-assessment-20260930/peazip/dev/peach.pas(4961,29) Hint: (5024) Parameter "Sender" not used
/home/riceric/unarchiver-assessment-20260930/peazip/dev/peach.pas(4962,29) Hint: (5024) Parameter "Sender" not used
/home/riceric/unarchiver-assessment-20260930/peazip/dev/peach.pas(4963,29) Hint: (5024) Parameter "Sender" not used
/home/riceric/unarchiver-assessment-20260930/peazip/dev/peach.pas(4964,30) Hint: (5024) Parameter "Sender" not used
/home/riceric/unarchiver-assessment-20260930/peazip/dev/peach.pas(4965,30) Hint: (5024) Parameter "Sender" not used
/home/riceric/unarchiver-assessment-20260930/peazip/dev/peach.pas(4966,30) Hint: (5024) Parameter "Sender" not used
/home/riceric/unarchiver-assessment-20260930/peazip/dev/peach.pas(4967,30) Hint: (5024) Parameter "Sender" not used
/home/riceric/unarchiver-assessment-20260930/peazip/dev/peach.pas(4968,30) Hint: (5024) Parameter "Sender" not used
/home/riceric/unarchiver-assessment-20260930/peazip/dev/peach.pas(4969,30) Hint: (5024) Parameter "Sender" not used
/home/riceric/unarchiver-assessment-20260930/peazip/dev/peach.pas(4970,30) Hint: (5024) Parameter "Sender" not used
/home/riceric/unarchiver-assessment-20260930/peazip/dev/peach.pas(4971,30) Hint: (5024) Parameter "Sender" not used
/home/riceric/unarchiver-assessment-20260930/peazip/dev/peach.pas(4972,30) Hint: (5024) Parameter "Sender" not used
/home/riceric/unarchiver-assessment-20260930/peazip/dev/peach.pas(4216,30) Hint: (5024) Parameter "Sender" not used
/home/riceric/unarchiver-assessment-20260930/peazip/dev/peach.pas(4973,29) Hint: (5024) Parameter "Sender" not used
/home/riceric/unarchiver-assessment-20260930/peazip/dev/peach.pas(4217,30) Hint: (5024) Parameter "Sender" not used
/home/riceric/unarchiver-assessment-20260930/peazip/dev/peach.pas(4218,30) Hint: (5024) Parameter "Sender" not used
/home/riceric/unarchiver-assessment-20260930/peazip/dev/peach.pas(4219,30) Hint: (5024) Parameter "Sender" not used
/home/riceric/unarchiver-assessment-20260930/peazip/dev/peach.pas(4220,30) Hint: (5024) Parameter "Sender" not used
/home/riceric/unarchiver-assessment-20260930/peazip/dev/peach.pas(4221,30) Hint: (5024) Parameter "Sender" not used
/home/riceric/unarchiver-assessment-20260930/peazip/dev/peach.pas(3817,30) Hint: (5024) Parameter "Sender" not used
/home/riceric/unarchiver-assessment-20260930/peazip/dev/peach.pas(3818,30) Hint: (5024) Parameter "Sender" not used
/home/riceric/unarchiver-assessment-20260930/peazip/dev/peach.pas(3819,30) Hint: (5024) Parameter "Sender" not used
/home/riceric/unarchiver-assessment-20260930/peazip/dev/peach.pas(3820,30) Hint: (5024) Parameter "Sender" not used
/home/riceric/unarchiver-assessment-20260930/peazip/dev/peach.pas(3821,30) Hint: (5024) Parameter "Sender" not used
/home/riceric/unarchiver-assessment-20260930/peazip/dev/peach.pas(3822,30) Hint: (5024) Parameter "Sender" not used
/home/riceric/unarchiver-assessment-20260930/peazip/dev/peach.pas(3823,30) Hint: (5024) Parameter "Sender" not used
/home/riceric/unarchiver-assessment-20260930/peazip/dev/peach.pas(3824,30) Hint: (5024) Parameter "Sender" not used
/home/riceric/unarchiver-assessment-20260930/peazip/dev/peach.pas(3825,30) Hint: (5024) Parameter "Sender" not used
/home/riceric/unarchiver-assessment-20260930/peazip/dev/peach.pas(3826,30) Hint: (5024) Parameter "Sender" not used
/home/riceric/unarchiver-assessment-20260930/peazip/dev/peach.pas(3827,30) Hint: (5024) Parameter "Sender" not used
/home/riceric/unarchiver-assessment-20260930/peazip/dev/peach.pas(3828,27) Hint: (5024) Parameter "Sender" not used
/home/riceric/unarchiver-assessment-20260930/peazip/dev/peach.pas(3829,27) Hint: (5024) Parameter "Sender" not used
/home/riceric/unarchiver-assessment-20260930/peazip/dev/peach.pas(3830,27) Hint: (5024) Parameter "Sender" not used
/home/riceric/unarchiver-assessment-20260930/peazip/dev/peach.pas(3831,27) Hint: (5024) Parameter "Sender" not used
/home/riceric/unarchiver-assessment-20260930/peazip/dev/peach.pas(3832,27) Hint: (5024) Parameter "Sender" not used
/home/riceric/unarchiver-assessment-20260930/peazip/dev/peach.pas(3833,27) Hint: (5024) Parameter "Sender" not used
/home/riceric/unarchiver-assessment-20260930/peazip/dev/peach.pas(3834,27) Hint: (5024) Parameter "Sender" not used
/home/riceric/unarchiver-assessment-20260930/peazip/dev/peach.pas(3835,27) Hint: (5024) Parameter "Sender" not used
/home/riceric/unarchiver-assessment-20260930/peazip/dev/peach.pas(3836,33) Hint: (5024) Parameter "Sender" not used
/home/riceric/unarchiver-assessment-20260930/peazip/dev/peach.pas(3837,34) Hint: (5024) Parameter "Sender" not used
/home/riceric/unarchiver-assessment-20260930/peazip/dev/peach.pas(3838,37) Hint: (5024) Parameter "Sender" not used
/home/riceric/unarchiver-assessment-20260930/peazip/dev/peach.pas(3839,34) Hint: (5024) Parameter "Sender" not used
/home/riceric/unarchiver-assessment-20260930/peazip/dev/peach.pas(3840,34) Hint: (5024) Parameter "Sender" not used
/home/riceric/unarchiver-assessment-20260930/peazip/dev/peach.pas(3841,37) Hint: (5024) Parameter "Sender" not used
/home/riceric/unarchiver-assessment-20260930/peazip/dev/peach.pas(3842,36) Hint: (5024) Parameter "Sender" not used
/home/riceric/unarchiver-assessment-20260930/peazip/dev/peach.pas(3843,35) Hint: (5024) Parameter "Sender" not used
/home/riceric/unarchiver-assessment-20260930/peazip/dev/peach.pas(3844,35) Hint: (5024) Parameter "Sender" not used
/home/riceric/unarchiver-assessment-20260930/peazip/dev/peach.pas(3845,38) Hint: (5024) Parameter "Sender" not used
/home/riceric/unarchiver-assessment-20260930/peazip/dev/peach.pas(3846,31) Hint: (5024) Parameter "Sender" not used
/home/riceric/unarchiver-assessment-20260930/peazip/dev/peach.pas(3847,35) Hint: (5024) Parameter "Sender" not used
/home/riceric/unarchiver-assessment-20260930/peazip/dev/peach.pas(3848,36) Hint: (5024) Parameter "Sender" not used
/home/riceric/unarchiver-assessment-20260930/peazip/dev/peach.pas(3849,35) Hint: (5024) Parameter "Sender" not used
/home/riceric/unarchiver-assessment-20260930/peazip/dev/peach.pas(3850,36) Hint: (5024) Parameter "Sender" not used
/home/riceric/unarchiver-assessment-20260930/peazip/dev/peach.pas(3851,36) Hint: (5024) Parameter "Sender" not used
/home/riceric/unarchiver-assessment-20260930/peazip/dev/peach.pas(3852,39) Hint: (5024) Parameter "Sender" not used
/home/riceric/unarchiver-assessment-20260930/peazip/dev/peach.pas(3853,36) Hint: (5024) Parameter "Sender" not used
/home/riceric/unarchiver-assessment-20260930/peazip/dev/peach.pas(3854,36) Hint: (5024) Parameter "Sender" not used
/home/riceric/unarchiver-assessment-20260930/peazip/dev/peach.pas(3855,35) Hint: (5024) Parameter "Sender" not used
/home/riceric/unarchiver-assessment-20260930/peazip/dev/peach.pas(3856,37) Hint: (5024) Parameter "Sender" not used
/home/riceric/unarchiver-assessment-20260930/peazip/dev/peach.pas(3857,36) Hint: (5024) Parameter "Sender" not used
/home/riceric/unarchiver-assessment-20260930/peazip/dev/peach.pas(3858,36) Hint: (5024) Parameter "Sender" not used
/home/riceric/unarchiver-assessment-20260930/peazip/dev/peach.pas(3859,35) Hint: (5024) Parameter "Sender" not used
/home/riceric/unarchiver-assessment-20260930/peazip/dev/peach.pas(3860,35) Hint: (5024) Parameter "Sender" not used
/home/riceric/unarchiver-assessment-20260930/peazip/dev/peach.pas(3861,35) Hint: (5024) Parameter "Sender" not used
/home/riceric/unarchiver-assessment-20260930/peazip/dev/peach.pas(3862,35) Hint: (5024) Parameter "Sender" not used
/home/riceric/unarchiver-assessment-20260930/peazip/dev/peach.pas(3863,35) Hint: (5024) Parameter "Sender" not used
/home/riceric/unarchiver-assessment-20260930/peazip/dev/peach.pas(3864,35) Hint: (5024) Parameter "Sender" not used
/home/riceric/unarchiver-assessment-20260930/peazip/dev/peach.pas(3865,29) Hint: (5024) Parameter "Sender" not used
/home/riceric/unarchiver-assessment-20260930/peazip/dev/peach.pas(3866,33) Hint: (5024) Parameter "Sender" not used
/home/riceric/unarchiver-assessment-20260930/peazip/dev/peach.pas(69370,15) Hint: (5091) Local variable "s" of a managed type does not seem to be initialized
/home/riceric/unarchiver-assessment-20260930/peazip/dev/peach.pas(69370,13) Hint: (5091) Local variable "dom" of a managed type does not seem to be initialized
/home/riceric/unarchiver-assessment-20260930/peazip/dev/peach.pas(3867,32) Hint: (5024) Parameter "Sender" not used
/home/riceric/unarchiver-assessment-20260930/peazip/dev/peach.pas(3868,32) Hint: (5024) Parameter "Sender" not used
/home/riceric/unarchiver-assessment-20260930/peazip/dev/peach.pas(3869,32) Hint: (5024) Parameter "Sender" not used
/home/riceric/unarchiver-assessment-20260930/peazip/dev/peach.pas(3870,32) Hint: (5024) Parameter "Sender" not used
/home/riceric/unarchiver-assessment-20260930/peazip/dev/peach.pas(3871,32) Hint: (5024) Parameter "Sender" not used
/home/riceric/unarchiver-assessment-20260930/peazip/dev/peach.pas(3872,32) Hint: (5024) Parameter "Sender" not used
/home/riceric/unarchiver-assessment-20260930/peazip/dev/peach.pas(4974,29) Hint: (5024) Parameter "Sender" not used
/home/riceric/unarchiver-assessment-20260930/peazip/dev/peach.pas(4975,29) Hint: (5024) Parameter "Sender" not used
/home/riceric/unarchiver-assessment-20260930/peazip/dev/peach.pas(4976,29) Hint: (5024) Parameter "Sender" not used
/home/riceric/unarchiver-assessment-20260930/peazip/dev/peach.pas(4977,29) Hint: (5024) Parameter "Sender" not used
/home/riceric/unarchiver-assessment-20260930/peazip/dev/peach.pas(4978,29) Hint: (5024) Parameter "Sender" not used
/home/riceric/unarchiver-assessment-20260930/peazip/dev/peach.pas(4979,29) Hint: (5024) Parameter "Sender" not used
/home/riceric/unarchiver-assessment-20260930/peazip/dev/peach.pas(4980,29) Hint: (5024) Parameter "Sender" not used
/home/riceric/unarchiver-assessment-20260930/peazip/dev/peach.pas(4981,29) Hint: (5024) Parameter "Sender" not used
/home/riceric/unarchiver-assessment-20260930/peazip/dev/peach.pas(4982,29) Hint: (5024) Parameter "Sender" not used
/home/riceric/unarchiver-assessment-20260930/peazip/dev/peach.pas(4983,29) Hint: (5024) Parameter "Sender" not used
/home/riceric/unarchiver-assessment-20260930/peazip/dev/peach.pas(4984,29) Hint: (5024) Parameter "Sender" not used
/home/riceric/unarchiver-assessment-20260930/peazip/dev/peach.pas(4985,29) Hint: (5024) Parameter "Sender" not used
/home/riceric/unarchiver-assessment-20260930/peazip/dev/peach.pas(4986,29) Hint: (5024) Parameter "Sender" not used
/home/riceric/unarchiver-assessment-20260930/peazip/dev/peach.pas(4987,29) Hint: (5024) Parameter "Sender" not used
/home/riceric/unarchiver-assessment-20260930/peazip/dev/peach.pas(4988,29) Hint: (5024) Parameter "Sender" not used
/home/riceric/unarchiver-assessment-20260930/peazip/dev/peach.pas(4989,29) Hint: (5024) Parameter "Sender" not used
/home/riceric/unarchiver-assessment-20260930/peazip/dev/peach.pas(4990,28) Hint: (5024) Parameter "Sender" not used
/home/riceric/unarchiver-assessment-20260930/peazip/dev/peach.pas(4991,28) Hint: (5024) Parameter "Sender" not used
/home/riceric/unarchiver-assessment-20260930/peazip/dev/peach.pas(4992,28) Hint: (5024) Parameter "Sender" not used
/home/riceric/unarchiver-assessment-20260930/peazip/dev/peach.pas(4993,28) Hint: (5024) Parameter "Sender" not used
/home/riceric/unarchiver-assessment-20260930/peazip/dev/peach.pas(4994,28) Hint: (5024) Parameter "Sender" not used
/home/riceric/unarchiver-assessment-20260930/peazip/dev/peach.pas(4995,28) Hint: (5024) Parameter "Sender" not used
/home/riceric/unarchiver-assessment-20260930/peazip/dev/peach.pas(4996,28) Hint: (5024) Parameter "Sender" not used
/home/riceric/unarchiver-assessment-20260930/peazip/dev/peach.pas(4997,28) Hint: (5024) Parameter "Sender" not used
/home/riceric/unarchiver-assessment-20260930/peazip/dev/peach.pas(4998,30) Hint: (5024) Parameter "Sender" not used
/home/riceric/unarchiver-assessment-20260930/peazip/dev/peach.pas(4999,35) Hint: (5024) Parameter "Sender" not used
/home/riceric/unarchiver-assessment-20260930/peazip/dev/peach.pas(5000,35) Hint: (5024) Parameter "Sender" not used
/home/riceric/unarchiver-assessment-20260930/peazip/dev/peach.pas(5001,35) Hint: (5024) Parameter "Sender" not used
/home/riceric/unarchiver-assessment-20260930/peazip/dev/peach.pas(5002,34) Hint: (5024) Parameter "Sender" not used
/home/riceric/unarchiver-assessment-20260930/peazip/dev/peach.pas(5003,35) Hint: (5024) Parameter "Sender" not used
/home/riceric/unarchiver-assessment-20260930/peazip/dev/peach.pas(5004,34) Hint: (5024) Parameter "Sender" not used
/home/riceric/unarchiver-assessment-20260930/peazip/dev/peach.pas(5005,35) Hint: (5024) Parameter "Sender" not used
/home/riceric/unarchiver-assessment-20260930/peazip/dev/peach.pas(5006,34) Hint: (5024) Parameter "Sender" not used
/home/riceric/unarchiver-assessment-20260930/peazip/dev/peach.pas(5007,34) Hint: (5024) Parameter "Sender" not used
/home/riceric/unarchiver-assessment-20260930/peazip/dev/peach.pas(5008,31) Hint: (5024) Parameter "Sender" not used
/home/riceric/unarchiver-assessment-20260930/peazip/dev/peach.pas(5094,27) Hint: (5024) Parameter "Sender" not used
/home/riceric/unarchiver-assessment-20260930/peazip/dev/peach.pas(5098,41) Hint: (5024) Parameter "Sender" not used
/home/riceric/unarchiver-assessment-20260930/peazip/dev/peach.pas(3894,39) Hint: (5024) Parameter "Sender" not used
/home/riceric/unarchiver-assessment-20260930/peazip/dev/peach.pas(5100,34) Hint: (5024) Parameter "Sender" not used
/home/riceric/unarchiver-assessment-20260930/peazip/dev/peach.pas(5101,33) Hint: (5024) Parameter "Sender" not used
/home/riceric/unarchiver-assessment-20260930/peazip/dev/peach.pas(5102,31) Hint: (5024) Parameter "Sender" not used
/home/riceric/unarchiver-assessment-20260930/peazip/dev/peach.pas(5141,29) Hint: (5024) Parameter "Sender" not used
/home/riceric/unarchiver-assessment-20260930/peazip/dev/peach.pas(5142,33) Hint: (5024) Parameter "Sender" not used
/home/riceric/unarchiver-assessment-20260930/peazip/dev/peach.pas(5143,33) Hint: (5024) Parameter "Sender" not used
/home/riceric/unarchiver-assessment-20260930/peazip/dev/peach.pas(5144,29) Hint: (5024) Parameter "Sender" not used
/home/riceric/unarchiver-assessment-20260930/peazip/dev/peach.pas(5145,29) Hint: (5024) Parameter "Sender" not used
/home/riceric/unarchiver-assessment-20260930/peazip/dev/peach.pas(5146,29) Hint: (5024) Parameter "Sender" not used
/home/riceric/unarchiver-assessment-20260930/peazip/dev/peach.pas(5147,29) Hint: (5024) Parameter "Sender" not used
/home/riceric/unarchiver-assessment-20260930/peazip/dev/peach.pas(5148,29) Hint: (5024) Parameter "Sender" not used
/home/riceric/unarchiver-assessment-20260930/peazip/dev/peach.pas(5149,29) Hint: (5024) Parameter "Sender" not used
/home/riceric/unarchiver-assessment-20260930/peazip/dev/peach.pas(5150,29) Hint: (5024) Parameter "Sender" not used
/home/riceric/unarchiver-assessment-20260930/peazip/dev/peach.pas(5151,29) Hint: (5024) Parameter "Sender" not used
/home/riceric/unarchiver-assessment-20260930/peazip/dev/peach.pas(5152,28) Hint: (5024) Parameter "Sender" not used
/home/riceric/unarchiver-assessment-20260930/peazip/dev/peach.pas(5153,28) Hint: (5024) Parameter "Sender" not used
/home/riceric/unarchiver-assessment-20260930/peazip/dev/peach.pas(5154,28) Hint: (5024) Parameter "Sender" not used
/home/riceric/unarchiver-assessment-20260930/peazip/dev/peach.pas(5155,28) Hint: (5024) Parameter "Sender" not used
/home/riceric/unarchiver-assessment-20260930/peazip/dev/peach.pas(5156,28) Hint: (5024) Parameter "Sender" not used
/home/riceric/unarchiver-assessment-20260930/peazip/dev/peach.pas(5157,28) Hint: (5024) Parameter "Sender" not used
/home/riceric/unarchiver-assessment-20260930/peazip/dev/peach.pas(5158,28) Hint: (5024) Parameter "Sender" not used
/home/riceric/unarchiver-assessment-20260930/peazip/dev/peach.pas(5159,28) Hint: (5024) Parameter "Sender" not used
/home/riceric/unarchiver-assessment-20260930/peazip/dev/peach.pas(5160,32) Hint: (5024) Parameter "Sender" not used
/home/riceric/unarchiver-assessment-20260930/peazip/dev/peach.pas(5161,32) Hint: (5024) Parameter "Sender" not used
/home/riceric/unarchiver-assessment-20260930/peazip/dev/peach.pas(5162,32) Hint: (5024) Parameter "Sender" not used
/home/riceric/unarchiver-assessment-20260930/peazip/dev/peach.pas(5163,32) Hint: (5024) Parameter "Sender" not used
/home/riceric/unarchiver-assessment-20260930/peazip/dev/peach.pas(5164,32) Hint: (5024) Parameter "Sender" not used
/home/riceric/unarchiver-assessment-20260930/peazip/dev/peach.pas(5165,34) Hint: (5024) Parameter "Sender" not used
/home/riceric/unarchiver-assessment-20260930/peazip/dev/peach.pas(5166,30) Hint: (5024) Parameter "Sender" not used
/home/riceric/unarchiver-assessment-20260930/peazip/dev/peach.pas(5167,30) Hint: (5024) Parameter "Sender" not used
/home/riceric/unarchiver-assessment-20260930/peazip/dev/peach.pas(5168,33) Hint: (5024) Parameter "Sender" not used
/home/riceric/unarchiver-assessment-20260930/peazip/dev/peach.pas(5169,31) Hint: (5024) Parameter "Sender" not used
/home/riceric/unarchiver-assessment-20260930/peazip/dev/peach.pas(4538,34) Hint: (5024) Parameter "Sender" not used
/home/riceric/unarchiver-assessment-20260930/peazip/dev/peach.pas(5170,33) Hint: (5024) Parameter "Sender" not used
/home/riceric/unarchiver-assessment-20260930/peazip/dev/peach.pas(5171,34) Hint: (5024) Parameter "Sender" not used
/home/riceric/unarchiver-assessment-20260930/peazip/dev/peach.pas(4537,34) Hint: (5024) Parameter "Sender" not used
/home/riceric/unarchiver-assessment-20260930/peazip/dev/peach.pas(5172,34) Hint: (5024) Parameter "Sender" not used
/home/riceric/unarchiver-assessment-20260930/peazip/dev/peach.pas(5173,33) Hint: (5024) Parameter "Sender" not used
/home/riceric/unarchiver-assessment-20260930/peazip/dev/peach.pas(5174,36) Hint: (5024) Parameter "Sender" not used
/home/riceric/unarchiver-assessment-20260930/peazip/dev/peach.pas(5185,34) Hint: (5024) Parameter "Sender" not used
/home/riceric/unarchiver-assessment-20260930/peazip/dev/peach.pas(4935,33) Hint: (5024) Parameter "Sender" not used
/home/riceric/unarchiver-assessment-20260930/peazip/dev/peach.pas(4936,32) Hint: (5024) Parameter "Sender" not used
/home/riceric/unarchiver-assessment-20260930/peazip/dev/peach.pas(4937,37) Hint: (5024) Parameter "Sender" not used
/home/riceric/unarchiver-assessment-20260930/peazip/dev/peach.pas(4938,36) Hint: (5024) Parameter "Sender" not used
/home/riceric/unarchiver-assessment-20260930/peazip/dev/peach.pas(4939,38) Hint: (5024) Parameter "Sender" not used
/home/riceric/unarchiver-assessment-20260930/peazip/dev/peach.pas(4940,37) Hint: (5024) Parameter "Sender" not used
/home/riceric/unarchiver-assessment-20260930/peazip/dev/peach.pas(4941,43) Hint: (5024) Parameter "Sender" not used
/home/riceric/unarchiver-assessment-20260930/peazip/dev/peach.pas(4942,38) Hint: (5024) Parameter "Sender" not used
/home/riceric/unarchiver-assessment-20260930/peazip/dev/peach.pas(4943,37) Hint: (5024) Parameter "Sender" not used
/home/riceric/unarchiver-assessment-20260930/peazip/dev/peach.pas(4944,40) Hint: (5024) Parameter "Sender" not used
/home/riceric/unarchiver-assessment-20260930/peazip/dev/peach.pas(4945,39) Hint: (5024) Parameter "Sender" not used
/home/riceric/unarchiver-assessment-20260930/peazip/dev/peach.pas(5186,34) Hint: (5024) Parameter "Sender" not used
/home/riceric/unarchiver-assessment-20260930/peazip/dev/peach.pas(5103,36) Hint: (5024) Parameter "Sender" not used
/home/riceric/unarchiver-assessment-20260930/peazip/dev/peach.pas(69906,7) Warning: (2005) Comment level 2 found
/home/riceric/unarchiver-assessment-20260930/peazip/dev/peach.pas(69911,7) Warning: (2005) Comment level 2 found
/home/riceric/unarchiver-assessment-20260930/peazip/dev/peach.pas(69913,7) Warning: (2005) Comment level 2 found
/home/riceric/unarchiver-assessment-20260930/peazip/dev/peach.pas(4751,38) Hint: (5024) Parameter "Sender" not used
/home/riceric/unarchiver-assessment-20260930/peazip/dev/peach.pas(5104,30) Hint: (5024) Parameter "Sender" not used
/home/riceric/unarchiver-assessment-20260930/peazip/dev/peach.pas(5105,34) Hint: (5024) Parameter "Sender" not used
/home/riceric/unarchiver-assessment-20260930/peazip/dev/peach.pas(5106,34) Hint: (5024) Parameter "Sender" not used
/home/riceric/unarchiver-assessment-20260930/peazip/dev/peach.pas(5107,34) Hint: (5024) Parameter "Sender" not used
/home/riceric/unarchiver-assessment-20260930/peazip/dev/peach.pas(5108,34) Hint: (5024) Parameter "Sender" not used
/home/riceric/unarchiver-assessment-20260930/peazip/dev/peach.pas(5109,34) Hint: (5024) Parameter "Sender" not used
/home/riceric/unarchiver-assessment-20260930/peazip/dev/peach.pas(5110,34) Hint: (5024) Parameter "Sender" not used
/home/riceric/unarchiver-assessment-20260930/peazip/dev/peach.pas(5111,34) Hint: (5024) Parameter "Sender" not used
/home/riceric/unarchiver-assessment-20260930/peazip/dev/peach.pas(5112,33) Hint: (5024) Parameter "Sender" not used
/home/riceric/unarchiver-assessment-20260930/peazip/dev/peach.pas(5113,33) Hint: (5024) Parameter "Sender" not used
/home/riceric/unarchiver-assessment-20260930/peazip/dev/peach.pas(5114,33) Hint: (5024) Parameter "Sender" not used
/home/riceric/unarchiver-assessment-20260930/peazip/dev/peach.pas(5115,33) Hint: (5024) Parameter "Sender" not used
/home/riceric/unarchiver-assessment-20260930/peazip/dev/peach.pas(5116,33) Hint: (5024) Parameter "Sender" not used
/home/riceric/unarchiver-assessment-20260930/peazip/dev/peach.pas(5117,33) Hint: (5024) Parameter "Sender" not used
/home/riceric/unarchiver-assessment-20260930/peazip/dev/peach.pas(5118,33) Hint: (5024) Parameter "Sender" not used
/home/riceric/unarchiver-assessment-20260930/peazip/dev/peach.pas(5119,33) Hint: (5024) Parameter "Sender" not used
/home/riceric/unarchiver-assessment-20260930/peazip/dev/peach.pas(5120,33) Hint: (5024) Parameter "Sender" not used
/home/riceric/unarchiver-assessment-20260930/peazip/dev/peach.pas(5121,34) Hint: (5024) Parameter "Sender" not used
/home/riceric/unarchiver-assessment-20260930/peazip/dev/peach.pas(5122,35) Hint: (5024) Parameter "Sender" not used
/home/riceric/unarchiver-assessment-20260930/peazip/dev/peach.pas(5123,34) Hint: (5024) Parameter "Sender" not used
/home/riceric/unarchiver-assessment-20260930/peazip/dev/peach.pas(5124,35) Hint: (5024) Parameter "Sender" not used
/home/riceric/unarchiver-assessment-20260930/peazip/dev/peach.pas(5125,34) Hint: (5024) Parameter "Sender" not used
/home/riceric/unarchiver-assessment-20260930/peazip/dev/peach.pas(5126,35) Hint: (5024) Parameter "Sender" not used
/home/riceric/unarchiver-assessment-20260930/peazip/dev/peach.pas(5127,34) Hint: (5024) Parameter "Sender" not used
/home/riceric/unarchiver-assessment-20260930/peazip/dev/peach.pas(5128,35) Hint: (5024) Parameter "Sender" not used
/home/riceric/unarchiver-assessment-20260930/peazip/dev/peach.pas(5129,34) Hint: (5024) Parameter "Sender" not used
/home/riceric/unarchiver-assessment-20260930/peazip/dev/peach.pas(5130,35) Hint: (5024) Parameter "Sender" not used
/home/riceric/unarchiver-assessment-20260930/peazip/dev/peach.pas(5131,34) Hint: (5024) Parameter "Sender" not used
/home/riceric/unarchiver-assessment-20260930/peazip/dev/peach.pas(5132,35) Hint: (5024) Parameter "Sender" not used
/home/riceric/unarchiver-assessment-20260930/peazip/dev/peach.pas(5133,34) Hint: (5024) Parameter "Sender" not used
/home/riceric/unarchiver-assessment-20260930/peazip/dev/peach.pas(5134,35) Hint: (5024) Parameter "Sender" not used
/home/riceric/unarchiver-assessment-20260930/peazip/dev/peach.pas(5135,33) Hint: (5024) Parameter "Sender" not used
/home/riceric/unarchiver-assessment-20260930/peazip/dev/peach.pas(5136,34) Hint: (5024) Parameter "Sender" not used
/home/riceric/unarchiver-assessment-20260930/peazip/dev/peach.pas(5138,30) Hint: (5024) Parameter "Sender" not used
/home/riceric/unarchiver-assessment-20260930/peazip/dev/peach.pas(5140,35) Hint: (5024) Parameter "Sender" not used
/home/riceric/unarchiver-assessment-20260930/peazip/dev/peach.pas(5187,35) Hint: (5024) Parameter "Sender" not used
/home/riceric/unarchiver-assessment-20260930/peazip/dev/peach.pas(5009,29) Hint: (5024) Parameter "Sender" not used
/home/riceric/unarchiver-assessment-20260930/peazip/dev/peach.pas(5010,33) Hint: (5024) Parameter "Sender" not used
/home/riceric/unarchiver-assessment-20260930/peazip/dev/peach.pas(5011,30) Hint: (5024) Parameter "Sender" not used
/home/riceric/unarchiver-assessment-20260930/peazip/dev/peach.pas(5012,33) Hint: (5024) Parameter "Sender" not used
/home/riceric/unarchiver-assessment-20260930/peazip/dev/peach.pas(5013,33) Hint: (5024) Parameter "Sender" not used
/home/riceric/unarchiver-assessment-20260930/peazip/dev/peach.pas(5014,31) Hint: (5024) Parameter "Sender" not used
/home/riceric/unarchiver-assessment-20260930/peazip/dev/peach.pas(5015,30) Hint: (5024) Parameter "Sender" not used
/home/riceric/unarchiver-assessment-20260930/peazip/dev/peach.pas(5016,31) Hint: (5024) Parameter "Sender" not used
/home/riceric/unarchiver-assessment-20260930/peazip/dev/peach.pas(5017,29) Hint: (5024) Parameter "Sender" not used
/home/riceric/unarchiver-assessment-20260930/peazip/dev/peach.pas(5018,29) Hint: (5024) Parameter "Sender" not used
/home/riceric/unarchiver-assessment-20260930/peazip/dev/peach.pas(5019,29) Hint: (5024) Parameter "Sender" not used
/home/riceric/unarchiver-assessment-20260930/peazip/dev/peach.pas(5020,29) Hint: (5024) Parameter "Sender" not used
/home/riceric/unarchiver-assessment-20260930/peazip/dev/peach.pas(5021,29) Hint: (5024) Parameter "Sender" not used
/home/riceric/unarchiver-assessment-20260930/peazip/dev/peach.pas(5022,29) Hint: (5024) Parameter "Sender" not used
/home/riceric/unarchiver-assessment-20260930/peazip/dev/peach.pas(5023,29) Hint: (5024) Parameter "Sender" not used
/home/riceric/unarchiver-assessment-20260930/peazip/dev/peach.pas(5024,29) Hint: (5024) Parameter "Sender" not used
/home/riceric/unarchiver-assessment-20260930/peazip/dev/peach.pas(5025,29) Hint: (5024) Parameter "Sender" not used
/home/riceric/unarchiver-assessment-20260930/peazip/dev/peach.pas(5026,29) Hint: (5024) Parameter "Sender" not used
/home/riceric/unarchiver-assessment-20260930/peazip/dev/peach.pas(5027,28) Hint: (5024) Parameter "Sender" not used
/home/riceric/unarchiver-assessment-20260930/peazip/dev/peach.pas(5028,29) Hint: (5024) Parameter "Sender" not used
/home/riceric/unarchiver-assessment-20260930/peazip/dev/peach.pas(5029,29) Hint: (5024) Parameter "Sender" not used
/home/riceric/unarchiver-assessment-20260930/peazip/dev/peach.pas(5030,29) Hint: (5024) Parameter "Sender" not used
/home/riceric/unarchiver-assessment-20260930/peazip/dev/peach.pas(5031,29) Hint: (5024) Parameter "Sender" not used
/home/riceric/unarchiver-assessment-20260930/peazip/dev/peach.pas(5032,29) Hint: (5024) Parameter "Sender" not used
/home/riceric/unarchiver-assessment-20260930/peazip/dev/peach.pas(5033,29) Hint: (5024) Parameter "Sender" not used
/home/riceric/unarchiver-assessment-20260930/peazip/dev/peach.pas(5034,29) Hint: (5024) Parameter "Sender" not used
/home/riceric/unarchiver-assessment-20260930/peazip/dev/peach.pas(5035,28) Hint: (5024) Parameter "Sender" not used
/home/riceric/unarchiver-assessment-20260930/peazip/dev/peach.pas(5036,28) Hint: (5024) Parameter "Sender" not used
/home/riceric/unarchiver-assessment-20260930/peazip/dev/peach.pas(5037,28) Hint: (5024) Parameter "Sender" not used
/home/riceric/unarchiver-assessment-20260930/peazip/dev/peach.pas(5038,28) Hint: (5024) Parameter "Sender" not used
/home/riceric/unarchiver-assessment-20260930/peazip/dev/peach.pas(5039,28) Hint: (5024) Parameter "Sender" not used
/home/riceric/unarchiver-assessment-20260930/peazip/dev/peach.pas(5040,28) Hint: (5024) Parameter "Sender" not used
/home/riceric/unarchiver-assessment-20260930/peazip/dev/peach.pas(5041,28) Hint: (5024) Parameter "Sender" not used
/home/riceric/unarchiver-assessment-20260930/peazip/dev/peach.pas(5042,28) Hint: (5024) Parameter "Sender" not used
/home/riceric/unarchiver-assessment-20260930/peazip/dev/peach.pas(70344,15) Hint: (5091) Local variable "s" of a managed type does not seem to be initialized
/home/riceric/unarchiver-assessment-20260930/peazip/dev/peach.pas(70344,13) Hint: (5091) Local variable "dom" of a managed type does not seem to be initialized
/home/riceric/unarchiver-assessment-20260930/peazip/dev/peach.pas(5189,40) Hint: (5024) Parameter "Sender" not used
/home/riceric/unarchiver-assessment-20260930/peazip/dev/peach.pas(5190,48) Hint: (5024) Parameter "Sender" not used
/home/riceric/unarchiver-assessment-20260930/peazip/dev/peach.pas(5191,41) Hint: (5024) Parameter "Sender" not used
/home/riceric/unarchiver-assessment-20260930/peazip/dev/peach.pas(5192,39) Hint: (5024) Parameter "Sender" not used
/home/riceric/unarchiver-assessment-20260930/peazip/dev/peach.pas(5195,45) Hint: (5024) Parameter "Sender" not used
/home/riceric/unarchiver-assessment-20260930/peazip/dev/peach.pas(5196,46) Hint: (5024) Parameter "Sender" not used
/home/riceric/unarchiver-assessment-20260930/peazip/dev/peach.pas(5197,42) Hint: (5024) Parameter "Sender" not used
/home/riceric/unarchiver-assessment-20260930/peazip/dev/peach.pas(5198,43) Hint: (5024) Parameter "Sender" not used
/home/riceric/unarchiver-assessment-20260930/peazip/dev/peach.pas(5199,27) Hint: (5024) Parameter "Sender" not used
/home/riceric/unarchiver-assessment-20260930/peazip/dev/peach.pas(5200,32) Hint: (5024) Parameter "Sender" not used
/home/riceric/unarchiver-assessment-20260930/peazip/dev/peach.pas(5201,32) Hint: (5024) Parameter "Sender" not used
/home/riceric/unarchiver-assessment-20260930/peazip/dev/peach.pas(5202,32) Hint: (5024) Parameter "Sender" not used
/home/riceric/unarchiver-assessment-20260930/peazip/dev/peach.pas(5203,32) Hint: (5024) Parameter "Sender" not used
/home/riceric/unarchiver-assessment-20260930/peazip/dev/peach.pas(5204,32) Hint: (5024) Parameter "Sender" not used
/home/riceric/unarchiver-assessment-20260930/peazip/dev/peach.pas(5205,32) Hint: (5024) Parameter "Sender" not used
/home/riceric/unarchiver-assessment-20260930/peazip/dev/peach.pas(5206,32) Hint: (5024) Parameter "Sender" not used
/home/riceric/unarchiver-assessment-20260930/peazip/dev/peach.pas(5207,32) Hint: (5024) Parameter "Sender" not used
/home/riceric/unarchiver-assessment-20260930/peazip/dev/peach.pas(5208,32) Hint: (5024) Parameter "Sender" not used
/home/riceric/unarchiver-assessment-20260930/peazip/dev/peach.pas(5209,28) Hint: (5024) Parameter "Sender" not used
/home/riceric/unarchiver-assessment-20260930/peazip/dev/peach.pas(4912,38) Hint: (5024) Parameter "Sender" not used
/home/riceric/unarchiver-assessment-20260930/peazip/dev/peach.pas(5095,45) Hint: (5024) Parameter "Sender" not used
/home/riceric/unarchiver-assessment-20260930/peazip/dev/peach.pas(5096,48) Hint: (5024) Parameter "Sender" not used
/home/riceric/unarchiver-assessment-20260930/peazip/dev/peach.pas(5188,32) Hint: (5024) Parameter "Sender" not used
/home/riceric/unarchiver-assessment-20260930/peazip/dev/peach.pas(5210,37) Hint: (5024) Parameter "Sender" not used
/home/riceric/unarchiver-assessment-20260930/peazip/dev/peach.pas(5211,33) Hint: (5024) Parameter "Sender" not used
/home/riceric/unarchiver-assessment-20260930/peazip/dev/peach.pas(5212,49) Hint: (5024) Parameter "Sender" not used
/home/riceric/unarchiver-assessment-20260930/peazip/dev/peach.pas(5213,44) Hint: (5024) Parameter "Sender" not used
/home/riceric/unarchiver-assessment-20260930/peazip/dev/peach.pas(5214,41) Hint: (5024) Parameter "Sender" not used
/home/riceric/unarchiver-assessment-20260930/peazip/dev/peach.pas(5215,40) Hint: (5024) Parameter "Sender" not used
/home/riceric/unarchiver-assessment-20260930/peazip/dev/peach.pas(5216,35) Hint: (5024) Parameter "Sender" not used
/home/riceric/unarchiver-assessment-20260930/peazip/dev/peach.pas(5217,28) Hint: (5024) Parameter "Sender" not used
/home/riceric/unarchiver-assessment-20260930/peazip/dev/peach.pas(5218,33) Hint: (5024) Parameter "Sender" not used
/home/riceric/unarchiver-assessment-20260930/peazip/dev/peach.pas(5219,36) Hint: (5024) Parameter "Sender" not used
/home/riceric/unarchiver-assessment-20260930/peazip/dev/peach.pas(70618,18) Hint: (5091) Local variable "s" of a managed type does not seem to be initialized
/home/riceric/unarchiver-assessment-20260930/peazip/dev/peach.pas(5220,34) Hint: (5024) Parameter "Sender" not used
/home/riceric/unarchiver-assessment-20260930/peazip/dev/peach.pas(70629,18) Hint: (5091) Local variable "s" of a managed type does not seem to be initialized
/home/riceric/unarchiver-assessment-20260930/peazip/dev/peach.pas(5221,33) Hint: (5024) Parameter "Sender" not used
/home/riceric/unarchiver-assessment-20260930/peazip/dev/peach.pas(70638,15) Hint: (5091) Local variable "s" of a managed type does not seem to be initialized
/home/riceric/unarchiver-assessment-20260930/peazip/dev/peach.pas(70638,13) Hint: (5091) Local variable "dom" of a managed type does not seem to be initialized
/home/riceric/unarchiver-assessment-20260930/peazip/dev/peach.pas(5222,34) Hint: (5024) Parameter "Sender" not used
/home/riceric/unarchiver-assessment-20260930/peazip/dev/peach.pas(5223,26) Hint: (5024) Parameter "Sender" not used
/home/riceric/unarchiver-assessment-20260930/peazip/dev/peach.pas(5224,33) Hint: (5024) Parameter "Sender" not used
/home/riceric/unarchiver-assessment-20260930/peazip/dev/peach.pas(5194,46) Hint: (5024) Parameter "Sender" not used
/home/riceric/unarchiver-assessment-20260930/peazip/dev/peach.pas(5225,42) Hint: (5024) Parameter "Sender" not used
/home/riceric/unarchiver-assessment-20260930/peazip/dev/peach.pas(5226,39) Hint: (5024) Parameter "Sender" not used
/home/riceric/unarchiver-assessment-20260930/peazip/dev/peach.pas(5227,44) Hint: (5024) Parameter "Sender" not used
/home/riceric/unarchiver-assessment-20260930/peazip/dev/peach.pas(5228,46) Hint: (5024) Parameter "Sender" not used
/home/riceric/unarchiver-assessment-20260930/peazip/dev/peach.pas(5229,40) Hint: (5024) Parameter "Sender" not used
/home/riceric/unarchiver-assessment-20260930/peazip/dev/peach.pas(5230,41) Hint: (5024) Parameter "Sender" not used
/home/riceric/unarchiver-assessment-20260930/peazip/dev/peach.pas(5231,33) Hint: (5024) Parameter "Sender" not used
/home/riceric/unarchiver-assessment-20260930/peazip/dev/peach.pas(5232,39) Hint: (5024) Parameter "Sender" not used
/home/riceric/unarchiver-assessment-20260930/peazip/dev/peach.pas(4200,40) Hint: (5024) Parameter "Sender" not used
/home/riceric/unarchiver-assessment-20260930/peazip/dev/peach.pas(5233,30) Hint: (5024) Parameter "Sender" not used
/home/riceric/unarchiver-assessment-20260930/peazip/dev/peach.pas(5234,40) Hint: (5024) Parameter "Sender" not used
/home/riceric/unarchiver-assessment-20260930/peazip/dev/peach.pas(5235,50) Hint: (5024) Parameter "Sender" not used
/home/riceric/unarchiver-assessment-20260930/peazip/dev/peach.pas(5043,34) Hint: (5024) Parameter "Sender" not used
/home/riceric/unarchiver-assessment-20260930/peazip/dev/peach.pas(5044,37) Hint: (5024) Parameter "Sender" not used
/home/riceric/unarchiver-assessment-20260930/peazip/dev/peach.pas(5045,34) Hint: (5024) Parameter "Sender" not used
/home/riceric/unarchiver-assessment-20260930/peazip/dev/peach.pas(5046,35) Hint: (5024) Parameter "Sender" not used
/home/riceric/unarchiver-assessment-20260930/peazip/dev/peach.pas(5047,30) Hint: (5024) Parameter "Sender" not used
/home/riceric/unarchiver-assessment-20260930/peazip/dev/peach.pas(5048,30) Hint: (5024) Parameter "Sender" not used
/home/riceric/unarchiver-assessment-20260930/peazip/dev/peach.pas(5049,30) Hint: (5024) Parameter "Sender" not used
/home/riceric/unarchiver-assessment-20260930/peazip/dev/peach.pas(5050,30) Hint: (5024) Parameter "Sender" not used
/home/riceric/unarchiver-assessment-20260930/peazip/dev/peach.pas(5051,30) Hint: (5024) Parameter "Sender" not used
/home/riceric/unarchiver-assessment-20260930/peazip/dev/peach.pas(5052,30) Hint: (5024) Parameter "Sender" not used
/home/riceric/unarchiver-assessment-20260930/peazip/dev/peach.pas(5053,30) Hint: (5024) Parameter "Sender" not used
/home/riceric/unarchiver-assessment-20260930/peazip/dev/peach.pas(5054,30) Hint: (5024) Parameter "Sender" not used
/home/riceric/unarchiver-assessment-20260930/peazip/dev/peach.pas(5056,40) Hint: (5024) Parameter "Sender" not used
/home/riceric/unarchiver-assessment-20260930/peazip/dev/peach.pas(5057,43) Hint: (5024) Parameter "Sender" not used
/home/riceric/unarchiver-assessment-20260930/peazip/dev/peach.pas(5060,42) Hint: (5024) Parameter "Sender" not used
/home/riceric/unarchiver-assessment-20260930/peazip/dev/peach.pas(5061,42) Hint: (5024) Parameter "Sender" not used
/home/riceric/unarchiver-assessment-20260930/peazip/dev/peach.pas(5062,35) Hint: (5024) Parameter "Sender" not used
/home/riceric/unarchiver-assessment-20260930/peazip/dev/peach.pas(5063,34) Hint: (5024) Parameter "Sender" not used
/home/riceric/unarchiver-assessment-20260930/peazip/dev/peach.pas(5064,39) Hint: (5024) Parameter "Sender" not used
/home/riceric/unarchiver-assessment-20260930/peazip/dev/peach.pas(5065,42) Hint: (5024) Parameter "Sender" not used
/home/riceric/unarchiver-assessment-20260930/peazip/dev/peach.pas(5066,35) Hint: (5024) Parameter "Sender" not used
/home/riceric/unarchiver-assessment-20260930/peazip/dev/peach.pas(5067,34) Hint: (5024) Parameter "Sender" not used
/home/riceric/unarchiver-assessment-20260930/peazip/dev/peach.pas(5068,38) Hint: (5024) Parameter "Sender" not used
/home/riceric/unarchiver-assessment-20260930/peazip/dev/peach.pas(5069,35) Hint: (5024) Parameter "Sender" not used
/home/riceric/unarchiver-assessment-20260930/peazip/dev/peach.pas(5070,30) Hint: (5024) Parameter "Sender" not used
/home/riceric/unarchiver-assessment-20260930/peazip/dev/peach.pas(5071,28) Hint: (5024) Parameter "Sender" not used
/home/riceric/unarchiver-assessment-20260930/peazip/dev/peach.pas(5072,34) Hint: (5024) Parameter "Sender" not used
/home/riceric/unarchiver-assessment-20260930/peazip/dev/peach.pas(5073,34) Hint: (5024) Parameter "Sender" not used
/home/riceric/unarchiver-assessment-20260930/peazip/dev/peach.pas(5074,34) Hint: (5024) Parameter "Sender" not used
/home/riceric/unarchiver-assessment-20260930/peazip/dev/peach.pas(5075,32) Hint: (5024) Parameter "Sender" not used
/home/riceric/unarchiver-assessment-20260930/peazip/dev/peach.pas(5076,32) Hint: (5024) Parameter "Sender" not used
/home/riceric/unarchiver-assessment-20260930/peazip/dev/peach.pas(5077,32) Hint: (5024) Parameter "Sender" not used
/home/riceric/unarchiver-assessment-20260930/peazip/dev/peach.pas(5236,49) Hint: (5024) Parameter "Sender" not used
/home/riceric/unarchiver-assessment-20260930/peazip/dev/peach.pas(5238,32) Hint: (5024) Parameter "Sender" not used
/home/riceric/unarchiver-assessment-20260930/peazip/dev/peach.pas(5239,41) Hint: (5024) Parameter "Sender" not used
/home/riceric/unarchiver-assessment-20260930/peazip/dev/peach.pas(5097,46) Hint: (5024) Parameter "Sender" not used
/home/riceric/unarchiver-assessment-20260930/peazip/dev/peach.pas(5240,27) Hint: (5024) Parameter "Sender" not used
/home/riceric/unarchiver-assessment-20260930/peazip/dev/peach.pas(5241,28) Hint: (5024) Parameter "Sender" not used
/home/riceric/unarchiver-assessment-20260930/peazip/dev/peach.pas(4874,32) Hint: (5024) Parameter "Sender" not used
/home/riceric/unarchiver-assessment-20260930/peazip/dev/peach.pas(4875,32) Hint: (5024) Parameter "Sender" not used
/home/riceric/unarchiver-assessment-20260930/peazip/dev/peach.pas(4876,32) Hint: (5024) Parameter "Sender" not used
/home/riceric/unarchiver-assessment-20260930/peazip/dev/peach.pas(4877,32) Hint: (5024) Parameter "Sender" not used
/home/riceric/unarchiver-assessment-20260930/peazip/dev/peach.pas(4878,32) Hint: (5024) Parameter "Sender" not used
/home/riceric/unarchiver-assessment-20260930/peazip/dev/peach.pas(4879,32) Hint: (5024) Parameter "Sender" not used
/home/riceric/unarchiver-assessment-20260930/peazip/dev/peach.pas(4880,32) Hint: (5024) Parameter "Sender" not used
/home/riceric/unarchiver-assessment-20260930/peazip/dev/peach.pas(4881,32) Hint: (5024) Parameter "Sender" not used
/home/riceric/unarchiver-assessment-20260930/peazip/dev/peach.pas(4882,31) Hint: (5024) Parameter "Sender" not used
/home/riceric/unarchiver-assessment-20260930/peazip/dev/peach.pas(4883,33) Hint: (5024) Parameter "Sender" not used
/home/riceric/unarchiver-assessment-20260930/peazip/dev/peach.pas(4884,32) Hint: (5024) Parameter "Sender" not used
/home/riceric/unarchiver-assessment-20260930/peazip/dev/peach.pas(4885,32) Hint: (5024) Parameter "Sender" not used
/home/riceric/unarchiver-assessment-20260930/peazip/dev/peach.pas(4779,32) Hint: (5024) Parameter "Sender" not used
/home/riceric/unarchiver-assessment-20260930/peazip/dev/peach.pas(4886,40) Hint: (5024) Parameter "Sender" not used
/home/riceric/unarchiver-assessment-20260930/peazip/dev/peach.pas(4887,33) Hint: (5024) Parameter "Sender" not used
/home/riceric/unarchiver-assessment-20260930/peazip/dev/peach.pas(4888,29) Hint: (5024) Parameter "Sender" not used
/home/riceric/unarchiver-assessment-20260930/peazip/dev/peach.pas(4889,32) Hint: (5024) Parameter "Sender" not used
/home/riceric/unarchiver-assessment-20260930/peazip/dev/peach.pas(4890,32) Hint: (5024) Parameter "Sender" not used
/home/riceric/unarchiver-assessment-20260930/peazip/dev/peach.pas(4891,31) Hint: (5024) Parameter "Sender" not used
/home/riceric/unarchiver-assessment-20260930/peazip/dev/peach.pas(4892,32) Hint: (5024) Parameter "Sender" not used
/home/riceric/unarchiver-assessment-20260930/peazip/dev/peach.pas(4893,37) Hint: (5024) Parameter "Sender" not used
/home/riceric/unarchiver-assessment-20260930/peazip/dev/peach.pas(4894,35) Hint: (5024) Parameter "Sender" not used
/home/riceric/unarchiver-assessment-20260930/peazip/dev/peach.pas(4895,37) Hint: (5024) Parameter "Sender" not used
/home/riceric/unarchiver-assessment-20260930/peazip/dev/peach.pas(4896,28) Hint: (5024) Parameter "Sender" not used
/home/riceric/unarchiver-assessment-20260930/peazip/dev/peach.pas(4898,39) Hint: (5024) Parameter "Sender" not used
/home/riceric/unarchiver-assessment-20260930/peazip/dev/peach.pas(4898,56) Hint: (5024) Parameter "Button" not used
/home/riceric/unarchiver-assessment-20260930/peazip/dev/peach.pas(4899,9) Hint: (5024) Parameter "Shift" not used
/home/riceric/unarchiver-assessment-20260930/peazip/dev/peach.pas(4899,29) Hint: (5024) Parameter "X" not used
/home/riceric/unarchiver-assessment-20260930/peazip/dev/peach.pas(4899,32) Hint: (5024) Parameter "Y" not used
/home/riceric/unarchiver-assessment-20260930/peazip/dev/peach.pas(4900,43) Hint: (5024) Parameter "Sender" not used
/home/riceric/unarchiver-assessment-20260930/peazip/dev/peach.pas(4901,9) Hint: (5024) Parameter "Button" not used
/home/riceric/unarchiver-assessment-20260930/peazip/dev/peach.pas(4901,31) Hint: (5024) Parameter "Shift" not used
/home/riceric/unarchiver-assessment-20260930/peazip/dev/peach.pas(4901,51) Hint: (5024) Parameter "X" not used
/home/riceric/unarchiver-assessment-20260930/peazip/dev/peach.pas(4901,54) Hint: (5024) Parameter "Y" not used
/home/riceric/unarchiver-assessment-20260930/peazip/dev/peach.pas(5242,33) Hint: (5024) Parameter "Sender" not used
/home/riceric/unarchiver-assessment-20260930/peazip/dev/peach.pas(5243,33) Hint: (5024) Parameter "Sender" not used
/home/riceric/unarchiver-assessment-20260930/peazip/dev/peach.pas(5244,33) Hint: (5024) Parameter "Sender" not used
/home/riceric/unarchiver-assessment-20260930/peazip/dev/peach.pas(5245,33) Hint: (5024) Parameter "Sender" not used
/home/riceric/unarchiver-assessment-20260930/peazip/dev/peach.pas(5246,33) Hint: (5024) Parameter "Sender" not used
/home/riceric/unarchiver-assessment-20260930/peazip/dev/peach.pas(5247,33) Hint: (5024) Parameter "Sender" not used
/home/riceric/unarchiver-assessment-20260930/peazip/dev/peach.pas(5248,33) Hint: (5024) Parameter "Sender" not used
/home/riceric/unarchiver-assessment-20260930/peazip/dev/peach.pas(5249,32) Hint: (5024) Parameter "Sender" not used
/home/riceric/unarchiver-assessment-20260930/peazip/dev/peach.pas(5250,32) Hint: (5024) Parameter "Sender" not used
/home/riceric/unarchiver-assessment-20260930/peazip/dev/peach.pas(5251,32) Hint: (5024) Parameter "Sender" not used
/home/riceric/unarchiver-assessment-20260930/peazip/dev/peach.pas(5252,32) Hint: (5024) Parameter "Sender" not used
/home/riceric/unarchiver-assessment-20260930/peazip/dev/peach.pas(5253,32) Hint: (5024) Parameter "Sender" not used
/home/riceric/unarchiver-assessment-20260930/peazip/dev/peach.pas(5254,32) Hint: (5024) Parameter "Sender" not used
/home/riceric/unarchiver-assessment-20260930/peazip/dev/peach.pas(5255,32) Hint: (5024) Parameter "Sender" not used
/home/riceric/unarchiver-assessment-20260930/peazip/dev/peach.pas(5256,32) Hint: (5024) Parameter "Sender" not used
/home/riceric/unarchiver-assessment-20260930/peazip/dev/peach.pas(5257,32) Hint: (5024) Parameter "Sender" not used
/home/riceric/unarchiver-assessment-20260930/peazip/dev/peach.pas(71179,18) Hint: (5091) Local variable "s" of a managed type does not seem to be initialized
/home/riceric/unarchiver-assessment-20260930/peazip/dev/peach.pas(5258,30) Hint: (5024) Parameter "Sender" not used
/home/riceric/unarchiver-assessment-20260930/peazip/dev/peach.pas(5259,30) Hint: (5024) Parameter "Sender" not used
/home/riceric/unarchiver-assessment-20260930/peazip/dev/peach.pas(5260,30) Hint: (5024) Parameter "Sender" not used
/home/riceric/unarchiver-assessment-20260930/peazip/dev/peach.pas(5261,30) Hint: (5024) Parameter "Sender" not used
/home/riceric/unarchiver-assessment-20260930/peazip/dev/peach.pas(5262,30) Hint: (5024) Parameter "Sender" not used
/home/riceric/unarchiver-assessment-20260930/peazip/dev/peach.pas(5263,30) Hint: (5024) Parameter "Sender" not used
/home/riceric/unarchiver-assessment-20260930/peazip/dev/peach.pas(5264,30) Hint: (5024) Parameter "Sender" not used
/home/riceric/unarchiver-assessment-20260930/peazip/dev/peach.pas(5265,30) Hint: (5024) Parameter "Sender" not used
/home/riceric/unarchiver-assessment-20260930/peazip/dev/peach.pas(5266,30) Hint: (5024) Parameter "Sender" not used
/home/riceric/unarchiver-assessment-20260930/peazip/dev/peach.pas(5267,30) Hint: (5024) Parameter "Sender" not used
/home/riceric/unarchiver-assessment-20260930/peazip/dev/peach.pas(5268,29) Hint: (5024) Parameter "Sender" not used
/home/riceric/unarchiver-assessment-20260930/peazip/dev/peach.pas(5269,30) Hint: (5024) Parameter "Sender" not used
/home/riceric/unarchiver-assessment-20260930/peazip/dev/peach.pas(5270,30) Hint: (5024) Parameter "Sender" not used
/home/riceric/unarchiver-assessment-20260930/peazip/dev/peach.pas(5271,30) Hint: (5024) Parameter "Sender" not used
/home/riceric/unarchiver-assessment-20260930/peazip/dev/peach.pas(5272,30) Hint: (5024) Parameter "Sender" not used
/home/riceric/unarchiver-assessment-20260930/peazip/dev/peach.pas(5273,30) Hint: (5024) Parameter "Sender" not used
/home/riceric/unarchiver-assessment-20260930/peazip/dev/peach.pas(5274,30) Hint: (5024) Parameter "Sender" not used
/home/riceric/unarchiver-assessment-20260930/peazip/dev/peach.pas(5275,30) Hint: (5024) Parameter "Sender" not used
/home/riceric/unarchiver-assessment-20260930/peazip/dev/peach.pas(5276,29) Hint: (5024) Parameter "Sender" not used
/home/riceric/unarchiver-assessment-20260930/peazip/dev/peach.pas(5277,29) Hint: (5024) Parameter "Sender" not used
/home/riceric/unarchiver-assessment-20260930/peazip/dev/peach.pas(5278,29) Hint: (5024) Parameter "Sender" not used
/home/riceric/unarchiver-assessment-20260930/peazip/dev/peach.pas(5279,29) Hint: (5024) Parameter "Sender" not used
/home/riceric/unarchiver-assessment-20260930/peazip/dev/peach.pas(5280,29) Hint: (5024) Parameter "Sender" not used
/home/riceric/unarchiver-assessment-20260930/peazip/dev/peach.pas(5281,29) Hint: (5024) Parameter "Sender" not used
/home/riceric/unarchiver-assessment-20260930/peazip/dev/peach.pas(5282,29) Hint: (5024) Parameter "Sender" not used
/home/riceric/unarchiver-assessment-20260930/peazip/dev/peach.pas(5283,29) Hint: (5024) Parameter "Sender" not used
/home/riceric/unarchiver-assessment-20260930/peazip/dev/peach.pas(5284,40) Hint: (5024) Parameter "Sender" not used
/home/riceric/unarchiver-assessment-20260930/peazip/dev/peach.pas(4017,35) Hint: (5024) Parameter "Sender" not used
/home/riceric/unarchiver-assessment-20260930/peazip/dev/peach.pas(5285,38) Hint: (5024) Parameter "Sender" not used
/home/riceric/unarchiver-assessment-20260930/peazip/dev/peach.pas(5286,39) Hint: (5024) Parameter "Sender" not used
/home/riceric/unarchiver-assessment-20260930/peazip/dev/peach.pas(5287,41) Hint: (5024) Parameter "Sender" not used
/home/riceric/unarchiver-assessment-20260930/peazip/dev/peach.pas(5296,28) Hint: (5024) Parameter "Sender" not used
/home/riceric/unarchiver-assessment-20260930/peazip/dev/peach.pas(5297,28) Hint: (5024) Parameter "Sender" not used
/home/riceric/unarchiver-assessment-20260930/peazip/dev/peach.pas(5298,28) Hint: (5024) Parameter "Sender" not used
/home/riceric/unarchiver-assessment-20260930/peazip/dev/peach.pas(5299,28) Hint: (5024) Parameter "Sender" not used
/home/riceric/unarchiver-assessment-20260930/peazip/dev/peach.pas(5300,28) Hint: (5024) Parameter "Sender" not used
/home/riceric/unarchiver-assessment-20260930/peazip/dev/peach.pas(5301,28) Hint: (5024) Parameter "Sender" not used
/home/riceric/unarchiver-assessment-20260930/peazip/dev/peach.pas(5302,28) Hint: (5024) Parameter "Sender" not used
/home/riceric/unarchiver-assessment-20260930/peazip/dev/peach.pas(5303,28) Hint: (5024) Parameter "Sender" not used
/home/riceric/unarchiver-assessment-20260930/peazip/dev/peach.pas(5513,29) Hint: (5024) Parameter "Sender" not used
/home/riceric/unarchiver-assessment-20260930/peazip/dev/peach.pas(5514,33) Hint: (5024) Parameter "Sender" not used
/home/riceric/unarchiver-assessment-20260930/peazip/dev/peach.pas(5515,32) Hint: (5024) Parameter "Sender" not used
/home/riceric/unarchiver-assessment-20260930/peazip/dev/peach.pas(5516,30) Hint: (5024) Parameter "Sender" not used
/home/riceric/unarchiver-assessment-20260930/peazip/dev/peach.pas(5517,33) Hint: (5024) Parameter "Sender" not used
/home/riceric/unarchiver-assessment-20260930/peazip/dev/peach.pas(5518,32) Hint: (5024) Parameter "Sender" not used
/home/riceric/unarchiver-assessment-20260930/peazip/dev/peach.pas(5519,37) Hint: (5024) Parameter "Sender" not used
/home/riceric/unarchiver-assessment-20260930/peazip/dev/peach.pas(5520,33) Hint: (5024) Parameter "Sender" not used
/home/riceric/unarchiver-assessment-20260930/peazip/dev/peach.pas(5521,31) Hint: (5024) Parameter "Sender" not used
/home/riceric/unarchiver-assessment-20260930/peazip/dev/peach.pas(5522,31) Hint: (5024) Parameter "Sender" not used
/home/riceric/unarchiver-assessment-20260930/peazip/dev/peach.pas(5523,32) Hint: (5024) Parameter "Sender" not used
/home/riceric/unarchiver-assessment-20260930/peazip/dev/peach.pas(5524,33) Hint: (5024) Parameter "Sender" not used
/home/riceric/unarchiver-assessment-20260930/peazip/dev/peach.pas(5525,31) Hint: (5024) Parameter "Sender" not used
/home/riceric/unarchiver-assessment-20260930/peazip/dev/peach.pas(5526,35) Hint: (5024) Parameter "Sender" not used
/home/riceric/unarchiver-assessment-20260930/peazip/dev/peach.pas(5527,35) Hint: (5024) Parameter "Sender" not used
/home/riceric/unarchiver-assessment-20260930/peazip/dev/peach.pas(5528,33) Hint: (5024) Parameter "Sender" not used
/home/riceric/unarchiver-assessment-20260930/peazip/dev/peach.pas(5529,35) Hint: (5024) Parameter "Sender" not used
/home/riceric/unarchiver-assessment-20260930/peazip/dev/peach.pas(5530,32) Hint: (5024) Parameter "Sender" not used
/home/riceric/unarchiver-assessment-20260930/peazip/dev/peach.pas(5531,31) Hint: (5024) Parameter "Sender" not used
/home/riceric/unarchiver-assessment-20260930/peazip/dev/peach.pas(5532,31) Hint: (5024) Parameter "Sender" not used
/home/riceric/unarchiver-assessment-20260930/peazip/dev/peach.pas(5533,33) Hint: (5024) Parameter "Sender" not used
/home/riceric/unarchiver-assessment-20260930/peazip/dev/peach.pas(5534,34) Hint: (5024) Parameter "Sender" not used
/home/riceric/unarchiver-assessment-20260930/peazip/dev/peach.pas(5535,32) Hint: (5024) Parameter "Sender" not used
/home/riceric/unarchiver-assessment-20260930/peazip/dev/peach.pas(5546,37) Hint: (5024) Parameter "Sender" not used
/home/riceric/unarchiver-assessment-20260930/peazip/dev/peach.pas(5547,36) Hint: (5024) Parameter "Sender" not used
/home/riceric/unarchiver-assessment-20260930/peazip/dev/peach.pas(5548,42) Hint: (5024) Parameter "Sender" not used
/home/riceric/unarchiver-assessment-20260930/peazip/dev/peach.pas(5549,36) Hint: (5024) Parameter "Sender" not used
/home/riceric/unarchiver-assessment-20260930/peazip/dev/peach.pas(5550,42) Hint: (5024) Parameter "Sender" not used
/home/riceric/unarchiver-assessment-20260930/peazip/dev/peach.pas(5551,39) Hint: (5024) Parameter "Sender" not used
/home/riceric/unarchiver-assessment-20260930/peazip/dev/peach.pas(5552,43) Hint: (5024) Parameter "Sender" not used
/home/riceric/unarchiver-assessment-20260930/peazip/dev/peach.pas(5553,40) Hint: (5024) Parameter "Sender" not used
/home/riceric/unarchiver-assessment-20260930/peazip/dev/peach.pas(5554,45) Hint: (5024) Parameter "Sender" not used
/home/riceric/unarchiver-assessment-20260930/peazip/dev/peach.pas(5555,42) Hint: (5024) Parameter "Sender" not used
/home/riceric/unarchiver-assessment-20260930/peazip/dev/peach.pas(5556,42) Hint: (5024) Parameter "Sender" not used
/home/riceric/unarchiver-assessment-20260930/peazip/dev/peach.pas(5557,42) Hint: (5024) Parameter "Sender" not used
/home/riceric/unarchiver-assessment-20260930/peazip/dev/peach.pas(5558,35) Hint: (5024) Parameter "Sender" not used
/home/riceric/unarchiver-assessment-20260930/peazip/dev/peach.pas(5559,31) Hint: (5024) Parameter "Sender" not used
/home/riceric/unarchiver-assessment-20260930/peazip/dev/peach.pas(5560,30) Hint: (5024) Parameter "Sender" not used
/home/riceric/unarchiver-assessment-20260930/peazip/dev/peach.pas(5561,33) Hint: (5024) Parameter "Sender" not used
/home/riceric/unarchiver-assessment-20260930/peazip/dev/peach.pas(5304,34) Hint: (5024) Parameter "Sender" not used
/home/riceric/unarchiver-assessment-20260930/peazip/dev/peach.pas(5305,32) Hint: (5024) Parameter "Sender" not used
/home/riceric/unarchiver-assessment-20260930/peazip/dev/peach.pas(5306,32) Hint: (5024) Parameter "Sender" not used
/home/riceric/unarchiver-assessment-20260930/peazip/dev/peach.pas(5308,32) Hint: (5024) Parameter "Sender" not used
/home/riceric/unarchiver-assessment-20260930/peazip/dev/peach.pas(5312,27) Hint: (5024) Parameter "Sender" not used
/home/riceric/unarchiver-assessment-20260930/peazip/dev/peach.pas(5313,28) Hint: (5024) Parameter "Sender" not used
/home/riceric/unarchiver-assessment-20260930/peazip/dev/peach.pas(5314,28) Hint: (5024) Parameter "Sender" not used
/home/riceric/unarchiver-assessment-20260930/peazip/dev/peach.pas(5315,28) Hint: (5024) Parameter "Sender" not used
/home/riceric/unarchiver-assessment-20260930/peazip/dev/peach.pas(5316,28) Hint: (5024) Parameter "Sender" not used
/home/riceric/unarchiver-assessment-20260930/peazip/dev/peach.pas(5317,28) Hint: (5024) Parameter "Sender" not used
/home/riceric/unarchiver-assessment-20260930/peazip/dev/peach.pas(5318,28) Hint: (5024) Parameter "Sender" not used
/home/riceric/unarchiver-assessment-20260930/peazip/dev/peach.pas(5319,28) Hint: (5024) Parameter "Sender" not used
/home/riceric/unarchiver-assessment-20260930/peazip/dev/peach.pas(5320,28) Hint: (5024) Parameter "Sender" not used
/home/riceric/unarchiver-assessment-20260930/peazip/dev/peach.pas(5321,28) Hint: (5024) Parameter "Sender" not used
/home/riceric/unarchiver-assessment-20260930/peazip/dev/peach.pas(5322,31) Hint: (5024) Parameter "Sender" not used
/home/riceric/unarchiver-assessment-20260930/peazip/dev/peach.pas(5323,29) Hint: (5024) Parameter "Sender" not used
/home/riceric/unarchiver-assessment-20260930/peazip/dev/peach.pas(5324,29) Hint: (5024) Parameter "Sender" not used
/home/riceric/unarchiver-assessment-20260930/peazip/dev/peach.pas(5325,29) Hint: (5024) Parameter "Sender" not used
/home/riceric/unarchiver-assessment-20260930/peazip/dev/peach.pas(5326,29) Hint: (5024) Parameter "Sender" not used
/home/riceric/unarchiver-assessment-20260930/peazip/dev/peach.pas(5327,29) Hint: (5024) Parameter "Sender" not used
/home/riceric/unarchiver-assessment-20260930/peazip/dev/peach.pas(5328,29) Hint: (5024) Parameter "Sender" not used
/home/riceric/unarchiver-assessment-20260930/peazip/dev/peach.pas(5329,29) Hint: (5024) Parameter "Sender" not used
/home/riceric/unarchiver-assessment-20260930/peazip/dev/peach.pas(5330,29) Hint: (5024) Parameter "Sender" not used
/home/riceric/unarchiver-assessment-20260930/peazip/dev/peach.pas(5331,29) Hint: (5024) Parameter "Sender" not used
/home/riceric/unarchiver-assessment-20260930/peazip/dev/peach.pas(5332,29) Hint: (5024) Parameter "Sender" not used
/home/riceric/unarchiver-assessment-20260930/peazip/dev/peach.pas(5333,28) Hint: (5024) Parameter "Sender" not used
/home/riceric/unarchiver-assessment-20260930/peazip/dev/peach.pas(5334,29) Hint: (5024) Parameter "Sender" not used
/home/riceric/unarchiver-assessment-20260930/peazip/dev/peach.pas(5335,29) Hint: (5024) Parameter "Sender" not used
/home/riceric/unarchiver-assessment-20260930/peazip/dev/peach.pas(5336,29) Hint: (5024) Parameter "Sender" not used
/home/riceric/unarchiver-assessment-20260930/peazip/dev/peach.pas(5337,29) Hint: (5024) Parameter "Sender" not used
/home/riceric/unarchiver-assessment-20260930/peazip/dev/peach.pas(5338,29) Hint: (5024) Parameter "Sender" not used
/home/riceric/unarchiver-assessment-20260930/peazip/dev/peach.pas(5339,28) Hint: (5024) Parameter "Sender" not used
/home/riceric/unarchiver-assessment-20260930/peazip/dev/peach.pas(5340,28) Hint: (5024) Parameter "Sender" not used
/home/riceric/unarchiver-assessment-20260930/peazip/dev/peach.pas(5341,28) Hint: (5024) Parameter "Sender" not used
/home/riceric/unarchiver-assessment-20260930/peazip/dev/peach.pas(5342,28) Hint: (5024) Parameter "Sender" not used
/home/riceric/unarchiver-assessment-20260930/peazip/dev/peach.pas(5343,28) Hint: (5024) Parameter "Sender" not used
/home/riceric/unarchiver-assessment-20260930/peazip/dev/peach.pas(5344,28) Hint: (5024) Parameter "Sender" not used
/home/riceric/unarchiver-assessment-20260930/peazip/dev/peach.pas(5345,28) Hint: (5024) Parameter "Sender" not used
/home/riceric/unarchiver-assessment-20260930/peazip/dev/peach.pas(5346,28) Hint: (5024) Parameter "Sender" not used
/home/riceric/unarchiver-assessment-20260930/peazip/dev/peach.pas(5562,43) Hint: (5024) Parameter "Sender" not used
/home/riceric/unarchiver-assessment-20260930/peazip/dev/peach.pas(5563,43) Hint: (5024) Parameter "Sender" not used
/home/riceric/unarchiver-assessment-20260930/peazip/dev/peach.pas(5564,40) Hint: (5024) Parameter "Sender" not used
/home/riceric/unarchiver-assessment-20260930/peazip/dev/peach.pas(5565,43) Hint: (5024) Parameter "Sender" not used
/home/riceric/unarchiver-assessment-20260930/peazip/dev/peach.pas(5566,32) Hint: (5024) Parameter "Sender" not used
/home/riceric/unarchiver-assessment-20260930/peazip/dev/peach.pas(71862,4) Note: (5025) Local variable "isel" not used
/home/riceric/unarchiver-assessment-20260930/peazip/dev/peach.pas(71863,4) Note: (5025) Local variable "iname" not used
/home/riceric/unarchiver-assessment-20260930/peazip/dev/peach.pas(5193,38) Hint: (5024) Parameter "Sender" not used
/home/riceric/unarchiver-assessment-20260930/peazip/dev/peach.pas(5388,28) Hint: (5024) Parameter "Sender" not used
/home/riceric/unarchiver-assessment-20260930/peazip/dev/peach.pas(5389,28) Hint: (5024) Parameter "Sender" not used
/home/riceric/unarchiver-assessment-20260930/peazip/dev/peach.pas(5390,28) Hint: (5024) Parameter "Sender" not used
/home/riceric/unarchiver-assessment-20260930/peazip/dev/peach.pas(5391,28) Hint: (5024) Parameter "Sender" not used
/home/riceric/unarchiver-assessment-20260930/peazip/dev/peach.pas(5392,28) Hint: (5024) Parameter "Sender" not used
/home/riceric/unarchiver-assessment-20260930/peazip/dev/peach.pas(5393,28) Hint: (5024) Parameter "Sender" not used
/home/riceric/unarchiver-assessment-20260930/peazip/dev/peach.pas(5394,28) Hint: (5024) Parameter "Sender" not used
/home/riceric/unarchiver-assessment-20260930/peazip/dev/peach.pas(5395,28) Hint: (5024) Parameter "Sender" not used
/home/riceric/unarchiver-assessment-20260930/peazip/dev/peach.pas(5396,28) Hint: (5024) Parameter "Sender" not used
/home/riceric/unarchiver-assessment-20260930/peazip/dev/peach.pas(5397,28) Hint: (5024) Parameter "Sender" not used
/home/riceric/unarchiver-assessment-20260930/peazip/dev/peach.pas(5398,27) Hint: (5024) Parameter "Sender" not used
/home/riceric/unarchiver-assessment-20260930/peazip/dev/peach.pas(5399,28) Hint: (5024) Parameter "Sender" not used
/home/riceric/unarchiver-assessment-20260930/peazip/dev/peach.pas(5400,28) Hint: (5024) Parameter "Sender" not used
/home/riceric/unarchiver-assessment-20260930/peazip/dev/peach.pas(5401,28) Hint: (5024) Parameter "Sender" not used
/home/riceric/unarchiver-assessment-20260930/peazip/dev/peach.pas(5402,28) Hint: (5024) Parameter "Sender" not used
/home/riceric/unarchiver-assessment-20260930/peazip/dev/peach.pas(5403,27) Hint: (5024) Parameter "Sender" not used
/home/riceric/unarchiver-assessment-20260930/peazip/dev/peach.pas(5404,27) Hint: (5024) Parameter "Sender" not used
/home/riceric/unarchiver-assessment-20260930/peazip/dev/peach.pas(5405,27) Hint: (5024) Parameter "Sender" not used
/home/riceric/unarchiver-assessment-20260930/peazip/dev/peach.pas(5406,27) Hint: (5024) Parameter "Sender" not used
/home/riceric/unarchiver-assessment-20260930/peazip/dev/peach.pas(5407,27) Hint: (5024) Parameter "Sender" not used
/home/riceric/unarchiver-assessment-20260930/peazip/dev/peach.pas(5408,27) Hint: (5024) Parameter "Sender" not used
/home/riceric/unarchiver-assessment-20260930/peazip/dev/peach.pas(5409,27) Hint: (5024) Parameter "Sender" not used
/home/riceric/unarchiver-assessment-20260930/peazip/dev/peach.pas(5410,27) Hint: (5024) Parameter "Sender" not used
/home/riceric/unarchiver-assessment-20260930/peazip/dev/peach.pas(5411,29) Hint: (5024) Parameter "Sender" not used
/home/riceric/unarchiver-assessment-20260930/peazip/dev/peach.pas(5412,29) Hint: (5024) Parameter "Sender" not used
/home/riceric/unarchiver-assessment-20260930/peazip/dev/peach.pas(5413,29) Hint: (5024) Parameter "Sender" not used
/home/riceric/unarchiver-assessment-20260930/peazip/dev/peach.pas(5414,29) Hint: (5024) Parameter "Sender" not used
/home/riceric/unarchiver-assessment-20260930/peazip/dev/peach.pas(5415,29) Hint: (5024) Parameter "Sender" not used
/home/riceric/unarchiver-assessment-20260930/peazip/dev/peach.pas(5416,29) Hint: (5024) Parameter "Sender" not used
/home/riceric/unarchiver-assessment-20260930/peazip/dev/peach.pas(5417,29) Hint: (5024) Parameter "Sender" not used
/home/riceric/unarchiver-assessment-20260930/peazip/dev/peach.pas(5418,29) Hint: (5024) Parameter "Sender" not used
/home/riceric/unarchiver-assessment-20260930/peazip/dev/peach.pas(5419,29) Hint: (5024) Parameter "Sender" not used
/home/riceric/unarchiver-assessment-20260930/peazip/dev/peach.pas(5420,29) Hint: (5024) Parameter "Sender" not used
/home/riceric/unarchiver-assessment-20260930/peazip/dev/peach.pas(5421,28) Hint: (5024) Parameter "Sender" not used
/home/riceric/unarchiver-assessment-20260930/peazip/dev/peach.pas(5422,29) Hint: (5024) Parameter "Sender" not used
/home/riceric/unarchiver-assessment-20260930/peazip/dev/peach.pas(5423,29) Hint: (5024) Parameter "Sender" not used
/home/riceric/unarchiver-assessment-20260930/peazip/dev/peach.pas(5424,29) Hint: (5024) Parameter "Sender" not used
/home/riceric/unarchiver-assessment-20260930/peazip/dev/peach.pas(5425,29) Hint: (5024) Parameter "Sender" not used
/home/riceric/unarchiver-assessment-20260930/peazip/dev/peach.pas(5426,28) Hint: (5024) Parameter "Sender" not used
/home/riceric/unarchiver-assessment-20260930/peazip/dev/peach.pas(5427,28) Hint: (5024) Parameter "Sender" not used
/home/riceric/unarchiver-assessment-20260930/peazip/dev/peach.pas(5428,28) Hint: (5024) Parameter "Sender" not used
/home/riceric/unarchiver-assessment-20260930/peazip/dev/peach.pas(5429,28) Hint: (5024) Parameter "Sender" not used
/home/riceric/unarchiver-assessment-20260930/peazip/dev/peach.pas(5430,28) Hint: (5024) Parameter "Sender" not used
/home/riceric/unarchiver-assessment-20260930/peazip/dev/peach.pas(5431,28) Hint: (5024) Parameter "Sender" not used
/home/riceric/unarchiver-assessment-20260930/peazip/dev/peach.pas(5432,28) Hint: (5024) Parameter "Sender" not used
/home/riceric/unarchiver-assessment-20260930/peazip/dev/peach.pas(5433,28) Hint: (5024) Parameter "Sender" not used
/home/riceric/unarchiver-assessment-20260930/peazip/dev/peach.pas(5434,27) Hint: (5024) Parameter "Sender" not used
/home/riceric/unarchiver-assessment-20260930/peazip/dev/peach.pas(5435,27) Hint: (5024) Parameter "Sender" not used
/home/riceric/unarchiver-assessment-20260930/peazip/dev/peach.pas(5436,27) Hint: (5024) Parameter "Sender" not used
/home/riceric/unarchiver-assessment-20260930/peazip/dev/peach.pas(5437,27) Hint: (5024) Parameter "Sender" not used
/home/riceric/unarchiver-assessment-20260930/peazip/dev/peach.pas(5438,27) Hint: (5024) Parameter "Sender" not used
/home/riceric/unarchiver-assessment-20260930/peazip/dev/peach.pas(5439,27) Hint: (5024) Parameter "Sender" not used
/home/riceric/unarchiver-assessment-20260930/peazip/dev/peach.pas(5440,27) Hint: (5024) Parameter "Sender" not used
/home/riceric/unarchiver-assessment-20260930/peazip/dev/peach.pas(5441,27) Hint: (5024) Parameter "Sender" not used
/home/riceric/unarchiver-assessment-20260930/peazip/dev/peach.pas(5442,28) Hint: (5024) Parameter "Sender" not used
/home/riceric/unarchiver-assessment-20260930/peazip/dev/peach.pas(5443,28) Hint: (5024) Parameter "Sender" not used
/home/riceric/unarchiver-assessment-20260930/peazip/dev/peach.pas(5444,28) Hint: (5024) Parameter "Sender" not used
/home/riceric/unarchiver-assessment-20260930/peazip/dev/peach.pas(5445,28) Hint: (5024) Parameter "Sender" not used
/home/riceric/unarchiver-assessment-20260930/peazip/dev/peach.pas(5446,28) Hint: (5024) Parameter "Sender" not used
/home/riceric/unarchiver-assessment-20260930/peazip/dev/peach.pas(5447,28) Hint: (5024) Parameter "Sender" not used
/home/riceric/unarchiver-assessment-20260930/peazip/dev/peach.pas(5448,28) Hint: (5024) Parameter "Sender" not used
/home/riceric/unarchiver-assessment-20260930/peazip/dev/peach.pas(5449,28) Hint: (5024) Parameter "Sender" not used
/home/riceric/unarchiver-assessment-20260930/peazip/dev/peach.pas(5450,27) Hint: (5024) Parameter "Sender" not used
/home/riceric/unarchiver-assessment-20260930/peazip/dev/peach.pas(5451,27) Hint: (5024) Parameter "Sender" not used
/home/riceric/unarchiver-assessment-20260930/peazip/dev/peach.pas(5452,27) Hint: (5024) Parameter "Sender" not used
/home/riceric/unarchiver-assessment-20260930/peazip/dev/peach.pas(5453,27) Hint: (5024) Parameter "Sender" not used
/home/riceric/unarchiver-assessment-20260930/peazip/dev/peach.pas(5454,27) Hint: (5024) Parameter "Sender" not used
/home/riceric/unarchiver-assessment-20260930/peazip/dev/peach.pas(5455,27) Hint: (5024) Parameter "Sender" not used
/home/riceric/unarchiver-assessment-20260930/peazip/dev/peach.pas(5456,27) Hint: (5024) Parameter "Sender" not used
/home/riceric/unarchiver-assessment-20260930/peazip/dev/peach.pas(5457,27) Hint: (5024) Parameter "Sender" not used
/home/riceric/unarchiver-assessment-20260930/peazip/dev/peach.pas(5458,28) Hint: (5024) Parameter "Sender" not used
/home/riceric/unarchiver-assessment-20260930/peazip/dev/peach.pas(5459,28) Hint: (5024) Parameter "Sender" not used
/home/riceric/unarchiver-assessment-20260930/peazip/dev/peach.pas(5460,28) Hint: (5024) Parameter "Sender" not used
/home/riceric/unarchiver-assessment-20260930/peazip/dev/peach.pas(5461,28) Hint: (5024) Parameter "Sender" not used
/home/riceric/unarchiver-assessment-20260930/peazip/dev/peach.pas(5462,28) Hint: (5024) Parameter "Sender" not used
/home/riceric/unarchiver-assessment-20260930/peazip/dev/peach.pas(5463,28) Hint: (5024) Parameter "Sender" not used
/home/riceric/unarchiver-assessment-20260930/peazip/dev/peach.pas(5464,28) Hint: (5024) Parameter "Sender" not used
/home/riceric/unarchiver-assessment-20260930/peazip/dev/peach.pas(5465,28) Hint: (5024) Parameter "Sender" not used
/home/riceric/unarchiver-assessment-20260930/peazip/dev/peach.pas(5466,30) Hint: (5024) Parameter "Sender" not used
/home/riceric/unarchiver-assessment-20260930/peazip/dev/peach.pas(5467,30) Hint: (5024) Parameter "Sender" not used
/home/riceric/unarchiver-assessment-20260930/peazip/dev/peach.pas(5468,30) Hint: (5024) Parameter "Sender" not used
/home/riceric/unarchiver-assessment-20260930/peazip/dev/peach.pas(5469,30) Hint: (5024) Parameter "Sender" not used
/home/riceric/unarchiver-assessment-20260930/peazip/dev/peach.pas(5470,30) Hint: (5024) Parameter "Sender" not used
/home/riceric/unarchiver-assessment-20260930/peazip/dev/peach.pas(5471,30) Hint: (5024) Parameter "Sender" not used
/home/riceric/unarchiver-assessment-20260930/peazip/dev/peach.pas(5472,30) Hint: (5024) Parameter "Sender" not used
/home/riceric/unarchiver-assessment-20260930/peazip/dev/peach.pas(72332,4) Note: (5025) Local variable "s" not used
/home/riceric/unarchiver-assessment-20260930/peazip/dev/peach.pas(5473,30) Hint: (5024) Parameter "Sender" not used
/home/riceric/unarchiver-assessment-20260930/peazip/dev/peach.pas(5474,30) Hint: (5024) Parameter "Sender" not used
/home/riceric/unarchiver-assessment-20260930/peazip/dev/peach.pas(5475,30) Hint: (5024) Parameter "Sender" not used
/home/riceric/unarchiver-assessment-20260930/peazip/dev/peach.pas(5476,29) Hint: (5024) Parameter "Sender" not used
/home/riceric/unarchiver-assessment-20260930/peazip/dev/peach.pas(5477,30) Hint: (5024) Parameter "Sender" not used
/home/riceric/unarchiver-assessment-20260930/peazip/dev/peach.pas(5478,30) Hint: (5024) Parameter "Sender" not used
/home/riceric/unarchiver-assessment-20260930/peazip/dev/peach.pas(5479,30) Hint: (5024) Parameter "Sender" not used
/home/riceric/unarchiver-assessment-20260930/peazip/dev/peach.pas(5480,30) Hint: (5024) Parameter "Sender" not used
/home/riceric/unarchiver-assessment-20260930/peazip/dev/peach.pas(5481,30) Hint: (5024) Parameter "Sender" not used
/home/riceric/unarchiver-assessment-20260930/peazip/dev/peach.pas(5482,30) Hint: (5024) Parameter "Sender" not used
/home/riceric/unarchiver-assessment-20260930/peazip/dev/peach.pas(5483,30) Hint: (5024) Parameter "Sender" not used
/home/riceric/unarchiver-assessment-20260930/peazip/dev/peach.pas(5484,29) Hint: (5024) Parameter "Sender" not used
/home/riceric/unarchiver-assessment-20260930/peazip/dev/peach.pas(5485,29) Hint: (5024) Parameter "Sender" not used
/home/riceric/unarchiver-assessment-20260930/peazip/dev/peach.pas(5486,29) Hint: (5024) Parameter "Sender" not used
/home/riceric/unarchiver-assessment-20260930/peazip/dev/peach.pas(5487,29) Hint: (5024) Parameter "Sender" not used
/home/riceric/unarchiver-assessment-20260930/peazip/dev/peach.pas(5488,29) Hint: (5024) Parameter "Sender" not used
/home/riceric/unarchiver-assessment-20260930/peazip/dev/peach.pas(5489,29) Hint: (5024) Parameter "Sender" not used
/home/riceric/unarchiver-assessment-20260930/peazip/dev/peach.pas(5490,29) Hint: (5024) Parameter "Sender" not used
/home/riceric/unarchiver-assessment-20260930/peazip/dev/peach.pas(5491,29) Hint: (5024) Parameter "Sender" not used
/home/riceric/unarchiver-assessment-20260930/peazip/dev/peach.pas(5492,32) Hint: (5024) Parameter "Sender" not used
/home/riceric/unarchiver-assessment-20260930/peazip/dev/peach.pas(5493,34) Hint: (5024) Parameter "Sender" not used
/home/riceric/unarchiver-assessment-20260930/peazip/dev/peach.pas(5494,34) Hint: (5024) Parameter "Sender" not used
/home/riceric/unarchiver-assessment-20260930/peazip/dev/peach.pas(5495,34) Hint: (5024) Parameter "Sender" not used
/home/riceric/unarchiver-assessment-20260930/peazip/dev/peach.pas(5496,34) Hint: (5024) Parameter "Sender" not used
/home/riceric/unarchiver-assessment-20260930/peazip/dev/peach.pas(5497,34) Hint: (5024) Parameter "Sender" not used
/home/riceric/unarchiver-assessment-20260930/peazip/dev/peach.pas(5498,34) Hint: (5024) Parameter "Sender" not used
/home/riceric/unarchiver-assessment-20260930/peazip/dev/peach.pas(5499,34) Hint: (5024) Parameter "Sender" not used
/home/riceric/unarchiver-assessment-20260930/peazip/dev/peach.pas(5500,33) Hint: (5024) Parameter "Sender" not used
/home/riceric/unarchiver-assessment-20260930/peazip/dev/peach.pas(5501,33) Hint: (5024) Parameter "Sender" not used
/home/riceric/unarchiver-assessment-20260930/peazip/dev/peach.pas(5502,33) Hint: (5024) Parameter "Sender" not used
/home/riceric/unarchiver-assessment-20260930/peazip/dev/peach.pas(5503,33) Hint: (5024) Parameter "Sender" not used
/home/riceric/unarchiver-assessment-20260930/peazip/dev/peach.pas(5504,33) Hint: (5024) Parameter "Sender" not used
/home/riceric/unarchiver-assessment-20260930/peazip/dev/peach.pas(5505,33) Hint: (5024) Parameter "Sender" not used
/home/riceric/unarchiver-assessment-20260930/peazip/dev/peach.pas(5506,33) Hint: (5024) Parameter "Sender" not used
/home/riceric/unarchiver-assessment-20260930/peazip/dev/peach.pas(5507,33) Hint: (5024) Parameter "Sender" not used
/home/riceric/unarchiver-assessment-20260930/peazip/dev/peach.pas(5175,35) Hint: (5024) Parameter "Sender" not used
/home/riceric/unarchiver-assessment-20260930/peazip/dev/peach.pas(5176,35) Hint: (5024) Parameter "Sender" not used
/home/riceric/unarchiver-assessment-20260930/peazip/dev/peach.pas(5177,35) Hint: (5024) Parameter "Sender" not used
/home/riceric/unarchiver-assessment-20260930/peazip/dev/peach.pas(5178,35) Hint: (5024) Parameter "Sender" not used
/home/riceric/unarchiver-assessment-20260930/peazip/dev/peach.pas(5179,35) Hint: (5024) Parameter "Sender" not used
/home/riceric/unarchiver-assessment-20260930/peazip/dev/peach.pas(5180,35) Hint: (5024) Parameter "Sender" not used
/home/riceric/unarchiver-assessment-20260930/peazip/dev/peach.pas(5181,35) Hint: (5024) Parameter "Sender" not used
/home/riceric/unarchiver-assessment-20260930/peazip/dev/peach.pas(5182,34) Hint: (5024) Parameter "Sender" not used
/home/riceric/unarchiver-assessment-20260930/peazip/dev/peach.pas(5183,34) Hint: (5024) Parameter "Sender" not used
/home/riceric/unarchiver-assessment-20260930/peazip/dev/peach.pas(5508,33) Hint: (5024) Parameter "Sender" not used
/home/riceric/unarchiver-assessment-20260930/peazip/dev/peach.pas(5509,34) Hint: (5024) Parameter "Sender" not used
/home/riceric/unarchiver-assessment-20260930/peazip/dev/peach.pas(5510,40) Hint: (5024) Parameter "Sender" not used
/home/riceric/unarchiver-assessment-20260930/peazip/dev/peach.pas(5511,33) Hint: (5024) Parameter "Sender" not used
/home/riceric/unarchiver-assessment-20260930/peazip/dev/peach.pas(5567,42) Hint: (5024) Parameter "Sender" not used
/home/riceric/unarchiver-assessment-20260930/peazip/dev/peach.pas(5568,36) Hint: (5024) Parameter "Sender" not used
/home/riceric/unarchiver-assessment-20260930/peazip/dev/peach.pas(5569,45) Hint: (5024) Parameter "Sender" not used
/home/riceric/unarchiver-assessment-20260930/peazip/dev/peach.pas(5570,35) Hint: (5024) Parameter "Sender" not used
/home/riceric/unarchiver-assessment-20260930/peazip/dev/peach.pas(5571,41) Hint: (5024) Parameter "Sender" not used
/home/riceric/unarchiver-assessment-20260930/peazip/dev/peach.pas(5572,40) Hint: (5024) Parameter "Sender" not used
/home/riceric/unarchiver-assessment-20260930/peazip/dev/peach.pas(5573,38) Hint: (5024) Parameter "Sender" not used
/home/riceric/unarchiver-assessment-20260930/peazip/dev/peach.pas(5574,40) Hint: (5024) Parameter "Sender" not used
/home/riceric/unarchiver-assessment-20260930/peazip/dev/peach.pas(72652,24) Hint: (5091) Local variable "s" of a managed type does not seem to be initialized
/home/riceric/unarchiver-assessment-20260930/peazip/dev/peach.pas(5575,40) Hint: (5024) Parameter "Sender" not used
/home/riceric/unarchiver-assessment-20260930/peazip/dev/peach.pas(5576,43) Hint: (5024) Parameter "Sender" not used
/home/riceric/unarchiver-assessment-20260930/peazip/dev/peach.pas(5577,42) Hint: (5024) Parameter "Sender" not used
/home/riceric/unarchiver-assessment-20260930/peazip/dev/peach.pas(5578,39) Hint: (5024) Parameter "Sender" not used
/home/riceric/unarchiver-assessment-20260930/peazip/dev/peach.pas(5579,40) Hint: (5024) Parameter "Sender" not used
/home/riceric/unarchiver-assessment-20260930/peazip/dev/peach.pas(5580,31) Hint: (5024) Parameter "Sender" not used
/home/riceric/unarchiver-assessment-20260930/peazip/dev/peach.pas(5581,40) Hint: (5024) Parameter "Sender" not used
/home/riceric/unarchiver-assessment-20260930/peazip/dev/peach.pas(5582,40) Hint: (5024) Parameter "Sender" not used
/home/riceric/unarchiver-assessment-20260930/peazip/dev/peach.pas(5583,41) Hint: (5024) Parameter "Sender" not used
/home/riceric/unarchiver-assessment-20260930/peazip/dev/peach.pas(5584,38) Hint: (5024) Parameter "Sender" not used
/home/riceric/unarchiver-assessment-20260930/peazip/dev/peach.pas(5585,38) Hint: (5024) Parameter "Sender" not used
/home/riceric/unarchiver-assessment-20260930/peazip/dev/peach.pas(5586,40) Hint: (5024) Parameter "Sender" not used
/home/riceric/unarchiver-assessment-20260930/peazip/dev/peach.pas(5587,41) Hint: (5024) Parameter "Sender" not used
/home/riceric/unarchiver-assessment-20260930/peazip/dev/peach.pas(5588,37) Hint: (5024) Parameter "Sender" not used
/home/riceric/unarchiver-assessment-20260930/peazip/dev/peach.pas(5589,35) Hint: (5024) Parameter "Sender" not used
/home/riceric/unarchiver-assessment-20260930/peazip/dev/peach.pas(5590,31) Hint: (5024) Parameter "Sender" not used
/home/riceric/unarchiver-assessment-20260930/peazip/dev/peach.pas(5591,30) Hint: (5024) Parameter "Sender" not used
/home/riceric/unarchiver-assessment-20260930/peazip/dev/peach.pas(5592,29) Hint: (5024) Parameter "Sender" not used
/home/riceric/unarchiver-assessment-20260930/peazip/dev/peach.pas(5593,28) Hint: (5024) Parameter "Sender" not used
/home/riceric/unarchiver-assessment-20260930/peazip/dev/peach.pas(4110,26) Hint: (5024) Parameter "Sender" not used
/home/riceric/unarchiver-assessment-20260930/peazip/dev/peach.pas(4111,34) Hint: (5024) Parameter "Sender" not used
/home/riceric/unarchiver-assessment-20260930/peazip/dev/peach.pas(4112,39) Hint: (5024) Parameter "Sender" not used
/home/riceric/unarchiver-assessment-20260930/peazip/dev/peach.pas(4113,39) Hint: (5024) Parameter "Sender" not used
/home/riceric/unarchiver-assessment-20260930/peazip/dev/peach.pas(4114,36) Hint: (5024) Parameter "Sender" not used
/home/riceric/unarchiver-assessment-20260930/peazip/dev/peach.pas(4115,35) Hint: (5024) Parameter "Sender" not used
/home/riceric/unarchiver-assessment-20260930/peazip/dev/peach.pas(4117,35) Hint: (5024) Parameter "Sender" not used
/home/riceric/unarchiver-assessment-20260930/peazip/dev/peach.pas(4118,40) Hint: (5024) Parameter "Sender" not used
/home/riceric/unarchiver-assessment-20260930/peazip/dev/peach.pas(4119,41) Hint: (5024) Parameter "Sender" not used
/home/riceric/unarchiver-assessment-20260930/peazip/dev/peach.pas(4120,31) Hint: (5024) Parameter "Sender" not used
/home/riceric/unarchiver-assessment-20260930/peazip/dev/peach.pas(4121,30) Hint: (5024) Parameter "Sender" not used
/home/riceric/unarchiver-assessment-20260930/peazip/dev/peach.pas(4122,35) Hint: (5024) Parameter "Sender" not used
/home/riceric/unarchiver-assessment-20260930/peazip/dev/peach.pas(4123,35) Hint: (5024) Parameter "Sender" not used
/home/riceric/unarchiver-assessment-20260930/peazip/dev/peach.pas(4124,30) Hint: (5024) Parameter "Sender" not used
/home/riceric/unarchiver-assessment-20260930/peazip/dev/peach.pas(4125,36) Hint: (5024) Parameter "Sender" not used
/home/riceric/unarchiver-assessment-20260930/peazip/dev/peach.pas(4126,37) Hint: (5024) Parameter "Sender" not used
/home/riceric/unarchiver-assessment-20260930/peazip/dev/peach.pas(4127,41) Hint: (5024) Parameter "Sender" not used
/home/riceric/unarchiver-assessment-20260930/peazip/dev/peach.pas(4128,38) Hint: (5024) Parameter "Sender" not used
/home/riceric/unarchiver-assessment-20260930/peazip/dev/peach.pas(4129,39) Hint: (5024) Parameter "Sender" not used
/home/riceric/unarchiver-assessment-20260930/peazip/dev/peach.pas(4130,41) Hint: (5024) Parameter "Sender" not used
/home/riceric/unarchiver-assessment-20260930/peazip/dev/peach.pas(4131,40) Hint: (5024) Parameter "Sender" not used
/home/riceric/unarchiver-assessment-20260930/peazip/dev/peach.pas(4132,34) Hint: (5024) Parameter "Sender" not used
/home/riceric/unarchiver-assessment-20260930/peazip/dev/peach.pas(4133,38) Hint: (5024) Parameter "Sender" not used
/home/riceric/unarchiver-assessment-20260930/peazip/dev/peach.pas(4134,29) Hint: (5024) Parameter "Sender" not used
/home/riceric/unarchiver-assessment-20260930/peazip/dev/peach.pas(4135,32) Hint: (5024) Parameter "Sender" not used
/home/riceric/unarchiver-assessment-20260930/peazip/dev/peach.pas(4136,35) Hint: (5024) Parameter "Sender" not used
/home/riceric/unarchiver-assessment-20260930/peazip/dev/peach.pas(4137,36) Hint: (5024) Parameter "Sender" not used
/home/riceric/unarchiver-assessment-20260930/peazip/dev/peach.pas(4138,41) Hint: (5024) Parameter "Sender" not used
/home/riceric/unarchiver-assessment-20260930/peazip/dev/peach.pas(4142,36) Hint: (5024) Parameter "Sender" not used
/home/riceric/unarchiver-assessment-20260930/peazip/dev/peach.pas(4143,41) Hint: (5024) Parameter "Sender" not used
/home/riceric/unarchiver-assessment-20260930/peazip/dev/peach.pas(4139,34) Hint: (5024) Parameter "Sender" not used
/home/riceric/unarchiver-assessment-20260930/peazip/dev/peach.pas(4140,43) Hint: (5024) Parameter "Sender" not used
/home/riceric/unarchiver-assessment-20260930/peazip/dev/peach.pas(4141,48) Hint: (5024) Parameter "Sender" not used
/home/riceric/unarchiver-assessment-20260930/peazip/dev/peach.pas(4144,39) Hint: (5024) Parameter "Sender" not used
/home/riceric/unarchiver-assessment-20260930/peazip/dev/peach.pas(4145,33) Hint: (5024) Parameter "Sender" not used
/home/riceric/unarchiver-assessment-20260930/peazip/dev/peach.pas(4146,41) Hint: (5024) Parameter "Sender" not used
/home/riceric/unarchiver-assessment-20260930/peazip/dev/peach.pas(4147,46) Hint: (5024) Parameter "Sender" not used
/home/riceric/unarchiver-assessment-20260930/peazip/dev/peach.pas(4148,46) Hint: (5024) Parameter "Sender" not used
/home/riceric/unarchiver-assessment-20260930/peazip/dev/peach.pas(4150,31) Hint: (5024) Parameter "Sender" not used
/home/riceric/unarchiver-assessment-20260930/peazip/dev/peach.pas(4151,36) Hint: (5024) Parameter "Sender" not used
/home/riceric/unarchiver-assessment-20260930/peazip/dev/peach.pas(4152,33) Hint: (5024) Parameter "Sender" not used
/home/riceric/unarchiver-assessment-20260930/peazip/dev/peach.pas(4153,32) Hint: (5024) Parameter "Sender" not used
/home/riceric/unarchiver-assessment-20260930/peazip/dev/peach.pas(4154,34) Hint: (5024) Parameter "Sender" not used
/home/riceric/unarchiver-assessment-20260930/peazip/dev/peach.pas(4155,45) Hint: (5024) Parameter "Sender" not used
/home/riceric/unarchiver-assessment-20260930/peazip/dev/peach.pas(4156,13) Hint: (5024) Parameter "Handled" not used
/home/riceric/unarchiver-assessment-20260930/peazip/dev/peach.pas(73614,1) Warning: (2005) Comment level 2 found
/home/riceric/unarchiver-assessment-20260930/peazip/dev/peach.pas(73614,67) Warning: (2005) Comment level 2 found
/home/riceric/unarchiver-assessment-20260930/peazip/dev/peach.pas(73648,1) Warning: (2005) Comment level 2 found
/home/riceric/unarchiver-assessment-20260930/peazip/dev/peach.pas(73669,1) Warning: (2005) Comment level 2 found
/home/riceric/unarchiver-assessment-20260930/peazip/dev/peach.pas(4158,39) Hint: (5024) Parameter "Sender" not used
/home/riceric/unarchiver-assessment-20260930/peazip/dev/peach.pas(4158,56) Hint: (5024) Parameter "Item" not used
/home/riceric/unarchiver-assessment-20260930/peazip/dev/peach.pas(4159,13) Hint: (5024) Parameter "AValue" not used
/home/riceric/unarchiver-assessment-20260930/peazip/dev/peach.pas(4160,40) Hint: (5024) Parameter "Sender" not used
/home/riceric/unarchiver-assessment-20260930/peazip/dev/peach.pas(4161,9) Hint: (5024) Parameter "Shift" not used
/home/riceric/unarchiver-assessment-20260930/peazip/dev/peach.pas(4161,29) Hint: (5024) Parameter "X" not used
/home/riceric/unarchiver-assessment-20260930/peazip/dev/peach.pas(4161,32) Hint: (5024) Parameter "Y" not used
/home/riceric/unarchiver-assessment-20260930/peazip/dev/peach.pas(4162,41) Hint: (5024) Parameter "Sender" not used
/home/riceric/unarchiver-assessment-20260930/peazip/dev/peach.pas(4163,41) Hint: (5024) Parameter "Sender" not used
/home/riceric/unarchiver-assessment-20260930/peazip/dev/peach.pas(4164,32) Hint: (5024) Parameter "Sender" not used
/home/riceric/unarchiver-assessment-20260930/peazip/dev/peach.pas(4165,31) Hint: (5024) Parameter "Sender" not used
/home/riceric/unarchiver-assessment-20260930/peazip/dev/peach.pas(4166,30) Hint: (5024) Parameter "Sender" not used
/home/riceric/unarchiver-assessment-20260930/peazip/dev/peach.pas(4167,28) Hint: (5024) Parameter "Sender" not used
/home/riceric/unarchiver-assessment-20260930/peazip/dev/peach.pas(4168,28) Hint: (5024) Parameter "Sender" not used
/home/riceric/unarchiver-assessment-20260930/peazip/dev/peach.pas(4169,39) Hint: (5024) Parameter "Sender" not used
/home/riceric/unarchiver-assessment-20260930/peazip/dev/peach.pas(4170,29) Hint: (5024) Parameter "Sender" not used
/home/riceric/unarchiver-assessment-20260930/peazip/dev/peach.pas(4171,33) Hint: (5024) Parameter "Sender" not used
/home/riceric/unarchiver-assessment-20260930/peazip/dev/peach.pas(4172,30) Hint: (5024) Parameter "Sender" not used
/home/riceric/unarchiver-assessment-20260930/peazip/dev/peach.pas(4173,32) Hint: (5024) Parameter "Sender" not used
/home/riceric/unarchiver-assessment-20260930/peazip/dev/peach.pas(4174,32) Hint: (5024) Parameter "Sender" not used
/home/riceric/unarchiver-assessment-20260930/peazip/dev/peach.pas(4175,31) Hint: (5024) Parameter "Sender" not used
/home/riceric/unarchiver-assessment-20260930/peazip/dev/peach.pas(4177,33) Hint: (5024) Parameter "Sender" not used
/home/riceric/unarchiver-assessment-20260930/peazip/dev/peach.pas(4178,33) Hint: (5024) Parameter "Sender" not used
/home/riceric/unarchiver-assessment-20260930/peazip/dev/peach.pas(4179,31) Hint: (5024) Parameter "Sender" not used
/home/riceric/unarchiver-assessment-20260930/peazip/dev/peach.pas(4180,31) Hint: (5024) Parameter "Sender" not used
/home/riceric/unarchiver-assessment-20260930/peazip/dev/peach.pas(4181,38) Hint: (5024) Parameter "Sender" not used
/home/riceric/unarchiver-assessment-20260930/peazip/dev/peach.pas(4182,38) Hint: (5024) Parameter "Sender" not used
/home/riceric/unarchiver-assessment-20260930/peazip/dev/peach.pas(4201,36) Hint: (5024) Parameter "Sender" not used
/home/riceric/unarchiver-assessment-20260930/peazip/dev/peach.pas(4202,34) Hint: (5024) Parameter "Sender" not used
/home/riceric/unarchiver-assessment-20260930/peazip/dev/peach.pas(4203,28) Hint: (5024) Parameter "Sender" not used
/home/riceric/unarchiver-assessment-20260930/peazip/dev/peach.pas(4204,28) Hint: (5024) Parameter "Sender" not used
/home/riceric/unarchiver-assessment-20260930/peazip/dev/peach.pas(4205,28) Hint: (5024) Parameter "Sender" not used
/home/riceric/unarchiver-assessment-20260930/peazip/dev/peach.pas(4206,28) Hint: (5024) Parameter "Sender" not used
/home/riceric/unarchiver-assessment-20260930/peazip/dev/peach.pas(4207,28) Hint: (5024) Parameter "Sender" not used
/home/riceric/unarchiver-assessment-20260930/peazip/dev/peach.pas(4208,28) Hint: (5024) Parameter "Sender" not used
/home/riceric/unarchiver-assessment-20260930/peazip/dev/peach.pas(4209,27) Hint: (5024) Parameter "Sender" not used
/home/riceric/unarchiver-assessment-20260930/peazip/dev/peach.pas(4210,27) Hint: (5024) Parameter "Sender" not used
/home/riceric/unarchiver-assessment-20260930/peazip/dev/peach.pas(4211,27) Hint: (5024) Parameter "Sender" not used
/home/riceric/unarchiver-assessment-20260930/peazip/dev/peach.pas(4212,27) Hint: (5024) Parameter "Sender" not used
/home/riceric/unarchiver-assessment-20260930/peazip/dev/peach.pas(4213,36) Hint: (5024) Parameter "Sender" not used
/home/riceric/unarchiver-assessment-20260930/peazip/dev/peach.pas(4214,35) Hint: (5024) Parameter "Sender" not used
/home/riceric/unarchiver-assessment-20260930/peazip/dev/peach.pas(4215,37) Hint: (5024) Parameter "Sender" not used
/home/riceric/unarchiver-assessment-20260930/peazip/dev/peach.pas(4222,33) Hint: (5024) Parameter "Sender" not used
/home/riceric/unarchiver-assessment-20260930/peazip/dev/peach.pas(4223,34) Hint: (5024) Parameter "Sender" not used
/home/riceric/unarchiver-assessment-20260930/peazip/dev/peach.pas(4224,31) Hint: (5024) Parameter "Sender" not used
/home/riceric/unarchiver-assessment-20260930/peazip/dev/peach.pas(4225,31) Hint: (5024) Parameter "Sender" not used
/home/riceric/unarchiver-assessment-20260930/peazip/dev/peach.pas(4226,31) Hint: (5024) Parameter "Sender" not used
/home/riceric/unarchiver-assessment-20260930/peazip/dev/peach.pas(4227,31) Hint: (5024) Parameter "Sender" not used
/home/riceric/unarchiver-assessment-20260930/peazip/dev/peach.pas(4228,31) Hint: (5024) Parameter "Sender" not used
/home/riceric/unarchiver-assessment-20260930/peazip/dev/peach.pas(4229,31) Hint: (5024) Parameter "Sender" not used
/home/riceric/unarchiver-assessment-20260930/peazip/dev/peach.pas(4230,31) Hint: (5024) Parameter "Sender" not used
/home/riceric/unarchiver-assessment-20260930/peazip/dev/peach.pas(4231,31) Hint: (5024) Parameter "Sender" not used
/home/riceric/unarchiver-assessment-20260930/peazip/dev/peach.pas(4232,31) Hint: (5024) Parameter "Sender" not used
/home/riceric/unarchiver-assessment-20260930/peazip/dev/peach.pas(4233,31) Hint: (5024) Parameter "Sender" not used
/home/riceric/unarchiver-assessment-20260930/peazip/dev/peach.pas(4234,31) Hint: (5024) Parameter "Sender" not used
/home/riceric/unarchiver-assessment-20260930/peazip/dev/peach.pas(4235,31) Hint: (5024) Parameter "Sender" not used
/home/riceric/unarchiver-assessment-20260930/peazip/dev/peach.pas(4236,31) Hint: (5024) Parameter "Sender" not used
/home/riceric/unarchiver-assessment-20260930/peazip/dev/peach.pas(4237,31) Hint: (5024) Parameter "Sender" not used
/home/riceric/unarchiver-assessment-20260930/peazip/dev/peach.pas(4238,31) Hint: (5024) Parameter "Sender" not used
/home/riceric/unarchiver-assessment-20260930/peazip/dev/peach.pas(4239,31) Hint: (5024) Parameter "Sender" not used
/home/riceric/unarchiver-assessment-20260930/peazip/dev/peach.pas(4240,31) Hint: (5024) Parameter "Sender" not used
/home/riceric/unarchiver-assessment-20260930/peazip/dev/peach.pas(4241,31) Hint: (5024) Parameter "Sender" not used
/home/riceric/unarchiver-assessment-20260930/peazip/dev/peach.pas(4242,31) Hint: (5024) Parameter "Sender" not used
/home/riceric/unarchiver-assessment-20260930/peazip/dev/peach.pas(4243,31) Hint: (5024) Parameter "Sender" not used
/home/riceric/unarchiver-assessment-20260930/peazip/dev/peach.pas(4244,31) Hint: (5024) Parameter "Sender" not used
/home/riceric/unarchiver-assessment-20260930/peazip/dev/peach.pas(4245,31) Hint: (5024) Parameter "Sender" not used
/home/riceric/unarchiver-assessment-20260930/peazip/dev/peach.pas(4246,31) Hint: (5024) Parameter "Sender" not used
/home/riceric/unarchiver-assessment-20260930/peazip/dev/peach.pas(4247,31) Hint: (5024) Parameter "Sender" not used
/home/riceric/unarchiver-assessment-20260930/peazip/dev/peach.pas(4248,31) Hint: (5024) Parameter "Sender" not used
/home/riceric/unarchiver-assessment-20260930/peazip/dev/peach.pas(4249,31) Hint: (5024) Parameter "Sender" not used
/home/riceric/unarchiver-assessment-20260930/peazip/dev/peach.pas(4250,31) Hint: (5024) Parameter "Sender" not used
/home/riceric/unarchiver-assessment-20260930/peazip/dev/peach.pas(4251,31) Hint: (5024) Parameter "Sender" not used
/home/riceric/unarchiver-assessment-20260930/peazip/dev/peach.pas(4252,31) Hint: (5024) Parameter "Sender" not used
/home/riceric/unarchiver-assessment-20260930/peazip/dev/peach.pas(4253,31) Hint: (5024) Parameter "Sender" not used
/home/riceric/unarchiver-assessment-20260930/peazip/dev/peach.pas(4254,31) Hint: (5024) Parameter "Sender" not used
/home/riceric/unarchiver-assessment-20260930/peazip/dev/peach.pas(4255,31) Hint: (5024) Parameter "Sender" not used
/home/riceric/unarchiver-assessment-20260930/peazip/dev/peach.pas(4257,35) Hint: (5024) Parameter "Sender" not used
/home/riceric/unarchiver-assessment-20260930/peazip/dev/peach.pas(4258,35) Hint: (5024) Parameter "Sender" not used
/home/riceric/unarchiver-assessment-20260930/peazip/dev/peach.pas(4259,35) Hint: (5024) Parameter "Sender" not used
/home/riceric/unarchiver-assessment-20260930/peazip/dev/peach.pas(4260,31) Hint: (5024) Parameter "Sender" not used
/home/riceric/unarchiver-assessment-20260930/peazip/dev/peach.pas(4261,33) Hint: (5024) Parameter "Sender" not used
/home/riceric/unarchiver-assessment-20260930/peazip/dev/peach.pas(4262,37) Hint: (5024) Parameter "Sender" not used
/home/riceric/unarchiver-assessment-20260930/peazip/dev/peach.pas(4263,35) Hint: (5024) Parameter "Sender" not used
/home/riceric/unarchiver-assessment-20260930/peazip/dev/peach.pas(4280,33) Hint: (5024) Parameter "Sender" not used
/home/riceric/unarchiver-assessment-20260930/peazip/dev/peach.pas(4282,30) Hint: (5024) Parameter "Sender" not used
/home/riceric/unarchiver-assessment-20260930/peazip/dev/peach.pas(4283,34) Hint: (5024) Parameter "Sender" not used
/home/riceric/unarchiver-assessment-20260930/peazip/dev/peach.pas(4284,35) Hint: (5024) Parameter "Sender" not used
/home/riceric/unarchiver-assessment-20260930/peazip/dev/peach.pas(4285,36) Hint: (5024) Parameter "Sender" not used
/home/riceric/unarchiver-assessment-20260930/peazip/dev/peach.pas(4286,37) Hint: (5024) Parameter "Sender" not used
/home/riceric/unarchiver-assessment-20260930/peazip/dev/peach.pas(4287,38) Hint: (5024) Parameter "Sender" not used
/home/riceric/unarchiver-assessment-20260930/peazip/dev/peach.pas(4288,35) Hint: (5024) Parameter "Sender" not used
/home/riceric/unarchiver-assessment-20260930/peazip/dev/peach.pas(4289,34) Hint: (5024) Parameter "Sender" not used
/home/riceric/unarchiver-assessment-20260930/peazip/dev/peach.pas(4290,32) Hint: (5024) Parameter "Sender" not used
/home/riceric/unarchiver-assessment-20260930/peazip/dev/peach.pas(4291,32) Hint: (5024) Parameter "Sender" not used
/home/riceric/unarchiver-assessment-20260930/peazip/dev/peach.pas(4292,35) Hint: (5024) Parameter "Sender" not used
/home/riceric/unarchiver-assessment-20260930/peazip/dev/peach.pas(4149,37) Hint: (5024) Parameter "Sender" not used
/home/riceric/unarchiver-assessment-20260930/peazip/dev/peach.pas(4183,33) Hint: (5024) Parameter "Sender" not used
/home/riceric/unarchiver-assessment-20260930/peazip/dev/peach.pas(4186,35) Hint: (5024) Parameter "Sender" not used
/home/riceric/unarchiver-assessment-20260930/peazip/dev/peach.pas(4187,34) Hint: (5024) Parameter "Sender" not used
/home/riceric/unarchiver-assessment-20260930/peazip/dev/peach.pas(4188,33) Hint: (5024) Parameter "Sender" not used
/home/riceric/unarchiver-assessment-20260930/peazip/dev/peach.pas(4189,34) Hint: (5024) Parameter "Sender" not used
/home/riceric/unarchiver-assessment-20260930/peazip/dev/peach.pas(4191,35) Hint: (5024) Parameter "Sender" not used
/home/riceric/unarchiver-assessment-20260930/peazip/dev/peach.pas(4190,33) Hint: (5024) Parameter "Sender" not used
/home/riceric/unarchiver-assessment-20260930/peazip/dev/peach.pas(4293,33) Hint: (5024) Parameter "Sender" not used
/home/riceric/unarchiver-assessment-20260930/peazip/dev/peach.pas(4294,32) Hint: (5024) Parameter "Sender" not used
/home/riceric/unarchiver-assessment-20260930/peazip/dev/peach.pas(4296,34) Hint: (5024) Parameter "Sender" not used
/home/riceric/unarchiver-assessment-20260930/peazip/dev/peach.pas(4298,32) Hint: (5024) Parameter "Sender" not used
/home/riceric/unarchiver-assessment-20260930/peazip/dev/peach.pas(4299,33) Hint: (5024) Parameter "Sender" not used
/home/riceric/unarchiver-assessment-20260930/peazip/dev/peach.pas(4300,36) Hint: (5024) Parameter "Sender" not used
/home/riceric/unarchiver-assessment-20260930/peazip/dev/peach.pas(4301,36) Hint: (5024) Parameter "Sender" not used
/home/riceric/unarchiver-assessment-20260930/peazip/dev/peach.pas(4302,35) Hint: (5024) Parameter "Sender" not used
/home/riceric/unarchiver-assessment-20260930/peazip/dev/peach.pas(4305,33) Hint: (5024) Parameter "Sender" not used
/home/riceric/unarchiver-assessment-20260930/peazip/dev/peach.pas(4306,31) Hint: (5024) Parameter "Sender" not used
/home/riceric/unarchiver-assessment-20260930/peazip/dev/peach.pas(4311,31) Hint: (5024) Parameter "Sender" not used
/home/riceric/unarchiver-assessment-20260930/peazip/dev/peach.pas(4312,35) Hint: (5024) Parameter "Sender" not used
/home/riceric/unarchiver-assessment-20260930/peazip/dev/peach.pas(4313,45) Hint: (5024) Parameter "Sender" not used
/home/riceric/unarchiver-assessment-20260930/peazip/dev/peach.pas(4313,53) Hint: (5024) Parameter "Source" not used
/home/riceric/unarchiver-assessment-20260930/peazip/dev/peach.pas(4313,70) Hint: (5024) Parameter "X" not used
/home/riceric/unarchiver-assessment-20260930/peazip/dev/peach.pas(4314,9) Hint: (5024) Parameter "Y" not used
/home/riceric/unarchiver-assessment-20260930/peazip/dev/peach.pas(4314,21) Hint: (5024) Parameter "State" not used
/home/riceric/unarchiver-assessment-20260930/peazip/dev/peach.pas(4314,44) Hint: (5024) Parameter "Accept" not used
/home/riceric/unarchiver-assessment-20260930/peazip/dev/peach.pas(4315,32) Hint: (5024) Parameter "Sender" not used
/home/riceric/unarchiver-assessment-20260930/peazip/dev/peach.pas(4315,40) Hint: (5024) Parameter "Source" not used
/home/riceric/unarchiver-assessment-20260930/peazip/dev/peach.pas(4315,57) Hint: (5024) Parameter "X" not used
/home/riceric/unarchiver-assessment-20260930/peazip/dev/peach.pas(4315,60) Hint: (5024) Parameter "Y" not used
/home/riceric/unarchiver-assessment-20260930/peazip/dev/peach.pas(4316,9) Hint: (5024) Parameter "State" not used
/home/riceric/unarchiver-assessment-20260930/peazip/dev/peach.pas(4316,32) Hint: (5024) Parameter "Accept" not used
/home/riceric/unarchiver-assessment-20260930/peazip/dev/peach.pas(74313,1) Warning: (2005) Comment level 2 found
/home/riceric/unarchiver-assessment-20260930/peazip/dev/peach.pas(74319,1) Warning: (2005) Comment level 2 found
/home/riceric/unarchiver-assessment-20260930/peazip/dev/peach.pas(4317,35) Hint: (5024) Parameter "Sender" not used
/home/riceric/unarchiver-assessment-20260930/peazip/dev/peach.pas(4318,37) Hint: (5024) Parameter "Sender" not used
/home/riceric/unarchiver-assessment-20260930/peazip/dev/peach.pas(4318,45) Hint: (5024) Parameter "Source" not used
/home/riceric/unarchiver-assessment-20260930/peazip/dev/peach.pas(4318,62) Hint: (5024) Parameter "X" not used
/home/riceric/unarchiver-assessment-20260930/peazip/dev/peach.pas(4318,65) Hint: (5024) Parameter "Y" not used
/home/riceric/unarchiver-assessment-20260930/peazip/dev/peach.pas(4319,9) Hint: (5024) Parameter "State" not used
/home/riceric/unarchiver-assessment-20260930/peazip/dev/peach.pas(4319,32) Hint: (5024) Parameter "Accept" not used
/home/riceric/unarchiver-assessment-20260930/peazip/dev/peach.pas(5841,33) Hint: (5024) Parameter "Sender" not used
/home/riceric/unarchiver-assessment-20260930/peazip/dev/peach.pas(5841,41) Hint: (5024) Parameter "Source" not used
/home/riceric/unarchiver-assessment-20260930/peazip/dev/peach.pas(5841,58) Hint: (5024) Parameter "X" not used
/home/riceric/unarchiver-assessment-20260930/peazip/dev/peach.pas(5841,61) Hint: (5024) Parameter "Y" not used
/home/riceric/unarchiver-assessment-20260930/peazip/dev/peach.pas(5841,73) Hint: (5024) Parameter "State" not used
/home/riceric/unarchiver-assessment-20260930/peazip/dev/peach.pas(5841,96) Hint: (5024) Parameter "Accept" not used
/home/riceric/unarchiver-assessment-20260930/peazip/dev/peach.pas(4320,31) Hint: (5024) Parameter "Sender" not used
/home/riceric/unarchiver-assessment-20260930/peazip/dev/peach.pas(4321,31) Hint: (5024) Parameter "Sender" not used
/home/riceric/unarchiver-assessment-20260930/peazip/dev/peach.pas(4322,31) Hint: (5024) Parameter "Sender" not used
/home/riceric/unarchiver-assessment-20260930/peazip/dev/peach.pas(4323,31) Hint: (5024) Parameter "Sender" not used
/home/riceric/unarchiver-assessment-20260930/peazip/dev/peach.pas(4324,31) Hint: (5024) Parameter "Sender" not used
/home/riceric/unarchiver-assessment-20260930/peazip/dev/peach.pas(4325,31) Hint: (5024) Parameter "Sender" not used
/home/riceric/unarchiver-assessment-20260930/peazip/dev/peach.pas(4326,31) Hint: (5024) Parameter "Sender" not used
/home/riceric/unarchiver-assessment-20260930/peazip/dev/peach.pas(4327,31) Hint: (5024) Parameter "Sender" not used
/home/riceric/unarchiver-assessment-20260930/peazip/dev/peach.pas(4328,31) Hint: (5024) Parameter "Sender" not used
/home/riceric/unarchiver-assessment-20260930/peazip/dev/peach.pas(4329,32) Hint: (5024) Parameter "Sender" not used
/home/riceric/unarchiver-assessment-20260930/peazip/dev/peach.pas(4330,32) Hint: (5024) Parameter "Sender" not used
/home/riceric/unarchiver-assessment-20260930/peazip/dev/peach.pas(4331,32) Hint: (5024) Parameter "Sender" not used
/home/riceric/unarchiver-assessment-20260930/peazip/dev/peach.pas(4332,30) Hint: (5024) Parameter "Sender" not used
/home/riceric/unarchiver-assessment-20260930/peazip/dev/peach.pas(4333,30) Hint: (5024) Parameter "Sender" not used
/home/riceric/unarchiver-assessment-20260930/peazip/dev/peach.pas(4334,30) Hint: (5024) Parameter "Sender" not used
/home/riceric/unarchiver-assessment-20260930/peazip/dev/peach.pas(4335,30) Hint: (5024) Parameter "Sender" not used
/home/riceric/unarchiver-assessment-20260930/peazip/dev/peach.pas(4336,30) Hint: (5024) Parameter "Sender" not used
/home/riceric/unarchiver-assessment-20260930/peazip/dev/peach.pas(4337,30) Hint: (5024) Parameter "Sender" not used
/home/riceric/unarchiver-assessment-20260930/peazip/dev/peach.pas(4338,30) Hint: (5024) Parameter "Sender" not used
/home/riceric/unarchiver-assessment-20260930/peazip/dev/peach.pas(4339,30) Hint: (5024) Parameter "Sender" not used
/home/riceric/unarchiver-assessment-20260930/peazip/dev/peach.pas(4340,30) Hint: (5024) Parameter "Sender" not used
/home/riceric/unarchiver-assessment-20260930/peazip/dev/peach.pas(4341,32) Hint: (5024) Parameter "Sender" not used
/home/riceric/unarchiver-assessment-20260930/peazip/dev/peach.pas(4342,36) Hint: (5024) Parameter "Sender" not used
/home/riceric/unarchiver-assessment-20260930/peazip/dev/peach.pas(4343,31) Hint: (5024) Parameter "Sender" not used
/home/riceric/unarchiver-assessment-20260930/peazip/dev/peach.pas(4344,32) Hint: (5024) Parameter "Sender" not used
/home/riceric/unarchiver-assessment-20260930/peazip/dev/peach.pas(4345,42) Hint: (5024) Parameter "Sender" not used
/home/riceric/unarchiver-assessment-20260930/peazip/dev/peach.pas(4346,40) Hint: (5024) Parameter "Sender" not used
/home/riceric/unarchiver-assessment-20260930/peazip/dev/peach.pas(74549,15) Hint: (5091) Local variable "s" of a managed type does not seem to be initialized
/home/riceric/unarchiver-assessment-20260930/peazip/dev/peach.pas(74549,13) Hint: (5091) Local variable "dom" of a managed type does not seem to be initialized
/home/riceric/unarchiver-assessment-20260930/peazip/dev/peach.pas(4347,36) Hint: (5024) Parameter "Sender" not used
/home/riceric/unarchiver-assessment-20260930/peazip/dev/peach.pas(74556,15) Hint: (5091) Local variable "s" of a managed type does not seem to be initialized
/home/riceric/unarchiver-assessment-20260930/peazip/dev/peach.pas(74556,13) Hint: (5091) Local variable "dom" of a managed type does not seem to be initialized
/home/riceric/unarchiver-assessment-20260930/peazip/dev/peach.pas(4348,30) Hint: (5024) Parameter "Sender" not used
/home/riceric/unarchiver-assessment-20260930/peazip/dev/peach.pas(4349,31) Hint: (5024) Parameter "Sender" not used
/home/riceric/unarchiver-assessment-20260930/peazip/dev/peach.pas(4350,39) Hint: (5024) Parameter "Sender" not used
/home/riceric/unarchiver-assessment-20260930/peazip/dev/peach.pas(4351,31) Hint: (5024) Parameter "Sender" not used
/home/riceric/unarchiver-assessment-20260930/peazip/dev/peach.pas(4352,35) Hint: (5024) Parameter "Sender" not used
/home/riceric/unarchiver-assessment-20260930/peazip/dev/peach.pas(4353,9) Hint: (5024) Parameter "Shift" not used
/home/riceric/unarchiver-assessment-20260930/peazip/dev/peach.pas(4353,29) Hint: (5024) Parameter "X" not used
/home/riceric/unarchiver-assessment-20260930/peazip/dev/peach.pas(4353,32) Hint: (5024) Parameter "Y" not used
/home/riceric/unarchiver-assessment-20260930/peazip/dev/peach.pas(4355,29) Hint: (5024) Parameter "Sender" not used
/home/riceric/unarchiver-assessment-20260930/peazip/dev/peach.pas(4356,33) Hint: (5024) Parameter "Sender" not used
/home/riceric/unarchiver-assessment-20260930/peazip/dev/peach.pas(4357,29) Hint: (5024) Parameter "Sender" not used
/home/riceric/unarchiver-assessment-20260930/peazip/dev/peach.pas(4358,30) Hint: (5024) Parameter "Sender" not used
/home/riceric/unarchiver-assessment-20260930/peazip/dev/peach.pas(4359,30) Hint: (5024) Parameter "Sender" not used
/home/riceric/unarchiver-assessment-20260930/peazip/dev/peach.pas(4360,30) Hint: (5024) Parameter "Sender" not used
/home/riceric/unarchiver-assessment-20260930/peazip/dev/peach.pas(4361,30) Hint: (5024) Parameter "Sender" not used
/home/riceric/unarchiver-assessment-20260930/peazip/dev/peach.pas(4362,30) Hint: (5024) Parameter "Sender" not used
/home/riceric/unarchiver-assessment-20260930/peazip/dev/peach.pas(4363,30) Hint: (5024) Parameter "Sender" not used
/home/riceric/unarchiver-assessment-20260930/peazip/dev/peach.pas(4364,30) Hint: (5024) Parameter "Sender" not used
/home/riceric/unarchiver-assessment-20260930/peazip/dev/peach.pas(4365,30) Hint: (5024) Parameter "Sender" not used
/home/riceric/unarchiver-assessment-20260930/peazip/dev/peach.pas(4366,30) Hint: (5024) Parameter "Sender" not used
/home/riceric/unarchiver-assessment-20260930/peazip/dev/peach.pas(4367,30) Hint: (5024) Parameter "Sender" not used
/home/riceric/unarchiver-assessment-20260930/peazip/dev/peach.pas(4368,30) Hint: (5024) Parameter "Sender" not used
/home/riceric/unarchiver-assessment-20260930/peazip/dev/peach.pas(4369,30) Hint: (5024) Parameter "Sender" not used
/home/riceric/unarchiver-assessment-20260930/peazip/dev/peach.pas(4370,30) Hint: (5024) Parameter "Sender" not used
/home/riceric/unarchiver-assessment-20260930/peazip/dev/peach.pas(4371,30) Hint: (5024) Parameter "Sender" not used
/home/riceric/unarchiver-assessment-20260930/peazip/dev/peach.pas(4372,30) Hint: (5024) Parameter "Sender" not used
/home/riceric/unarchiver-assessment-20260930/peazip/dev/peach.pas(4373,30) Hint: (5024) Parameter "Sender" not used
/home/riceric/unarchiver-assessment-20260930/peazip/dev/peach.pas(4374,32) Hint: (5024) Parameter "Sender" not used
/home/riceric/unarchiver-assessment-20260930/peazip/dev/peach.pas(4375,39) Hint: (5024) Parameter "Sender" not used
/home/riceric/unarchiver-assessment-20260930/peazip/dev/peach.pas(4376,36) Hint: (5024) Parameter "Sender" not used
/home/riceric/unarchiver-assessment-20260930/peazip/dev/peach.pas(4377,36) Hint: (5024) Parameter "Sender" not used
/home/riceric/unarchiver-assessment-20260930/peazip/dev/peach.pas(4378,33) Hint: (5024) Parameter "Sender" not used
/home/riceric/unarchiver-assessment-20260930/peazip/dev/peach.pas(4380,38) Hint: (5024) Parameter "Sender" not used
/home/riceric/unarchiver-assessment-20260930/peazip/dev/peach.pas(74774,4) Note: (5025) Local variable "i" not used
/home/riceric/unarchiver-assessment-20260930/peazip/dev/peach.pas(4381,37) Hint: (5024) Parameter "Sender" not used
/home/riceric/unarchiver-assessment-20260930/peazip/dev/peach.pas(4382,38) Hint: (5024) Parameter "Sender" not used
/home/riceric/unarchiver-assessment-20260930/peazip/dev/peach.pas(4384,29) Hint: (5024) Parameter "Sender" not used
/home/riceric/unarchiver-assessment-20260930/peazip/dev/peach.pas(4385,29) Hint: (5024) Parameter "Sender" not used
/home/riceric/unarchiver-assessment-20260930/peazip/dev/peach.pas(4386,29) Hint: (5024) Parameter "Sender" not used
/home/riceric/unarchiver-assessment-20260930/peazip/dev/peach.pas(4387,29) Hint: (5024) Parameter "Sender" not used
/home/riceric/unarchiver-assessment-20260930/peazip/dev/peach.pas(4388,29) Hint: (5024) Parameter "Sender" not used
/home/riceric/unarchiver-assessment-20260930/peazip/dev/peach.pas(4389,29) Hint: (5024) Parameter "Sender" not used
/home/riceric/unarchiver-assessment-20260930/peazip/dev/peach.pas(4390,29) Hint: (5024) Parameter "Sender" not used
/home/riceric/unarchiver-assessment-20260930/peazip/dev/peach.pas(4391,29) Hint: (5024) Parameter "Sender" not used
/home/riceric/unarchiver-assessment-20260930/peazip/dev/peach.pas(4392,29) Hint: (5024) Parameter "Sender" not used
/home/riceric/unarchiver-assessment-20260930/peazip/dev/peach.pas(4393,29) Hint: (5024) Parameter "Sender" not used
/home/riceric/unarchiver-assessment-20260930/peazip/dev/peach.pas(4394,29) Hint: (5024) Parameter "Sender" not used
/home/riceric/unarchiver-assessment-20260930/peazip/dev/peach.pas(4395,29) Hint: (5024) Parameter "Sender" not used
/home/riceric/unarchiver-assessment-20260930/peazip/dev/peach.pas(4396,29) Hint: (5024) Parameter "Sender" not used
/home/riceric/unarchiver-assessment-20260930/peazip/dev/peach.pas(4397,29) Hint: (5024) Parameter "Sender" not used
/home/riceric/unarchiver-assessment-20260930/peazip/dev/peach.pas(4398,29) Hint: (5024) Parameter "Sender" not used
/home/riceric/unarchiver-assessment-20260930/peazip/dev/peach.pas(4399,29) Hint: (5024) Parameter "Sender" not used
/home/riceric/unarchiver-assessment-20260930/peazip/dev/peach.pas(4400,28) Hint: (5024) Parameter "Sender" not used
/home/riceric/unarchiver-assessment-20260930/peazip/dev/peach.pas(4401,28) Hint: (5024) Parameter "Sender" not used
/home/riceric/unarchiver-assessment-20260930/peazip/dev/peach.pas(4402,28) Hint: (5024) Parameter "Sender" not used
/home/riceric/unarchiver-assessment-20260930/peazip/dev/peach.pas(4403,28) Hint: (5024) Parameter "Sender" not used
/home/riceric/unarchiver-assessment-20260930/peazip/dev/peach.pas(4404,28) Hint: (5024) Parameter "Sender" not used
/home/riceric/unarchiver-assessment-20260930/peazip/dev/peach.pas(4405,28) Hint: (5024) Parameter "Sender" not used
/home/riceric/unarchiver-assessment-20260930/peazip/dev/peach.pas(4406,28) Hint: (5024) Parameter "Sender" not used
/home/riceric/unarchiver-assessment-20260930/peazip/dev/peach.pas(4407,28) Hint: (5024) Parameter "Sender" not used
/home/riceric/unarchiver-assessment-20260930/peazip/dev/peach.pas(4408,28) Hint: (5024) Parameter "Sender" not used
/home/riceric/unarchiver-assessment-20260930/peazip/dev/peach.pas(4409,28) Hint: (5024) Parameter "Sender" not used
/home/riceric/unarchiver-assessment-20260930/peazip/dev/peach.pas(4410,28) Hint: (5024) Parameter "Sender" not used
/home/riceric/unarchiver-assessment-20260930/peazip/dev/peach.pas(4411,28) Hint: (5024) Parameter "Sender" not used
/home/riceric/unarchiver-assessment-20260930/peazip/dev/peach.pas(4412,28) Hint: (5024) Parameter "Sender" not used
/home/riceric/unarchiver-assessment-20260930/peazip/dev/peach.pas(4413,28) Hint: (5024) Parameter "Sender" not used
/home/riceric/unarchiver-assessment-20260930/peazip/dev/peach.pas(4414,28) Hint: (5024) Parameter "Sender" not used
/home/riceric/unarchiver-assessment-20260930/peazip/dev/peach.pas(4415,28) Hint: (5024) Parameter "Sender" not used
/home/riceric/unarchiver-assessment-20260930/peazip/dev/peach.pas(4416,32) Hint: (5024) Parameter "Sender" not used
/home/riceric/unarchiver-assessment-20260930/peazip/dev/peach.pas(4417,35) Hint: (5024) Parameter "Sender" not used
/home/riceric/unarchiver-assessment-20260930/peazip/dev/peach.pas(4418,39) Hint: (5024) Parameter "Sender" not used
/home/riceric/unarchiver-assessment-20260930/peazip/dev/peach.pas(4420,32) Hint: (5024) Parameter "Sender" not used
/home/riceric/unarchiver-assessment-20260930/peazip/dev/peach.pas(4421,34) Hint: (5024) Parameter "Sender" not used
/home/riceric/unarchiver-assessment-20260930/peazip/dev/peach.pas(4422,37) Hint: (5024) Parameter "Sender" not used
/home/riceric/unarchiver-assessment-20260930/peazip/dev/peach.pas(4423,35) Hint: (5024) Parameter "Sender" not used
/home/riceric/unarchiver-assessment-20260930/peazip/dev/peach.pas(4424,39) Hint: (5024) Parameter "Sender" not used
/home/riceric/unarchiver-assessment-20260930/peazip/dev/peach.pas(4425,28) Hint: (5024) Parameter "Sender" not used
/home/riceric/unarchiver-assessment-20260930/peazip/dev/peach.pas(4426,32) Hint: (5024) Parameter "Sender" not used
/home/riceric/unarchiver-assessment-20260930/peazip/dev/peach.pas(4427,35) Hint: (5024) Parameter "Sender" not used
/home/riceric/unarchiver-assessment-20260930/peazip/dev/peach.pas(4428,34) Hint: (5024) Parameter "Sender" not used
/home/riceric/unarchiver-assessment-20260930/peazip/dev/peach.pas(4429,35) Hint: (5024) Parameter "Sender" not used
/home/riceric/unarchiver-assessment-20260930/peazip/dev/peach.pas(4431,34) Hint: (5024) Parameter "Sender" not used
/home/riceric/unarchiver-assessment-20260930/peazip/dev/peach.pas(4383,36) Hint: (5024) Parameter "Sender" not used
/home/riceric/unarchiver-assessment-20260930/peazip/dev/peach.pas(4430,33) Hint: (5024) Parameter "Sender" not used
/home/riceric/unarchiver-assessment-20260930/peazip/dev/peach.pas(4432,37) Hint: (5024) Parameter "Sender" not used
/home/riceric/unarchiver-assessment-20260930/peazip/dev/peach.pas(4433,34) Hint: (5024) Parameter "Sender" not used
/home/riceric/unarchiver-assessment-20260930/peazip/dev/peach.pas(4434,32) Hint: (5024) Parameter "Sender" not used
/home/riceric/unarchiver-assessment-20260930/peazip/dev/peach.pas(4435,37) Hint: (5024) Parameter "Sender" not used
/home/riceric/unarchiver-assessment-20260930/peazip/dev/peach.pas(4354,29) Hint: (5024) Parameter "Sender" not used
/home/riceric/unarchiver-assessment-20260930/peazip/dev/peach.pas(4436,38) Hint: (5024) Parameter "Sender" not used
/home/riceric/unarchiver-assessment-20260930/peazip/dev/peach.pas(4437,38) Hint: (5024) Parameter "Sender" not used
/home/riceric/unarchiver-assessment-20260930/peazip/dev/peach.pas(4438,40) Hint: (5024) Parameter "Sender" not used
/home/riceric/unarchiver-assessment-20260930/peazip/dev/peach.pas(4439,41) Hint: (5024) Parameter "Sender" not used
/home/riceric/unarchiver-assessment-20260930/peazip/dev/peach.pas(4440,34) Hint: (5024) Parameter "Sender" not used
/home/riceric/unarchiver-assessment-20260930/peazip/dev/peach.pas(4441,40) Hint: (5024) Parameter "Sender" not used
/home/riceric/unarchiver-assessment-20260930/peazip/dev/peach.pas(4442,37) Hint: (5024) Parameter "Sender" not used
/home/riceric/unarchiver-assessment-20260930/peazip/dev/peach.pas(4443,34) Hint: (5024) Parameter "Sender" not used
/home/riceric/unarchiver-assessment-20260930/peazip/dev/peach.pas(4445,32) Hint: (5024) Parameter "Sender" not used
/home/riceric/unarchiver-assessment-20260930/peazip/dev/peach.pas(4446,30) Hint: (5024) Parameter "Sender" not used
/home/riceric/unarchiver-assessment-20260930/peazip/dev/peach.pas(4447,34) Hint: (5024) Parameter "Sender" not used
/home/riceric/unarchiver-assessment-20260930/peazip/dev/peach.pas(4448,35) Hint: (5024) Parameter "Sender" not used
/home/riceric/unarchiver-assessment-20260930/peazip/dev/peach.pas(4449,41) Hint: (5024) Parameter "Sender" not used
/home/riceric/unarchiver-assessment-20260930/peazip/dev/peach.pas(4450,38) Hint: (5024) Parameter "Sender" not used
/home/riceric/unarchiver-assessment-20260930/peazip/dev/peach.pas(4451,30) Hint: (5024) Parameter "Sender" not used
/home/riceric/unarchiver-assessment-20260930/peazip/dev/peach.pas(4452,36) Hint: (5024) Parameter "Sender" not used
/home/riceric/unarchiver-assessment-20260930/peazip/dev/peach.pas(4453,31) Hint: (5024) Parameter "Sender" not used
/home/riceric/unarchiver-assessment-20260930/peazip/dev/peach.pas(4454,33) Hint: (5024) Parameter "Sender" not used
/home/riceric/unarchiver-assessment-20260930/peazip/dev/peach.pas(4455,33) Hint: (5024) Parameter "Sender" not used
/home/riceric/unarchiver-assessment-20260930/peazip/dev/peach.pas(4456,36) Hint: (5024) Parameter "Sender" not used
/home/riceric/unarchiver-assessment-20260930/peazip/dev/peach.pas(4457,32) Hint: (5024) Parameter "Sender" not used
/home/riceric/unarchiver-assessment-20260930/peazip/dev/peach.pas(4458,33) Hint: (5024) Parameter "Sender" not used
/home/riceric/unarchiver-assessment-20260930/peazip/dev/peach.pas(4459,36) Hint: (5024) Parameter "Sender" not used
/home/riceric/unarchiver-assessment-20260930/peazip/dev/peach.pas(4460,31) Hint: (5024) Parameter "Sender" not used
/home/riceric/unarchiver-assessment-20260930/peazip/dev/peach.pas(4461,38) Hint: (5024) Parameter "Sender" not used
/home/riceric/unarchiver-assessment-20260930/peazip/dev/peach.pas(4462,36) Hint: (5024) Parameter "Sender" not used
/home/riceric/unarchiver-assessment-20260930/peazip/dev/peach.pas(4463,33) Hint: (5024) Parameter "Sender" not used
/home/riceric/unarchiver-assessment-20260930/peazip/dev/peach.pas(4464,32) Hint: (5024) Parameter "Sender" not used
/home/riceric/unarchiver-assessment-20260930/peazip/dev/peach.pas(4465,32) Hint: (5024) Parameter "Sender" not used
/home/riceric/unarchiver-assessment-20260930/peazip/dev/peach.pas(4466,33) Hint: (5024) Parameter "Sender" not used
/home/riceric/unarchiver-assessment-20260930/peazip/dev/peach.pas(4467,35) Hint: (5024) Parameter "Sender" not used
/home/riceric/unarchiver-assessment-20260930/peazip/dev/peach.pas(4468,32) Hint: (5024) Parameter "Sender" not used
/home/riceric/unarchiver-assessment-20260930/peazip/dev/peach.pas(4469,46) Hint: (5024) Parameter "Sender" not used
/home/riceric/unarchiver-assessment-20260930/peazip/dev/peach.pas(4470,39) Hint: (5024) Parameter "Sender" not used
/home/riceric/unarchiver-assessment-20260930/peazip/dev/peach.pas(4471,34) Hint: (5024) Parameter "Sender" not used
/home/riceric/unarchiver-assessment-20260930/peazip/dev/peach.pas(4472,33) Hint: (5024) Parameter "Sender" not used
/home/riceric/unarchiver-assessment-20260930/peazip/dev/peach.pas(4473,32) Hint: (5024) Parameter "Sender" not used
/home/riceric/unarchiver-assessment-20260930/peazip/dev/peach.pas(75347,4) Note: (5025) Local variable "cl" not used
/home/riceric/unarchiver-assessment-20260930/peazip/dev/peach.pas(4474,29) Hint: (5024) Parameter "Sender" not used
/home/riceric/unarchiver-assessment-20260930/peazip/dev/peach.pas(75357,4) Note: (5025) Local variable "cl" not used
/home/riceric/unarchiver-assessment-20260930/peazip/dev/peach.pas(4475,32) Hint: (5024) Parameter "Sender" not used
/home/riceric/unarchiver-assessment-20260930/peazip/dev/peach.pas(4476,27) Hint: (5024) Parameter "Sender" not used
/home/riceric/unarchiver-assessment-20260930/peazip/dev/peach.pas(4480,28) Hint: (5024) Parameter "Sender" not used
/home/riceric/unarchiver-assessment-20260930/peazip/dev/peach.pas(4481,29) Hint: (5024) Parameter "Sender" not used
/home/riceric/unarchiver-assessment-20260930/peazip/dev/peach.pas(4482,30) Hint: (5024) Parameter "Sender" not used
/home/riceric/unarchiver-assessment-20260930/peazip/dev/peach.pas(4281,33) Hint: (5024) Parameter "Sender" not used
/home/riceric/unarchiver-assessment-20260930/peazip/dev/peach.pas(4483,30) Hint: (5024) Parameter "Sender" not used
/home/riceric/unarchiver-assessment-20260930/peazip/dev/peach.pas(4484,44) Hint: (5024) Parameter "Sender" not used
/home/riceric/unarchiver-assessment-20260930/peazip/dev/peach.pas(4485,46) Hint: (5024) Parameter "Sender" not used
/home/riceric/unarchiver-assessment-20260930/peazip/dev/peach.pas(4486,30) Hint: (5024) Parameter "Sender" not used
/home/riceric/unarchiver-assessment-20260930/peazip/dev/peach.pas(4489,38) Hint: (5024) Parameter "Sender" not used
/home/riceric/unarchiver-assessment-20260930/peazip/dev/peach.pas(4487,34) Hint: (5024) Parameter "Sender" not used
/home/riceric/unarchiver-assessment-20260930/peazip/dev/peach.pas(4488,43) Hint: (5024) Parameter "Sender" not used
/home/riceric/unarchiver-assessment-20260930/peazip/dev/peach.pas(4490,40) Hint: (5024) Parameter "Sender" not used
/home/riceric/unarchiver-assessment-20260930/peazip/dev/peach.pas(4491,37) Hint: (5024) Parameter "Sender" not used
/home/riceric/unarchiver-assessment-20260930/peazip/dev/peach.pas(4492,36) Hint: (5024) Parameter "Sender" not used
/home/riceric/unarchiver-assessment-20260930/peazip/dev/peach.pas(4493,36) Hint: (5024) Parameter "Sender" not used
/home/riceric/unarchiver-assessment-20260930/peazip/dev/peach.pas(4499,37) Hint: (5024) Parameter "Sender" not used
/home/riceric/unarchiver-assessment-20260930/peazip/dev/peach.pas(4500,35) Hint: (5024) Parameter "Sender" not used
/home/riceric/unarchiver-assessment-20260930/peazip/dev/peach.pas(4494,42) Hint: (5024) Parameter "Sender" not used
/home/riceric/unarchiver-assessment-20260930/peazip/dev/peach.pas(4495,40) Hint: (5024) Parameter "Sender" not used
/home/riceric/unarchiver-assessment-20260930/peazip/dev/peach.pas(4867,35) Hint: (5024) Parameter "Sender" not used
/home/riceric/unarchiver-assessment-20260930/peazip/dev/peach.pas(4868,40) Hint: (5024) Parameter "Sender" not used
/home/riceric/unarchiver-assessment-20260930/peazip/dev/peach.pas(4869,38) Hint: (5024) Parameter "Sender" not used
/home/riceric/unarchiver-assessment-20260930/peazip/dev/peach.pas(4870,39) Hint: (5024) Parameter "Sender" not used
/home/riceric/unarchiver-assessment-20260930/peazip/dev/peach.pas(4871,40) Hint: (5024) Parameter "Sender" not used
/home/riceric/unarchiver-assessment-20260930/peazip/dev/peach.pas(4872,39) Hint: (5024) Parameter "Sender" not used
/home/riceric/unarchiver-assessment-20260930/peazip/dev/peach.pas(4873,38) Hint: (5024) Parameter "Sender" not used
/home/riceric/unarchiver-assessment-20260930/peazip/dev/peach.pas(4496,35) Hint: (5024) Parameter "Sender" not used
/home/riceric/unarchiver-assessment-20260930/peazip/dev/peach.pas(4497,34) Hint: (5024) Parameter "Sender" not used
/home/riceric/unarchiver-assessment-20260930/peazip/dev/peach.pas(4498,35) Hint: (5024) Parameter "Sender" not used
/home/riceric/unarchiver-assessment-20260930/peazip/dev/peach.pas(4501,40) Hint: (5024) Parameter "Sender" not used
/home/riceric/unarchiver-assessment-20260930/peazip/dev/peach.pas(4502,28) Hint: (5024) Parameter "Sender" not used
/home/riceric/unarchiver-assessment-20260930/peazip/dev/peach.pas(4503,45) Hint: (5024) Parameter "Sender" not used
/home/riceric/unarchiver-assessment-20260930/peazip/dev/peach.pas(4505,30) Hint: (5024) Parameter "Sender" not used
/home/riceric/unarchiver-assessment-20260930/peazip/dev/peach.pas(4176,34) Hint: (5024) Parameter "Sender" not used
/home/riceric/unarchiver-assessment-20260930/peazip/dev/peach.pas(4506,36) Hint: (5024) Parameter "Sender" not used
/home/riceric/unarchiver-assessment-20260930/peazip/dev/peach.pas(4507,31) Hint: (5024) Parameter "Sender" not used
/home/riceric/unarchiver-assessment-20260930/peazip/dev/peach.pas(4508,40) Hint: (5024) Parameter "Sender" not used
/home/riceric/unarchiver-assessment-20260930/peazip/dev/peach.pas(4509,34) Hint: (5024) Parameter "Sender" not used
/home/riceric/unarchiver-assessment-20260930/peazip/dev/peach.pas(4510,36) Hint: (5024) Parameter "Sender" not used
/home/riceric/unarchiver-assessment-20260930/peazip/dev/peach.pas(4511,28) Hint: (5024) Parameter "Sender" not used
/home/riceric/unarchiver-assessment-20260930/peazip/dev/peach.pas(4512,30) Hint: (5024) Parameter "Sender" not used
/home/riceric/unarchiver-assessment-20260930/peazip/dev/peach.pas(4513,40) Hint: (5024) Parameter "Sender" not used
/home/riceric/unarchiver-assessment-20260930/peazip/dev/peach.pas(4514,35) Hint: (5024) Parameter "Sender" not used
/home/riceric/unarchiver-assessment-20260930/peazip/dev/peach.pas(4515,32) Hint: (5024) Parameter "Sender" not used
/home/riceric/unarchiver-assessment-20260930/peazip/dev/peach.pas(4516,30) Hint: (5024) Parameter "Sender" not used
/home/riceric/unarchiver-assessment-20260930/peazip/dev/peach.pas(4517,41) Hint: (5024) Parameter "Sender" not used
/home/riceric/unarchiver-assessment-20260930/peazip/dev/peach.pas(4518,32) Hint: (5024) Parameter "Sender" not used
/home/riceric/unarchiver-assessment-20260930/peazip/dev/peach.pas(4519,31) Hint: (5024) Parameter "Sender" not used
/home/riceric/unarchiver-assessment-20260930/peazip/dev/peach.pas(4520,31) Hint: (5024) Parameter "Sender" not used
/home/riceric/unarchiver-assessment-20260930/peazip/dev/peach.pas(4521,31) Hint: (5024) Parameter "Sender" not used
/home/riceric/unarchiver-assessment-20260930/peazip/dev/peach.pas(4522,28) Hint: (5024) Parameter "Sender" not used
/home/riceric/unarchiver-assessment-20260930/peazip/dev/peach.pas(4529,30) Hint: (5024) Parameter "Sender" not used
/home/riceric/unarchiver-assessment-20260930/peazip/dev/peach.pas(4530,39) Hint: (5024) Parameter "Sender" not used
/home/riceric/unarchiver-assessment-20260930/peazip/dev/peach.pas(4531,45) Hint: (5024) Parameter "Sender" not used
/home/riceric/unarchiver-assessment-20260930/peazip/dev/peach.pas(4532,44) Hint: (5024) Parameter "Sender" not used
/home/riceric/unarchiver-assessment-20260930/peazip/dev/peach.pas(4533,31) Hint: (5024) Parameter "Sender" not used
/home/riceric/unarchiver-assessment-20260930/peazip/dev/peach.pas(4534,30) Hint: (5024) Parameter "Sender" not used
/home/riceric/unarchiver-assessment-20260930/peazip/dev/peach.pas(4535,30) Hint: (5024) Parameter "Sender" not used
/home/riceric/unarchiver-assessment-20260930/peazip/dev/peach.pas(4536,30) Hint: (5024) Parameter "Sender" not used
/home/riceric/unarchiver-assessment-20260930/peazip/dev/peach.pas(4539,40) Hint: (5024) Parameter "Sender" not used
/home/riceric/unarchiver-assessment-20260930/peazip/dev/peach.pas(75715,4) Note: (5025) Local variable "cl" not used
/home/riceric/unarchiver-assessment-20260930/peazip/dev/peach.pas(4540,34) Hint: (5024) Parameter "Sender" not used
/home/riceric/unarchiver-assessment-20260930/peazip/dev/peach.pas(75725,4) Note: (5025) Local variable "cl" not used
/home/riceric/unarchiver-assessment-20260930/peazip/dev/peach.pas(4541,34) Hint: (5024) Parameter "Sender" not used
/home/riceric/unarchiver-assessment-20260930/peazip/dev/peach.pas(75735,4) Note: (5025) Local variable "cl" not used
/home/riceric/unarchiver-assessment-20260930/peazip/dev/peach.pas(4542,35) Hint: (5024) Parameter "Sender" not used
/home/riceric/unarchiver-assessment-20260930/peazip/dev/peach.pas(4543,30) Hint: (5024) Parameter "Sender" not used
/home/riceric/unarchiver-assessment-20260930/peazip/dev/peach.pas(75750,4) Note: (5025) Local variable "cl" not used
/home/riceric/unarchiver-assessment-20260930/peazip/dev/peach.pas(4544,31) Hint: (5024) Parameter "Sender" not used
/home/riceric/unarchiver-assessment-20260930/peazip/dev/peach.pas(75760,4) Note: (5025) Local variable "cl" not used
/home/riceric/unarchiver-assessment-20260930/peazip/dev/peach.pas(4545,33) Hint: (5024) Parameter "Sender" not used
/home/riceric/unarchiver-assessment-20260930/peazip/dev/peach.pas(4546,33) Hint: (5024) Parameter "Sender" not used
/home/riceric/unarchiver-assessment-20260930/peazip/dev/peach.pas(4547,36) Hint: (5024) Parameter "Sender" not used
/home/riceric/unarchiver-assessment-20260930/peazip/dev/peach.pas(4548,38) Hint: (5024) Parameter "Sender" not used
/home/riceric/unarchiver-assessment-20260930/peazip/dev/peach.pas(4549,39) Hint: (5024) Parameter "Sender" not used
/home/riceric/unarchiver-assessment-20260930/peazip/dev/peach.pas(4550,42) Hint: (5024) Parameter "Sender" not used
/home/riceric/unarchiver-assessment-20260930/peazip/dev/peach.pas(4551,28) Hint: (5024) Parameter "Sender" not used
/home/riceric/unarchiver-assessment-20260930/peazip/dev/peach.pas(4552,34) Hint: (5024) Parameter "Sender" not used
/home/riceric/unarchiver-assessment-20260930/peazip/dev/peach.pas(4553,42) Hint: (5024) Parameter "Sender" not used
/home/riceric/unarchiver-assessment-20260930/peazip/dev/peach.pas(75811,4) Note: (5025) Local variable "cl" not used
/home/riceric/unarchiver-assessment-20260930/peazip/dev/peach.pas(75812,4) Note: (5025) Local variable "P" not used
/home/riceric/unarchiver-assessment-20260930/peazip/dev/peach.pas(4554,31) Hint: (5024) Parameter "Sender" not used
/home/riceric/unarchiver-assessment-20260930/peazip/dev/peach.pas(4555,34) Hint: (5024) Parameter "Sender" not used
/home/riceric/unarchiver-assessment-20260930/peazip/dev/peach.pas(75834,4) Note: (5025) Local variable "cl" not used
/home/riceric/unarchiver-assessment-20260930/peazip/dev/peach.pas(4556,36) Hint: (5024) Parameter "Sender" not used
/home/riceric/unarchiver-assessment-20260930/peazip/dev/peach.pas(4576,41) Hint: (5024) Parameter "Sender" not used
/home/riceric/unarchiver-assessment-20260930/peazip/dev/peach.pas(4577,38) Hint: (5024) Parameter "Sender" not used
/home/riceric/unarchiver-assessment-20260930/peazip/dev/peach.pas(4578,43) Hint: (5024) Parameter "Sender" not used
/home/riceric/unarchiver-assessment-20260930/peazip/dev/peach.pas(4579,43) Hint: (5024) Parameter "Sender" not used
/home/riceric/unarchiver-assessment-20260930/peazip/dev/peach.pas(4580,38) Hint: (5024) Parameter "Sender" not used
/home/riceric/unarchiver-assessment-20260930/peazip/dev/peach.pas(4581,43) Hint: (5024) Parameter "Sender" not used
/home/riceric/unarchiver-assessment-20260930/peazip/dev/peach.pas(4582,43) Hint: (5024) Parameter "Sender" not used
/home/riceric/unarchiver-assessment-20260930/peazip/dev/peach.pas(4583,38) Hint: (5024) Parameter "Sender" not used
/home/riceric/unarchiver-assessment-20260930/peazip/dev/peach.pas(4584,43) Hint: (5024) Parameter "Sender" not used
/home/riceric/unarchiver-assessment-20260930/peazip/dev/peach.pas(4585,43) Hint: (5024) Parameter "Sender" not used
/home/riceric/unarchiver-assessment-20260930/peazip/dev/peach.pas(4586,38) Hint: (5024) Parameter "Sender" not used
/home/riceric/unarchiver-assessment-20260930/peazip/dev/peach.pas(4587,43) Hint: (5024) Parameter "Sender" not used
/home/riceric/unarchiver-assessment-20260930/peazip/dev/peach.pas(4588,43) Hint: (5024) Parameter "Sender" not used
/home/riceric/unarchiver-assessment-20260930/peazip/dev/peach.pas(4589,36) Hint: (5024) Parameter "Sender" not used
/home/riceric/unarchiver-assessment-20260930/peazip/dev/peach.pas(4590,41) Hint: (5024) Parameter "Sender" not used
/home/riceric/unarchiver-assessment-20260930/peazip/dev/peach.pas(4591,41) Hint: (5024) Parameter "Sender" not used
/home/riceric/unarchiver-assessment-20260930/peazip/dev/peach.pas(4592,36) Hint: (5024) Parameter "Sender" not used
/home/riceric/unarchiver-assessment-20260930/peazip/dev/peach.pas(4593,41) Hint: (5024) Parameter "Sender" not used
/home/riceric/unarchiver-assessment-20260930/peazip/dev/peach.pas(4594,41) Hint: (5024) Parameter "Sender" not used
/home/riceric/unarchiver-assessment-20260930/peazip/dev/peach.pas(4595,36) Hint: (5024) Parameter "Sender" not used
/home/riceric/unarchiver-assessment-20260930/peazip/dev/peach.pas(4596,41) Hint: (5024) Parameter "Sender" not used
/home/riceric/unarchiver-assessment-20260930/peazip/dev/peach.pas(4597,41) Hint: (5024) Parameter "Sender" not used
/home/riceric/unarchiver-assessment-20260930/peazip/dev/peach.pas(4598,36) Hint: (5024) Parameter "Sender" not used
/home/riceric/unarchiver-assessment-20260930/peazip/dev/peach.pas(4599,41) Hint: (5024) Parameter "Sender" not used
/home/riceric/unarchiver-assessment-20260930/peazip/dev/peach.pas(4600,41) Hint: (5024) Parameter "Sender" not used
/home/riceric/unarchiver-assessment-20260930/peazip/dev/peach.pas(4601,36) Hint: (5024) Parameter "Sender" not used
/home/riceric/unarchiver-assessment-20260930/peazip/dev/peach.pas(4602,41) Hint: (5024) Parameter "Sender" not used
/home/riceric/unarchiver-assessment-20260930/peazip/dev/peach.pas(4603,41) Hint: (5024) Parameter "Sender" not used
/home/riceric/unarchiver-assessment-20260930/peazip/dev/peach.pas(4604,36) Hint: (5024) Parameter "Sender" not used
/home/riceric/unarchiver-assessment-20260930/peazip/dev/peach.pas(4605,41) Hint: (5024) Parameter "Sender" not used
/home/riceric/unarchiver-assessment-20260930/peazip/dev/peach.pas(4606,41) Hint: (5024) Parameter "Sender" not used
/home/riceric/unarchiver-assessment-20260930/peazip/dev/peach.pas(4607,36) Hint: (5024) Parameter "Sender" not used
/home/riceric/unarchiver-assessment-20260930/peazip/dev/peach.pas(4608,41) Hint: (5024) Parameter "Sender" not used
/home/riceric/unarchiver-assessment-20260930/peazip/dev/peach.pas(4609,41) Hint: (5024) Parameter "Sender" not used
/home/riceric/unarchiver-assessment-20260930/peazip/dev/peach.pas(4610,36) Hint: (5024) Parameter "Sender" not used
/home/riceric/unarchiver-assessment-20260930/peazip/dev/peach.pas(4611,41) Hint: (5024) Parameter "Sender" not used
/home/riceric/unarchiver-assessment-20260930/peazip/dev/peach.pas(4612,41) Hint: (5024) Parameter "Sender" not used
/home/riceric/unarchiver-assessment-20260930/peazip/dev/peach.pas(4613,35) Hint: (5024) Parameter "Sender" not used
/home/riceric/unarchiver-assessment-20260930/peazip/dev/peach.pas(76144,39) Hint: (5091) Local variable "outname" of a managed type does not seem to be initialized
/home/riceric/unarchiver-assessment-20260930/peazip/dev/peach.pas(76144,31) Hint: (5091) Local variable "jobcode" of a managed type does not seem to be initialized
/home/riceric/unarchiver-assessment-20260930/peazip/dev/peach.pas(76144,23) Hint: (5091) Local variable "cl" of a managed type does not seem to be initialized
/home/riceric/unarchiver-assessment-20260930/peazip/dev/peach.pas(5596,46) Hint: (5024) Parameter "Sender" not used
/home/riceric/unarchiver-assessment-20260930/peazip/dev/peach.pas(76151,31) Hint: (5091) Local variable "outname" of a managed type does not seem to be initialized
/home/riceric/unarchiver-assessment-20260930/peazip/dev/peach.pas(76151,23) Hint: (5091) Local variable "jobcode" of a managed type does not seem to be initialized
/home/riceric/unarchiver-assessment-20260930/peazip/dev/peach.pas(76151,15) Hint: (5091) Local variable "cl" of a managed type does not seem to be initialized
/home/riceric/unarchiver-assessment-20260930/peazip/dev/peach.pas(5597,43) Hint: (5024) Parameter "Sender" not used
/home/riceric/unarchiver-assessment-20260930/peazip/dev/peach.pas(5099,27) Hint: (5024) Parameter "Sender" not used
/home/riceric/unarchiver-assessment-20260930/peazip/dev/peach.pas(5598,37) Hint: (5024) Parameter "Sender" not used
/home/riceric/unarchiver-assessment-20260930/peazip/dev/peach.pas(5599,37) Hint: (5024) Parameter "Sender" not used
/home/riceric/unarchiver-assessment-20260930/peazip/dev/peach.pas(76182,37) Hint: (5091) Local variable "outname" of a managed type does not seem to be initialized
/home/riceric/unarchiver-assessment-20260930/peazip/dev/peach.pas(76182,29) Hint: (5091) Local variable "jobcode" of a managed type does not seem to be initialized
/home/riceric/unarchiver-assessment-20260930/peazip/dev/peach.pas(5600,35) Hint: (5024) Parameter "Sender" not used
/home/riceric/unarchiver-assessment-20260930/peazip/dev/peach.pas(5601,37) Hint: (5024) Parameter "Sender" not used
/home/riceric/unarchiver-assessment-20260930/peazip/dev/peach.pas(4419,43) Hint: (5024) Parameter "Sender" not used
/home/riceric/unarchiver-assessment-20260930/peazip/dev/peach.pas(5602,36) Hint: (5024) Parameter "Sender" not used
/home/riceric/unarchiver-assessment-20260930/peazip/dev/peach.pas(5603,38) Hint: (5024) Parameter "Sender" not used
/home/riceric/unarchiver-assessment-20260930/peazip/dev/peach.pas(5604,34) Hint: (5024) Parameter "Sender" not used
/home/riceric/unarchiver-assessment-20260930/peazip/dev/peach.pas(76235,45) Hint: (5091) Local variable "outname" of a managed type does not seem to be initialized
/home/riceric/unarchiver-assessment-20260930/peazip/dev/peach.pas(76235,37) Hint: (5091) Local variable "jobcode" of a managed type does not seem to be initialized
/home/riceric/unarchiver-assessment-20260930/peazip/dev/peach.pas(5605,35) Hint: (5024) Parameter "Sender" not used
/home/riceric/unarchiver-assessment-20260930/peazip/dev/peach.pas(5606,41) Hint: (5024) Parameter "Sender" not used
/home/riceric/unarchiver-assessment-20260930/peazip/dev/peach.pas(5607,41) Hint: (5024) Parameter "Sender" not used
/home/riceric/unarchiver-assessment-20260930/peazip/dev/peach.pas(5609,34) Hint: (5024) Parameter "Sender" not used
/home/riceric/unarchiver-assessment-20260930/peazip/dev/peach.pas(5610,29) Hint: (5024) Parameter "Sender" not used
/home/riceric/unarchiver-assessment-20260930/peazip/dev/peach.pas(5611,34) Hint: (5024) Parameter "Sender" not used
/home/riceric/unarchiver-assessment-20260930/peazip/dev/peach.pas(5612,33) Hint: (5024) Parameter "Sender" not used
/home/riceric/unarchiver-assessment-20260930/peazip/dev/peach.pas(5613,35) Hint: (5024) Parameter "Sender" not used
/home/riceric/unarchiver-assessment-20260930/peazip/dev/peach.pas(5614,33) Hint: (5024) Parameter "Sender" not used
/home/riceric/unarchiver-assessment-20260930/peazip/dev/peach.pas(5615,34) Hint: (5024) Parameter "Sender" not used
/home/riceric/unarchiver-assessment-20260930/peazip/dev/peach.pas(5616,32) Hint: (5024) Parameter "Sender" not used
/home/riceric/unarchiver-assessment-20260930/peazip/dev/peach.pas(3895,35) Hint: (5024) Parameter "Sender" not used
/home/riceric/unarchiver-assessment-20260930/peazip/dev/peach.pas(5617,32) Hint: (5024) Parameter "Sender" not used
/home/riceric/unarchiver-assessment-20260930/peazip/dev/peach.pas(5618,32) Hint: (5024) Parameter "Sender" not used
/home/riceric/unarchiver-assessment-20260930/peazip/dev/peach.pas(5619,36) Hint: (5024) Parameter "Sender" not used
/home/riceric/unarchiver-assessment-20260930/peazip/dev/peach.pas(5620,43) Hint: (5024) Parameter "Sender" not used
/home/riceric/unarchiver-assessment-20260930/peazip/dev/peach.pas(5621,39) Hint: (5024) Parameter "Sender" not used
/home/riceric/unarchiver-assessment-20260930/peazip/dev/peach.pas(5622,39) Hint: (5024) Parameter "Sender" not used
/home/riceric/unarchiver-assessment-20260930/peazip/dev/peach.pas(5309,38) Hint: (5024) Parameter "Sender" not used
/home/riceric/unarchiver-assessment-20260930/peazip/dev/peach.pas(5623,43) Hint: (5024) Parameter "Sender" not used
/home/riceric/unarchiver-assessment-20260930/peazip/dev/peach.pas(4477,30) Hint: (5024) Parameter "Sender" not used
/home/riceric/unarchiver-assessment-20260930/peazip/dev/peach.pas(4478,36) Hint: (5024) Parameter "Sender" not used
/home/riceric/unarchiver-assessment-20260930/peazip/dev/peach.pas(4479,35) Hint: (5024) Parameter "Sender" not used
/home/riceric/unarchiver-assessment-20260930/peazip/dev/peach.pas(5310,44) Hint: (5024) Parameter "Sender" not used
/home/riceric/unarchiver-assessment-20260930/peazip/dev/peach.pas(5311,43) Hint: (5024) Parameter "Sender" not used
/home/riceric/unarchiver-assessment-20260930/peazip/dev/peach.pas(5624,49) Hint: (5024) Parameter "Sender" not used
/home/riceric/unarchiver-assessment-20260930/peazip/dev/peach.pas(5625,48) Hint: (5024) Parameter "Sender" not used
/home/riceric/unarchiver-assessment-20260930/peazip/dev/peach.pas(5626,40) Hint: (5024) Parameter "Sender" not used
/home/riceric/unarchiver-assessment-20260930/peazip/dev/peach.pas(5627,44) Hint: (5024) Parameter "Sender" not used
/home/riceric/unarchiver-assessment-20260930/peazip/dev/peach.pas(5628,50) Hint: (5024) Parameter "Sender" not used
/home/riceric/unarchiver-assessment-20260930/peazip/dev/peach.pas(5629,49) Hint: (5024) Parameter "Sender" not used
/home/riceric/unarchiver-assessment-20260930/peazip/dev/peach.pas(5630,40) Hint: (5024) Parameter "Sender" not used
/home/riceric/unarchiver-assessment-20260930/peazip/dev/peach.pas(5631,44) Hint: (5024) Parameter "Sender" not used
/home/riceric/unarchiver-assessment-20260930/peazip/dev/peach.pas(5632,50) Hint: (5024) Parameter "Sender" not used
/home/riceric/unarchiver-assessment-20260930/peazip/dev/peach.pas(5633,49) Hint: (5024) Parameter "Sender" not used
/home/riceric/unarchiver-assessment-20260930/peazip/dev/peach.pas(5634,44) Hint: (5024) Parameter "Sender" not used
/home/riceric/unarchiver-assessment-20260930/peazip/dev/peach.pas(5635,50) Hint: (5024) Parameter "Sender" not used
/home/riceric/unarchiver-assessment-20260930/peazip/dev/peach.pas(5636,49) Hint: (5024) Parameter "Sender" not used
/home/riceric/unarchiver-assessment-20260930/peazip/dev/peach.pas(5637,38) Hint: (5024) Parameter "Sender" not used
/home/riceric/unarchiver-assessment-20260930/peazip/dev/peach.pas(5638,44) Hint: (5024) Parameter "Sender" not used
/home/riceric/unarchiver-assessment-20260930/peazip/dev/peach.pas(5639,40) Hint: (5024) Parameter "Sender" not used
/home/riceric/unarchiver-assessment-20260930/peazip/dev/peach.pas(5640,40) Hint: (5024) Parameter "Sender" not used
/home/riceric/unarchiver-assessment-20260930/peazip/dev/peach.pas(4184,37) Hint: (5024) Parameter "Sender" not used
/home/riceric/unarchiver-assessment-20260930/peazip/dev/peach.pas(4185,33) Hint: (5024) Parameter "Sender" not used
/home/riceric/unarchiver-assessment-20260930/peazip/dev/peach.pas(4295,31) Hint: (5024) Parameter "Sender" not used
/home/riceric/unarchiver-assessment-20260930/peazip/dev/peach.pas(4297,33) Hint: (5024) Parameter "Sender" not used
/home/riceric/unarchiver-assessment-20260930/peazip/dev/peach.pas(4303,31) Hint: (5024) Parameter "Sender" not used
/home/riceric/unarchiver-assessment-20260930/peazip/dev/peach.pas(4304,31) Hint: (5024) Parameter "Sender" not used
/home/riceric/unarchiver-assessment-20260930/peazip/dev/peach.pas(4307,32) Hint: (5024) Parameter "Sender" not used
/home/riceric/unarchiver-assessment-20260930/peazip/dev/peach.pas(4308,31) Hint: (5024) Parameter "Sender" not used
/home/riceric/unarchiver-assessment-20260930/peazip/dev/peach.pas(4309,31) Hint: (5024) Parameter "Sender" not used
/home/riceric/unarchiver-assessment-20260930/peazip/dev/peach.pas(4310,35) Hint: (5024) Parameter "Sender" not used
/home/riceric/unarchiver-assessment-20260930/peazip/dev/peach.pas(5058,34) Hint: (5024) Parameter "Sender" not used
/home/riceric/unarchiver-assessment-20260930/peazip/dev/peach.pas(4268,33) Hint: (5024) Parameter "Sender" not used
/home/riceric/unarchiver-assessment-20260930/peazip/dev/peach.pas(4269,36) Hint: (5024) Parameter "Sender" not used
/home/riceric/unarchiver-assessment-20260930/peazip/dev/peach.pas(4270,33) Hint: (5024) Parameter "Sender" not used
/home/riceric/unarchiver-assessment-20260930/peazip/dev/peach.pas(4271,33) Hint: (5024) Parameter "Sender" not used
/home/riceric/unarchiver-assessment-20260930/peazip/dev/peach.pas(4272,34) Hint: (5024) Parameter "Sender" not used
/home/riceric/unarchiver-assessment-20260930/peazip/dev/peach.pas(4273,34) Hint: (5024) Parameter "Sender" not used
/home/riceric/unarchiver-assessment-20260930/peazip/dev/peach.pas(4274,33) Hint: (5024) Parameter "Sender" not used
/home/riceric/unarchiver-assessment-20260930/peazip/dev/peach.pas(4275,30) Hint: (5024) Parameter "Sender" not used
/home/riceric/unarchiver-assessment-20260930/peazip/dev/peach.pas(4276,37) Hint: (5024) Parameter "Sender" not used
/home/riceric/unarchiver-assessment-20260930/peazip/dev/peach.pas(4277,35) Hint: (5024) Parameter "Sender" not used
/home/riceric/unarchiver-assessment-20260930/peazip/dev/peach.pas(4278,34) Hint: (5024) Parameter "Sender" not used
/home/riceric/unarchiver-assessment-20260930/peazip/dev/peach.pas(4279,34) Hint: (5024) Parameter "Sender" not used
/home/riceric/unarchiver-assessment-20260930/peazip/dev/peach.pas(4264,40) Hint: (5024) Parameter "Sender" not used
/home/riceric/unarchiver-assessment-20260930/peazip/dev/peach.pas(4265,35) Hint: (5024) Parameter "Sender" not used
/home/riceric/unarchiver-assessment-20260930/peazip/dev/peach.pas(4266,36) Hint: (5024) Parameter "Sender" not used
/home/riceric/unarchiver-assessment-20260930/peazip/dev/peach.pas(4267,37) Hint: (5024) Parameter "Sender" not used
/home/riceric/unarchiver-assessment-20260930/peazip/dev/peach.pas(5184,33) Hint: (5024) Parameter "Sender" not used
/home/riceric/unarchiver-assessment-20260930/peazip/dev/peach.pas(5687,31) Hint: (5024) Parameter "Sender" not used
/home/riceric/unarchiver-assessment-20260930/peazip/dev/peach.pas(5059,32) Hint: (5024) Parameter "Sender" not used
/home/riceric/unarchiver-assessment-20260930/peazip/dev/peach.pas(5055,37) Hint: (5024) Parameter "Sender" not used
/home/riceric/unarchiver-assessment-20260930/peazip/dev/peach.pas(5641,40) Hint: (5024) Parameter "Sender" not used
/home/riceric/unarchiver-assessment-20260930/peazip/dev/peach.pas(4192,42) Hint: (5024) Parameter "Sender" not used
/home/riceric/unarchiver-assessment-20260930/peazip/dev/peach.pas(4193,42) Hint: (5024) Parameter "Sender" not used
/home/riceric/unarchiver-assessment-20260930/peazip/dev/peach.pas(4194,40) Hint: (5024) Parameter "Sender" not used
/home/riceric/unarchiver-assessment-20260930/peazip/dev/peach.pas(4195,38) Hint: (5024) Parameter "Sender" not used
/home/riceric/unarchiver-assessment-20260930/peazip/dev/peach.pas(4196,37) Hint: (5024) Parameter "Sender" not used
/home/riceric/unarchiver-assessment-20260930/peazip/dev/peach.pas(4197,39) Hint: (5024) Parameter "Sender" not used
/home/riceric/unarchiver-assessment-20260930/peazip/dev/peach.pas(4198,41) Hint: (5024) Parameter "Sender" not used
/home/riceric/unarchiver-assessment-20260930/peazip/dev/peach.pas(4199,37) Hint: (5024) Parameter "Sender" not used
/home/riceric/unarchiver-assessment-20260930/peazip/dev/peach.pas(5642,42) Hint: (5024) Parameter "Sender" not used
/home/riceric/unarchiver-assessment-20260930/peazip/dev/peach.pas(5378,37) Hint: (5024) Parameter "Sender" not used
/home/riceric/unarchiver-assessment-20260930/peazip/dev/peach.pas(5078,32) Hint: (5024) Parameter "Sender" not used
/home/riceric/unarchiver-assessment-20260930/peazip/dev/peach.pas(5080,32) Hint: (5024) Parameter "Sender" not used
/home/riceric/unarchiver-assessment-20260930/peazip/dev/peach.pas(5082,30) Hint: (5024) Parameter "Sender" not used
/home/riceric/unarchiver-assessment-20260930/peazip/dev/peach.pas(5083,33) Hint: (5024) Parameter "Sender" not used
/home/riceric/unarchiver-assessment-20260930/peazip/dev/peach.pas(5084,30) Hint: (5024) Parameter "Sender" not used
/home/riceric/unarchiver-assessment-20260930/peazip/dev/peach.pas(5085,36) Hint: (5024) Parameter "Sender" not used
/home/riceric/unarchiver-assessment-20260930/peazip/dev/peach.pas(5086,38) Hint: (5024) Parameter "Sender" not used
/home/riceric/unarchiver-assessment-20260930/peazip/dev/peach.pas(5087,34) Hint: (5024) Parameter "Sender" not used
/home/riceric/unarchiver-assessment-20260930/peazip/dev/peach.pas(5088,36) Hint: (5024) Parameter "Sender" not used
/home/riceric/unarchiver-assessment-20260930/peazip/dev/peach.pas(5089,35) Hint: (5024) Parameter "Sender" not used
/home/riceric/unarchiver-assessment-20260930/peazip/dev/peach.pas(5090,34) Hint: (5024) Parameter "Sender" not used
/home/riceric/unarchiver-assessment-20260930/peazip/dev/peach.pas(5091,41) Hint: (5024) Parameter "Sender" not used
/home/riceric/unarchiver-assessment-20260930/peazip/dev/peach.pas(5092,34) Hint: (5024) Parameter "Sender" not used
/home/riceric/unarchiver-assessment-20260930/peazip/dev/peach.pas(5093,33) Hint: (5024) Parameter "Sender" not used
/home/riceric/unarchiver-assessment-20260930/peazip/dev/peach.pas(5379,31) Hint: (5024) Parameter "Sender" not used
/home/riceric/unarchiver-assessment-20260930/peazip/dev/peach.pas(5380,31) Hint: (5024) Parameter "Sender" not used
/home/riceric/unarchiver-assessment-20260930/peazip/dev/peach.pas(5381,31) Hint: (5024) Parameter "Sender" not used
/home/riceric/unarchiver-assessment-20260930/peazip/dev/peach.pas(5382,31) Hint: (5024) Parameter "Sender" not used
/home/riceric/unarchiver-assessment-20260930/peazip/dev/peach.pas(5383,31) Hint: (5024) Parameter "Sender" not used
/home/riceric/unarchiver-assessment-20260930/peazip/dev/peach.pas(5384,31) Hint: (5024) Parameter "Sender" not used
/home/riceric/unarchiver-assessment-20260930/peazip/dev/peach.pas(5385,31) Hint: (5024) Parameter "Sender" not used
/home/riceric/unarchiver-assessment-20260930/peazip/dev/peach.pas(5386,31) Hint: (5024) Parameter "Sender" not used
/home/riceric/unarchiver-assessment-20260930/peazip/dev/peach.pas(5387,35) Hint: (5024) Parameter "Sender" not used
/home/riceric/unarchiver-assessment-20260930/peazip/dev/peach.pas(5643,39) Hint: (5024) Parameter "Sender" not used
/home/riceric/unarchiver-assessment-20260930/peazip/dev/peach.pas(5644,31) Hint: (5024) Parameter "Sender" not used
/home/riceric/unarchiver-assessment-20260930/peazip/dev/peach.pas(5645,33) Hint: (5024) Parameter "Sender" not used
/home/riceric/unarchiver-assessment-20260930/peazip/dev/peach.pas(5646,31) Hint: (5024) Parameter "Sender" not used
/home/riceric/unarchiver-assessment-20260930/peazip/dev/peach.pas(5647,34) Hint: (5024) Parameter "Sender" not used
/home/riceric/unarchiver-assessment-20260930/peazip/dev/peach.pas(5648,32) Hint: (5024) Parameter "Sender" not used
/home/riceric/unarchiver-assessment-20260930/peazip/dev/peach.pas(5649,33) Hint: (5024) Parameter "Sender" not used
/home/riceric/unarchiver-assessment-20260930/peazip/dev/peach.pas(5650,31) Hint: (5024) Parameter "Sender" not used
/home/riceric/unarchiver-assessment-20260930/peazip/dev/peach.pas(5651,31) Hint: (5024) Parameter "Sender" not used
/home/riceric/unarchiver-assessment-20260930/peazip/dev/peach.pas(5652,31) Hint: (5024) Parameter "Sender" not used
/home/riceric/unarchiver-assessment-20260930/peazip/dev/peach.pas(5653,31) Hint: (5024) Parameter "Sender" not used
/home/riceric/unarchiver-assessment-20260930/peazip/dev/peach.pas(5654,31) Hint: (5024) Parameter "Sender" not used
/home/riceric/unarchiver-assessment-20260930/peazip/dev/peach.pas(5655,31) Hint: (5024) Parameter "Sender" not used
/home/riceric/unarchiver-assessment-20260930/peazip/dev/peach.pas(5656,31) Hint: (5024) Parameter "Sender" not used
/home/riceric/unarchiver-assessment-20260930/peazip/dev/peach.pas(5657,31) Hint: (5024) Parameter "Sender" not used
/home/riceric/unarchiver-assessment-20260930/peazip/dev/peach.pas(5658,35) Hint: (5024) Parameter "Sender" not used
/home/riceric/unarchiver-assessment-20260930/peazip/dev/peach.pas(5659,33) Hint: (5024) Parameter "Sender" not used
/home/riceric/unarchiver-assessment-20260930/peazip/dev/peach.pas(5660,36) Hint: (5024) Parameter "Sender" not used
/home/riceric/unarchiver-assessment-20260930/peazip/dev/peach.pas(5661,34) Hint: (5024) Parameter "Sender" not used
/home/riceric/unarchiver-assessment-20260930/peazip/dev/peach.pas(5662,35) Hint: (5024) Parameter "Sender" not used
/home/riceric/unarchiver-assessment-20260930/peazip/dev/peach.pas(3981,36) Hint: (5024) Parameter "Sender" not used
/home/riceric/unarchiver-assessment-20260930/peazip/dev/peach.pas(3982,40) Hint: (5024) Parameter "Sender" not used
/home/riceric/unarchiver-assessment-20260930/peazip/dev/peach.pas(3983,37) Hint: (5024) Parameter "Sender" not used
/home/riceric/unarchiver-assessment-20260930/peazip/dev/peach.pas(3984,39) Hint: (5024) Parameter "Sender" not used
/home/riceric/unarchiver-assessment-20260930/peazip/dev/peach.pas(3985,42) Hint: (5024) Parameter "Sender" not used
/home/riceric/unarchiver-assessment-20260930/peazip/dev/peach.pas(3986,42) Hint: (5024) Parameter "Sender" not used
/home/riceric/unarchiver-assessment-20260930/peazip/dev/peach.pas(3987,43) Hint: (5024) Parameter "Sender" not used
/home/riceric/unarchiver-assessment-20260930/peazip/dev/peach.pas(3988,40) Hint: (5024) Parameter "Sender" not used
/home/riceric/unarchiver-assessment-20260930/peazip/dev/peach.pas(3989,42) Hint: (5024) Parameter "Sender" not used
/home/riceric/unarchiver-assessment-20260930/peazip/dev/peach.pas(3990,40) Hint: (5024) Parameter "Sender" not used
/home/riceric/unarchiver-assessment-20260930/peazip/dev/peach.pas(3991,37) Hint: (5024) Parameter "Sender" not used
/home/riceric/unarchiver-assessment-20260930/peazip/dev/peach.pas(4854,40) Hint: (5024) Parameter "Sender" not used
/home/riceric/unarchiver-assessment-20260930/peazip/dev/peach.pas(5237,31) Hint: (5024) Parameter "Sender" not used
/home/riceric/unarchiver-assessment-20260930/peazip/dev/peach.pas(5663,39) Hint: (5024) Parameter "Sender" not used
/home/riceric/unarchiver-assessment-20260930/peazip/dev/peach.pas(5081,32) Hint: (5024) Parameter "Sender" not used
/home/riceric/unarchiver-assessment-20260930/peazip/dev/peach.pas(4444,28) Hint: (5024) Parameter "Sender" not used
/home/riceric/unarchiver-assessment-20260930/peazip/dev/peach.pas(5664,35) Hint: (5024) Parameter "Sender" not used
/home/riceric/unarchiver-assessment-20260930/peazip/dev/peach.pas(5665,29) Hint: (5024) Parameter "Sender" not used
/home/riceric/unarchiver-assessment-20260930/peazip/dev/peach.pas(5666,41) Hint: (5024) Parameter "Sender" not used
/home/riceric/unarchiver-assessment-20260930/peazip/dev/peach.pas(77109,4) Note: (5025) Local variable "wname" not used
/home/riceric/unarchiver-assessment-20260930/peazip/dev/peach.pas(77110,4) Note: (5025) Local variable "s" not used
/home/riceric/unarchiver-assessment-20260930/peazip/dev/peach.pas(5667,37) Hint: (5024) Parameter "Sender" not used
/home/riceric/unarchiver-assessment-20260930/peazip/dev/peach.pas(5668,37) Hint: (5024) Parameter "Sender" not used
/home/riceric/unarchiver-assessment-20260930/peazip/dev/peach.pas(5669,31) Hint: (5024) Parameter "Sender" not used
/home/riceric/unarchiver-assessment-20260930/peazip/dev/peach.pas(5670,31) Hint: (5024) Parameter "Sender" not used
/home/riceric/unarchiver-assessment-20260930/peazip/dev/peach.pas(5671,31) Hint: (5024) Parameter "Sender" not used
/home/riceric/unarchiver-assessment-20260930/peazip/dev/peach.pas(5672,31) Hint: (5024) Parameter "Sender" not used
/home/riceric/unarchiver-assessment-20260930/peazip/dev/peach.pas(5673,31) Hint: (5024) Parameter "Sender" not used
/home/riceric/unarchiver-assessment-20260930/peazip/dev/peach.pas(5674,31) Hint: (5024) Parameter "Sender" not used
/home/riceric/unarchiver-assessment-20260930/peazip/dev/peach.pas(5675,31) Hint: (5024) Parameter "Sender" not used
/home/riceric/unarchiver-assessment-20260930/peazip/dev/peach.pas(5676,31) Hint: (5024) Parameter "Sender" not used
/home/riceric/unarchiver-assessment-20260930/peazip/dev/peach.pas(5677,32) Hint: (5024) Parameter "Sender" not used
/home/riceric/unarchiver-assessment-20260930/peazip/dev/peach.pas(5678,34) Hint: (5024) Parameter "Sender" not used
/home/riceric/unarchiver-assessment-20260930/peazip/dev/peach.pas(5347,30) Hint: (5024) Parameter "Sender" not used
/home/riceric/unarchiver-assessment-20260930/peazip/dev/peach.pas(5348,38) Hint: (5024) Parameter "Sender" not used
/home/riceric/unarchiver-assessment-20260930/peazip/dev/peach.pas(5349,38) Hint: (5024) Parameter "Sender" not used
/home/riceric/unarchiver-assessment-20260930/peazip/dev/peach.pas(5350,35) Hint: (5024) Parameter "Sender" not used
/home/riceric/unarchiver-assessment-20260930/peazip/dev/peach.pas(5351,36) Hint: (5024) Parameter "Sender" not used
/home/riceric/unarchiver-assessment-20260930/peazip/dev/peach.pas(5352,37) Hint: (5024) Parameter "Sender" not used
/home/riceric/unarchiver-assessment-20260930/peazip/dev/peach.pas(5353,37) Hint: (5024) Parameter "Sender" not used
/home/riceric/unarchiver-assessment-20260930/peazip/dev/peach.pas(5679,30) Hint: (5024) Parameter "Sender" not used
/home/riceric/unarchiver-assessment-20260930/peazip/dev/peach.pas(5680,33) Hint: (5024) Parameter "Sender" not used
/home/riceric/unarchiver-assessment-20260930/peazip/dev/peach.pas(77269,41) Hint: (5091) Local variable "outname" of a managed type does not seem to be initialized
/home/riceric/unarchiver-assessment-20260930/peazip/dev/peach.pas(77269,33) Hint: (5091) Local variable "jobcode" of a managed type does not seem to be initialized
/home/riceric/unarchiver-assessment-20260930/peazip/dev/peach.pas(77269,25) Hint: (5091) Local variable "cl" of a managed type does not seem to be initialized
/home/riceric/unarchiver-assessment-20260930/peazip/dev/peach.pas(5681,34) Hint: (5024) Parameter "Sender" not used
/home/riceric/unarchiver-assessment-20260930/peazip/dev/peach.pas(77281,41) Hint: (5091) Local variable "outname" of a managed type does not seem to be initialized
/home/riceric/unarchiver-assessment-20260930/peazip/dev/peach.pas(77281,33) Hint: (5091) Local variable "jobcode" of a managed type does not seem to be initialized
/home/riceric/unarchiver-assessment-20260930/peazip/dev/peach.pas(77281,25) Hint: (5091) Local variable "cl" of a managed type does not seem to be initialized
/home/riceric/unarchiver-assessment-20260930/peazip/dev/peach.pas(5682,40) Hint: (5024) Parameter "Sender" not used
/home/riceric/unarchiver-assessment-20260930/peazip/dev/peach.pas(77293,41) Hint: (5091) Local variable "outname" of a managed type does not seem to be initialized
/home/riceric/unarchiver-assessment-20260930/peazip/dev/peach.pas(77293,33) Hint: (5091) Local variable "jobcode" of a managed type does not seem to be initialized
/home/riceric/unarchiver-assessment-20260930/peazip/dev/peach.pas(77293,25) Hint: (5091) Local variable "cl" of a managed type does not seem to be initialized
/home/riceric/unarchiver-assessment-20260930/peazip/dev/peach.pas(5683,39) Hint: (5024) Parameter "Sender" not used
/home/riceric/unarchiver-assessment-20260930/peazip/dev/peach.pas(5684,33) Hint: (5024) Parameter "Sender" not used
/home/riceric/unarchiver-assessment-20260930/peazip/dev/peach.pas(5685,34) Hint: (5024) Parameter "Sender" not used
/home/riceric/unarchiver-assessment-20260930/peazip/dev/peach.pas(5686,38) Hint: (5024) Parameter "Sender" not used
/home/riceric/unarchiver-assessment-20260930/peazip/dev/peach.pas(5688,33) Hint: (5024) Parameter "Sender" not used
/home/riceric/unarchiver-assessment-20260930/peazip/dev/peach.pas(5689,30) Hint: (5024) Parameter "Sender" not used
/home/riceric/unarchiver-assessment-20260930/peazip/dev/peach.pas(5690,29) Hint: (5024) Parameter "Sender" not used
/home/riceric/unarchiver-assessment-20260930/peazip/dev/peach.pas(4946,28) Hint: (5024) Parameter "Sender" not used
/home/riceric/unarchiver-assessment-20260930/peazip/dev/peach.pas(3725,33) Hint: (5024) Parameter "Sender" not used
/home/riceric/unarchiver-assessment-20260930/peazip/dev/peach.pas(3726,32) Hint: (5024) Parameter "Sender" not used
/home/riceric/unarchiver-assessment-20260930/peazip/dev/peach.pas(3727,37) Hint: (5024) Parameter "Sender" not used
/home/riceric/unarchiver-assessment-20260930/peazip/dev/peach.pas(5691,32) Hint: (5024) Parameter "Sender" not used
/home/riceric/unarchiver-assessment-20260930/peazip/dev/peach.pas(5692,32) Hint: (5024) Parameter "Sender" not used
/home/riceric/unarchiver-assessment-20260930/peazip/dev/peach.pas(5693,35) Hint: (5024) Parameter "Sender" not used
/home/riceric/unarchiver-assessment-20260930/peazip/dev/peach.pas(5694,33) Hint: (5024) Parameter "Sender" not used
/home/riceric/unarchiver-assessment-20260930/peazip/dev/peach.pas(5695,30) Hint: (5024) Parameter "Sender" not used
/home/riceric/unarchiver-assessment-20260930/peazip/dev/peach.pas(5696,30) Hint: (5024) Parameter "Sender" not used
/home/riceric/unarchiver-assessment-20260930/peazip/dev/peach.pas(5697,30) Hint: (5024) Parameter "Sender" not used
/home/riceric/unarchiver-assessment-20260930/peazip/dev/peach.pas(4116,38) Hint: (5024) Parameter "Sender" not used
/home/riceric/unarchiver-assessment-20260930/peazip/dev/peach.pas(5698,35) Hint: (5024) Parameter "Sender" not used
/home/riceric/unarchiver-assessment-20260930/peazip/dev/peach.pas(5139,34) Hint: (5024) Parameter "Sender" not used
/home/riceric/unarchiver-assessment-20260930/peazip/dev/peach.pas(3890,31) Hint: (5024) Parameter "Sender" not used
/home/riceric/unarchiver-assessment-20260930/peazip/dev/peach.pas(5699,41) Hint: (5024) Parameter "Sender" not used
/home/riceric/unarchiver-assessment-20260930/peazip/dev/peach.pas(5700,37) Hint: (5024) Parameter "Sender" not used
/home/riceric/unarchiver-assessment-20260930/peazip/dev/peach.pas(3892,37) Hint: (5024) Parameter "Sender" not used
/home/riceric/unarchiver-assessment-20260930/peazip/dev/peach.pas(5701,37) Hint: (5024) Parameter "Sender" not used
/home/riceric/unarchiver-assessment-20260930/peazip/dev/peach.pas(5374,32) Hint: (5024) Parameter "Sender" not used
/home/riceric/unarchiver-assessment-20260930/peazip/dev/peach.pas(5375,33) Hint: (5024) Parameter "Sender" not used
/home/riceric/unarchiver-assessment-20260930/peazip/dev/peach.pas(5376,33) Hint: (5024) Parameter "Sender" not used
/home/riceric/unarchiver-assessment-20260930/peazip/dev/peach.pas(5377,33) Hint: (5024) Parameter "Sender" not used
/home/riceric/unarchiver-assessment-20260930/peazip/dev/peach.pas(5702,31) Hint: (5024) Parameter "Sender" not used
/home/riceric/unarchiver-assessment-20260930/peazip/dev/peach.pas(3893,34) Hint: (5024) Parameter "Sender" not used
/home/riceric/unarchiver-assessment-20260930/peazip/dev/peach.pas(5307,30) Hint: (5024) Parameter "Sender" not used
/home/riceric/unarchiver-assessment-20260930/peazip/dev/peach.pas(5354,29) Hint: (5024) Parameter "Sender" not used
/home/riceric/unarchiver-assessment-20260930/peazip/dev/peach.pas(5355,32) Hint: (5024) Parameter "Sender" not used
/home/riceric/unarchiver-assessment-20260930/peazip/dev/peach.pas(5356,31) Hint: (5024) Parameter "Sender" not used
/home/riceric/unarchiver-assessment-20260930/peazip/dev/peach.pas(5357,31) Hint: (5024) Parameter "Sender" not used
/home/riceric/unarchiver-assessment-20260930/peazip/dev/peach.pas(5358,31) Hint: (5024) Parameter "Sender" not used
/home/riceric/unarchiver-assessment-20260930/peazip/dev/peach.pas(5359,34) Hint: (5024) Parameter "Sender" not used
/home/riceric/unarchiver-assessment-20260930/peazip/dev/peach.pas(5360,31) Hint: (5024) Parameter "Sender" not used
/home/riceric/unarchiver-assessment-20260930/peazip/dev/peach.pas(5361,36) Hint: (5024) Parameter "Sender" not used
/home/riceric/unarchiver-assessment-20260930/peazip/dev/peach.pas(5362,31) Hint: (5024) Parameter "Sender" not used
/home/riceric/unarchiver-assessment-20260930/peazip/dev/peach.pas(5363,31) Hint: (5024) Parameter "Sender" not used
/home/riceric/unarchiver-assessment-20260930/peazip/dev/peach.pas(5364,29) Hint: (5024) Parameter "Sender" not used
/home/riceric/unarchiver-assessment-20260930/peazip/dev/peach.pas(5365,29) Hint: (5024) Parameter "Sender" not used
/home/riceric/unarchiver-assessment-20260930/peazip/dev/peach.pas(5366,29) Hint: (5024) Parameter "Sender" not used
/home/riceric/unarchiver-assessment-20260930/peazip/dev/peach.pas(5367,29) Hint: (5024) Parameter "Sender" not used
/home/riceric/unarchiver-assessment-20260930/peazip/dev/peach.pas(5368,29) Hint: (5024) Parameter "Sender" not used
/home/riceric/unarchiver-assessment-20260930/peazip/dev/peach.pas(5369,36) Hint: (5024) Parameter "Sender" not used
/home/riceric/unarchiver-assessment-20260930/peazip/dev/peach.pas(5370,33) Hint: (5024) Parameter "Sender" not used
/home/riceric/unarchiver-assessment-20260930/peazip/dev/peach.pas(5371,32) Hint: (5024) Parameter "Sender" not used
/home/riceric/unarchiver-assessment-20260930/peazip/dev/peach.pas(5372,29) Hint: (5024) Parameter "Sender" not used
/home/riceric/unarchiver-assessment-20260930/peazip/dev/peach.pas(5373,36) Hint: (5024) Parameter "Sender" not used
/home/riceric/unarchiver-assessment-20260930/peazip/dev/peach.pas(5512,32) Hint: (5024) Parameter "Sender" not used
/home/riceric/unarchiver-assessment-20260930/peazip/dev/peach.pas(5536,32) Hint: (5024) Parameter "Sender" not used
/home/riceric/unarchiver-assessment-20260930/peazip/dev/peach.pas(5537,29) Hint: (5024) Parameter "Sender" not used
/home/riceric/unarchiver-assessment-20260930/peazip/dev/peach.pas(5538,34) Hint: (5024) Parameter "Sender" not used
/home/riceric/unarchiver-assessment-20260930/peazip/dev/peach.pas(5539,34) Hint: (5024) Parameter "Sender" not used
/home/riceric/unarchiver-assessment-20260930/peazip/dev/peach.pas(5540,40) Hint: (5024) Parameter "Sender" not used
/home/riceric/unarchiver-assessment-20260930/peazip/dev/peach.pas(5541,41) Hint: (5024) Parameter "Sender" not used
/home/riceric/unarchiver-assessment-20260930/peazip/dev/peach.pas(5542,42) Hint: (5024) Parameter "Sender" not used
/home/riceric/unarchiver-assessment-20260930/peazip/dev/peach.pas(5543,38) Hint: (5024) Parameter "Sender" not used
/home/riceric/unarchiver-assessment-20260930/peazip/dev/peach.pas(5544,33) Hint: (5024) Parameter "Sender" not used
/home/riceric/unarchiver-assessment-20260930/peazip/dev/peach.pas(5545,33) Hint: (5024) Parameter "Sender" not used
/home/riceric/unarchiver-assessment-20260930/peazip/dev/peach.pas(5703,32) Hint: (5024) Parameter "Sender" not used
/home/riceric/unarchiver-assessment-20260930/peazip/dev/peach.pas(3896,35) Hint: (5024) Parameter "Sender" not used
/home/riceric/unarchiver-assessment-20260930/peazip/dev/peach.pas(5079,31) Hint: (5024) Parameter "Sender" not used
/home/riceric/unarchiver-assessment-20260930/peazip/dev/peach.pas(5704,38) Hint: (5024) Parameter "Sender" not used
/home/riceric/unarchiver-assessment-20260930/peazip/dev/peach.pas(5705,31) Hint: (5024) Parameter "Sender" not used
/home/riceric/unarchiver-assessment-20260930/peazip/dev/peach.pas(5706,30) Hint: (5024) Parameter "Sender" not used
/home/riceric/unarchiver-assessment-20260930/peazip/dev/peach.pas(5707,34) Hint: (5024) Parameter "Sender" not used
/home/riceric/unarchiver-assessment-20260930/peazip/dev/peach.pas(5708,34) Hint: (5024) Parameter "Sender" not used
/home/riceric/unarchiver-assessment-20260930/peazip/dev/peach.pas(5709,39) Hint: (5024) Parameter "Sender" not used
/home/riceric/unarchiver-assessment-20260930/peazip/dev/peach.pas(3922,37) Hint: (5024) Parameter "Sender" not used
/home/riceric/unarchiver-assessment-20260930/peazip/dev/peach.pas(3923,38) Hint: (5024) Parameter "Sender" not used
/home/riceric/unarchiver-assessment-20260930/peazip/dev/peach.pas(3924,35) Hint: (5024) Parameter "Sender" not used
/home/riceric/unarchiver-assessment-20260930/peazip/dev/peach.pas(5710,36) Hint: (5024) Parameter "Sender" not used
/home/riceric/unarchiver-assessment-20260930/peazip/dev/peach.pas(5711,37) Hint: (5024) Parameter "Sender" not used
/home/riceric/unarchiver-assessment-20260930/peazip/dev/peach.pas(5712,34) Hint: (5024) Parameter "Sender" not used
/home/riceric/unarchiver-assessment-20260930/peazip/dev/peach.pas(5713,38) Hint: (5024) Parameter "Sender" not used
/home/riceric/unarchiver-assessment-20260930/peazip/dev/peach.pas(5714,44) Hint: (5024) Parameter "Sender" not used
/home/riceric/unarchiver-assessment-20260930/peazip/dev/peach.pas(5715,41) Hint: (5024) Parameter "Sender" not used
/home/riceric/unarchiver-assessment-20260930/peazip/dev/peach.pas(5716,45) Hint: (5024) Parameter "Sender" not used
/home/riceric/unarchiver-assessment-20260930/peazip/dev/peach.pas(5717,36) Hint: (5024) Parameter "Sender" not used
/home/riceric/unarchiver-assessment-20260930/peazip/dev/peach.pas(5718,37) Hint: (5024) Parameter "Sender" not used
/home/riceric/unarchiver-assessment-20260930/peazip/dev/peach.pas(5719,35) Hint: (5024) Parameter "Sender" not used
/home/riceric/unarchiver-assessment-20260930/peazip/dev/peach.pas(5720,43) Hint: (5024) Parameter "Sender" not used
/home/riceric/unarchiver-assessment-20260930/peazip/dev/peach.pas(5721,40) Hint: (5024) Parameter "Sender" not used
/home/riceric/unarchiver-assessment-20260930/peazip/dev/peach.pas(5722,38) Hint: (5024) Parameter "Sender" not used
/home/riceric/unarchiver-assessment-20260930/peazip/dev/peach.pas(5723,35) Hint: (5024) Parameter "Sender" not used
/home/riceric/unarchiver-assessment-20260930/peazip/dev/peach.pas(5724,40) Hint: (5024) Parameter "Sender" not used
/home/riceric/unarchiver-assessment-20260930/peazip/dev/peach.pas(5725,37) Hint: (5024) Parameter "Sender" not used
/home/riceric/unarchiver-assessment-20260930/peazip/dev/peach.pas(5726,39) Hint: (5024) Parameter "Sender" not used
/home/riceric/unarchiver-assessment-20260930/peazip/dev/peach.pas(5727,36) Hint: (5024) Parameter "Sender" not used
/home/riceric/unarchiver-assessment-20260930/peazip/dev/peach.pas(5728,44) Hint: (5024) Parameter "Sender" not used
/home/riceric/unarchiver-assessment-20260930/peazip/dev/peach.pas(5729,15) Hint: (5024) Parameter "ARect" not used
/home/riceric/unarchiver-assessment-20260930/peazip/dev/peach.pas(5729,33) Hint: (5024) Parameter "DefaultDraw" not used
/home/riceric/unarchiver-assessment-20260930/peazip/dev/peach.pas(5730,41) Hint: (5024) Parameter "Sender" not used
/home/riceric/unarchiver-assessment-20260930/peazip/dev/peach.pas(5730,62) Hint: (5024) Parameter "Key" not used
/home/riceric/unarchiver-assessment-20260930/peazip/dev/peach.pas(5731,9) Hint: (5024) Parameter "Shift" not used
/home/riceric/unarchiver-assessment-20260930/peazip/dev/peach.pas(5732,43) Hint: (5024) Parameter "Sender" not used
/home/riceric/unarchiver-assessment-20260930/peazip/dev/peach.pas(5732,60) Hint: (5024) Parameter "Button" not used
/home/riceric/unarchiver-assessment-20260930/peazip/dev/peach.pas(5733,9) Hint: (5024) Parameter "Shift" not used
/home/riceric/unarchiver-assessment-20260930/peazip/dev/peach.pas(5733,29) Hint: (5024) Parameter "X" not used
/home/riceric/unarchiver-assessment-20260930/peazip/dev/peach.pas(5733,32) Hint: (5024) Parameter "Y" not used
/home/riceric/unarchiver-assessment-20260930/peazip/dev/peach.pas(5734,43) Hint: (5024) Parameter "Sender" not used
/home/riceric/unarchiver-assessment-20260930/peazip/dev/peach.pas(5734,60) Hint: (5024) Parameter "Shift" not used
/home/riceric/unarchiver-assessment-20260930/peazip/dev/peach.pas(5734,80) Hint: (5024) Parameter "X" not used
/home/riceric/unarchiver-assessment-20260930/peazip/dev/peach.pas(5735,9) Hint: (5024) Parameter "Y" not used
/home/riceric/unarchiver-assessment-20260930/peazip/dev/peach.pas(5736,41) Hint: (5024) Parameter "Sender" not used
/home/riceric/unarchiver-assessment-20260930/peazip/dev/peach.pas(5736,58) Hint: (5024) Parameter "Button" not used
/home/riceric/unarchiver-assessment-20260930/peazip/dev/peach.pas(5737,9) Hint: (5024) Parameter "Shift" not used
/home/riceric/unarchiver-assessment-20260930/peazip/dev/peach.pas(5737,29) Hint: (5024) Parameter "X" not used
/home/riceric/unarchiver-assessment-20260930/peazip/dev/peach.pas(5737,32) Hint: (5024) Parameter "Y" not used
/home/riceric/unarchiver-assessment-20260930/peazip/dev/peach.pas(5738,39) Hint: (5024) Parameter "Sender" not used
/home/riceric/unarchiver-assessment-20260930/peazip/dev/peach.pas(5739,37) Hint: (5024) Parameter "Sender" not used
/home/riceric/unarchiver-assessment-20260930/peazip/dev/peach.pas(5740,35) Hint: (5024) Parameter "Sender" not used
/home/riceric/unarchiver-assessment-20260930/peazip/dev/peach.pas(5741,38) Hint: (5024) Parameter "Sender" not used
/home/riceric/unarchiver-assessment-20260930/peazip/dev/peach.pas(5742,39) Hint: (5024) Parameter "Sender" not used
/home/riceric/unarchiver-assessment-20260930/peazip/dev/peach.pas(78016,4) Note: (5027) Local variable "rowcol" is assigned but never used
/home/riceric/unarchiver-assessment-20260930/peazip/dev/peach.pas(5743,39) Hint: (5024) Parameter "Sender" not used
/home/riceric/unarchiver-assessment-20260930/peazip/dev/peach.pas(5744,9) Hint: (5024) Parameter "aRect" not used
/home/riceric/unarchiver-assessment-20260930/peazip/dev/peach.pas(5745,42) Hint: (5024) Parameter "Sender" not used
/home/riceric/unarchiver-assessment-20260930/peazip/dev/peach.pas(5745,59) Hint: (5024) Parameter "IsColumn" not used
/home/riceric/unarchiver-assessment-20260930/peazip/dev/peach.pas(5747,42) Hint: (5024) Parameter "Sender" not used
/home/riceric/unarchiver-assessment-20260930/peazip/dev/peach.pas(5747,59) Hint: (5024) Parameter "IsColumn" not used
/home/riceric/unarchiver-assessment-20260930/peazip/dev/peach.pas(5749,38) Hint: (5024) Parameter "Sender" not used
/home/riceric/unarchiver-assessment-20260930/peazip/dev/peach.pas(5751,39) Hint: (5024) Parameter "Sender" not used
/home/riceric/unarchiver-assessment-20260930/peazip/dev/peach.pas(5752,36) Hint: (5024) Parameter "Sender" not used
/home/riceric/unarchiver-assessment-20260930/peazip/dev/peach.pas(5754,40) Hint: (5024) Parameter "Sender" not used
/home/riceric/unarchiver-assessment-20260930/peazip/dev/peach.pas(5755,9) Hint: (5024) Parameter "Shift" not used
/home/riceric/unarchiver-assessment-20260930/peazip/dev/peach.pas(5756,38) Hint: (5024) Parameter "Sender" not used
/home/riceric/unarchiver-assessment-20260930/peazip/dev/peach.pas(5758,43) Hint: (5024) Parameter "Sender" not used
/home/riceric/unarchiver-assessment-20260930/peazip/dev/peach.pas(78205,4) Note: (5027) Local variable "rowcol" is assigned but never used
/home/riceric/unarchiver-assessment-20260930/peazip/dev/peach.pas(5759,43) Hint: (5024) Parameter "Sender" not used
/home/riceric/unarchiver-assessment-20260930/peazip/dev/peach.pas(5760,9) Hint: (5024) Parameter "aRect" not used
/home/riceric/unarchiver-assessment-20260930/peazip/dev/peach.pas(5761,46) Hint: (5024) Parameter "Sender" not used
/home/riceric/unarchiver-assessment-20260930/peazip/dev/peach.pas(5761,63) Hint: (5024) Parameter "IsColumn" not used
/home/riceric/unarchiver-assessment-20260930/peazip/dev/peach.pas(5763,46) Hint: (5024) Parameter "Sender" not used
/home/riceric/unarchiver-assessment-20260930/peazip/dev/peach.pas(5763,63) Hint: (5024) Parameter "IsColumn" not used
/home/riceric/unarchiver-assessment-20260930/peazip/dev/peach.pas(5765,42) Hint: (5024) Parameter "Sender" not used
/home/riceric/unarchiver-assessment-20260930/peazip/dev/peach.pas(5767,43) Hint: (5024) Parameter "Sender" not used
/home/riceric/unarchiver-assessment-20260930/peazip/dev/peach.pas(5768,40) Hint: (5024) Parameter "Sender" not used
/home/riceric/unarchiver-assessment-20260930/peazip/dev/peach.pas(5770,44) Hint: (5024) Parameter "Sender" not used
/home/riceric/unarchiver-assessment-20260930/peazip/dev/peach.pas(5771,9) Hint: (5024) Parameter "Shift" not used
/home/riceric/unarchiver-assessment-20260930/peazip/dev/peach.pas(5772,42) Hint: (5024) Parameter "Sender" not used
/home/riceric/unarchiver-assessment-20260930/peazip/dev/peach.pas(5774,48) Hint: (5024) Parameter "Sender" not used
/home/riceric/unarchiver-assessment-20260930/peazip/dev/peach.pas(5775,9) Hint: (5024) Parameter "IsColumn" not used
/home/riceric/unarchiver-assessment-20260930/peazip/dev/peach.pas(5775,28) Hint: (5024) Parameter "sIndex" not used
/home/riceric/unarchiver-assessment-20260930/peazip/dev/peach.pas(5775,36) Hint: (5024) Parameter "tIndex" not used
/home/riceric/unarchiver-assessment-20260930/peazip/dev/peach.pas(5776,45) Hint: (5024) Parameter "Sender" not used
/home/riceric/unarchiver-assessment-20260930/peazip/dev/peach.pas(5777,45) Hint: (5024) Parameter "Sender" not used
/home/riceric/unarchiver-assessment-20260930/peazip/dev/peach.pas(5778,24) Hint: (5024) Parameter "aRect" not used
/home/riceric/unarchiver-assessment-20260930/peazip/dev/peach.pas(5778,38) Hint: (5024) Parameter "aState" not used
/home/riceric/unarchiver-assessment-20260930/peazip/dev/peach.pas(5779,48) Hint: (5024) Parameter "Sender" not used
/home/riceric/unarchiver-assessment-20260930/peazip/dev/peach.pas(5781,48) Hint: (5024) Parameter "Sender" not used
/home/riceric/unarchiver-assessment-20260930/peazip/dev/peach.pas(5782,9) Hint: (5024) Parameter "IsColumn" not used
/home/riceric/unarchiver-assessment-20260930/peazip/dev/peach.pas(5783,45) Hint: (5024) Parameter "Sender" not used
/home/riceric/unarchiver-assessment-20260930/peazip/dev/peach.pas(5784,46) Hint: (5024) Parameter "Sender" not used
/home/riceric/unarchiver-assessment-20260930/peazip/dev/peach.pas(5785,9) Hint: (5024) Parameter "Button" not used
/home/riceric/unarchiver-assessment-20260930/peazip/dev/peach.pas(5785,31) Hint: (5024) Parameter "Shift" not used
/home/riceric/unarchiver-assessment-20260930/peazip/dev/peach.pas(5786,45) Hint: (5024) Parameter "Sender" not used
/home/riceric/unarchiver-assessment-20260930/peazip/dev/peach.pas(5787,45) Hint: (5024) Parameter "Sender" not used
/home/riceric/unarchiver-assessment-20260930/peazip/dev/peach.pas(5788,50) Hint: (5024) Parameter "Sender" not used
/home/riceric/unarchiver-assessment-20260930/peazip/dev/peach.pas(5789,9) Hint: (5024) Parameter "IsColumn" not used
/home/riceric/unarchiver-assessment-20260930/peazip/dev/peach.pas(5789,28) Hint: (5024) Parameter "sIndex" not used
/home/riceric/unarchiver-assessment-20260930/peazip/dev/peach.pas(5789,36) Hint: (5024) Parameter "tIndex" not used
/home/riceric/unarchiver-assessment-20260930/peazip/dev/peach.pas(5790,47) Hint: (5024) Parameter "Sender" not used
/home/riceric/unarchiver-assessment-20260930/peazip/dev/peach.pas(5791,48) Hint: (5024) Parameter "Sender" not used
/home/riceric/unarchiver-assessment-20260930/peazip/dev/peach.pas(5792,9) Hint: (5024) Parameter "Button" not used
/home/riceric/unarchiver-assessment-20260930/peazip/dev/peach.pas(5792,31) Hint: (5024) Parameter "Shift" not used
/home/riceric/unarchiver-assessment-20260930/peazip/dev/peach.pas(5793,49) Hint: (5024) Parameter "Sender" not used
/home/riceric/unarchiver-assessment-20260930/peazip/dev/peach.pas(5793,66) Hint: (5024) Parameter "aCol" not used
/home/riceric/unarchiver-assessment-20260930/peazip/dev/peach.pas(5794,28) Hint: (5024) Parameter "CanSelect" not used
/home/riceric/unarchiver-assessment-20260930/peazip/dev/peach.pas(5795,47) Hint: (5024) Parameter "Sender" not used
/home/riceric/unarchiver-assessment-20260930/peazip/dev/peach.pas(5796,9) Hint: (5024) Parameter "IsColumn" not used
/home/riceric/unarchiver-assessment-20260930/peazip/dev/peach.pas(5796,28) Hint: (5024) Parameter "sIndex" not used
/home/riceric/unarchiver-assessment-20260930/peazip/dev/peach.pas(5796,36) Hint: (5024) Parameter "tIndex" not used
/home/riceric/unarchiver-assessment-20260930/peazip/dev/peach.pas(5797,44) Hint: (5024) Parameter "Sender" not used
/home/riceric/unarchiver-assessment-20260930/peazip/dev/peach.pas(5798,45) Hint: (5024) Parameter "Sender" not used
/home/riceric/unarchiver-assessment-20260930/peazip/dev/peach.pas(5799,9) Hint: (5024) Parameter "Button" not used
/home/riceric/unarchiver-assessment-20260930/peazip/dev/peach.pas(5799,31) Hint: (5024) Parameter "Shift" not used
/home/riceric/unarchiver-assessment-20260930/peazip/dev/peach.pas(5800,50) Hint: (5024) Parameter "Sender" not used
/home/riceric/unarchiver-assessment-20260930/peazip/dev/peach.pas(5801,9) Hint: (5024) Parameter "aRect" not used
/home/riceric/unarchiver-assessment-20260930/peazip/dev/peach.pas(5801,23) Hint: (5024) Parameter "aState" not used
/home/riceric/unarchiver-assessment-20260930/peazip/dev/peach.pas(5802,53) Hint: (5024) Parameter "Sender" not used
/home/riceric/unarchiver-assessment-20260930/peazip/dev/peach.pas(5803,9) Hint: (5024) Parameter "IsColumn" not used
/home/riceric/unarchiver-assessment-20260930/peazip/dev/peach.pas(5804,42) Hint: (5024) Parameter "Sender" not used
/home/riceric/unarchiver-assessment-20260930/peazip/dev/peach.pas(5805,42) Hint: (5024) Parameter "Sender" not used
/home/riceric/unarchiver-assessment-20260930/peazip/dev/peach.pas(5806,9) Hint: (5024) Parameter "aRect" not used
/home/riceric/unarchiver-assessment-20260930/peazip/dev/peach.pas(5806,23) Hint: (5024) Parameter "aState" not used
/home/riceric/unarchiver-assessment-20260930/peazip/dev/peach.pas(5807,45) Hint: (5024) Parameter "Sender" not used
/home/riceric/unarchiver-assessment-20260930/peazip/dev/peach.pas(5807,62) Hint: (5024) Parameter "IsColumn" not used
/home/riceric/unarchiver-assessment-20260930/peazip/dev/peach.pas(5809,34) Hint: (5024) Parameter "Sender" not used
/home/riceric/unarchiver-assessment-20260930/peazip/dev/peach.pas(4557,34) Hint: (5024) Parameter "Sender" not used
/home/riceric/unarchiver-assessment-20260930/peazip/dev/peach.pas(78620,4) Note: (5025) Local variable "cl" not used
/home/riceric/unarchiver-assessment-20260930/peazip/dev/peach.pas(4558,29) Hint: (5024) Parameter "Sender" not used
/home/riceric/unarchiver-assessment-20260930/peazip/dev/peach.pas(78630,4) Note: (5025) Local variable "cl" not used
/home/riceric/unarchiver-assessment-20260930/peazip/dev/peach.pas(4559,32) Hint: (5024) Parameter "Sender" not used
/home/riceric/unarchiver-assessment-20260930/peazip/dev/peach.pas(4560,36) Hint: (5024) Parameter "Sender" not used
/home/riceric/unarchiver-assessment-20260930/peazip/dev/peach.pas(4561,32) Hint: (5024) Parameter "Sender" not used
/home/riceric/unarchiver-assessment-20260930/peazip/dev/peach.pas(4562,30) Hint: (5024) Parameter "Sender" not used
/home/riceric/unarchiver-assessment-20260930/peazip/dev/peach.pas(4563,31) Hint: (5024) Parameter "Sender" not used
/home/riceric/unarchiver-assessment-20260930/peazip/dev/peach.pas(4564,44) Hint: (5024) Parameter "Sender" not used
/home/riceric/unarchiver-assessment-20260930/peazip/dev/peach.pas(4565,37) Hint: (5024) Parameter "Sender" not used
/home/riceric/unarchiver-assessment-20260930/peazip/dev/peach.pas(4566,34) Hint: (5024) Parameter "Sender" not used
/home/riceric/unarchiver-assessment-20260930/peazip/dev/peach.pas(4567,50) Hint: (5024) Parameter "Sender" not used
/home/riceric/unarchiver-assessment-20260930/peazip/dev/peach.pas(4753,41) Hint: (5024) Parameter "Sender" not used
/home/riceric/unarchiver-assessment-20260930/peazip/dev/peach.pas(4754,41) Hint: (5024) Parameter "Sender" not used
/home/riceric/unarchiver-assessment-20260930/peazip/dev/peach.pas(4754,49) Hint: (5024) Parameter "Source" not used
/home/riceric/unarchiver-assessment-20260930/peazip/dev/peach.pas(4754,66) Hint: (5024) Parameter "X" not used
/home/riceric/unarchiver-assessment-20260930/peazip/dev/peach.pas(4754,69) Hint: (5024) Parameter "Y" not used
/home/riceric/unarchiver-assessment-20260930/peazip/dev/peach.pas(4755,9) Hint: (5024) Parameter "State" not used
/home/riceric/unarchiver-assessment-20260930/peazip/dev/peach.pas(4756,40) Hint: (5024) Parameter "Sender" not used
/home/riceric/unarchiver-assessment-20260930/peazip/dev/peach.pas(4758,41) Hint: (5024) Parameter "Sender" not used
/home/riceric/unarchiver-assessment-20260930/peazip/dev/peach.pas(4759,38) Hint: (5024) Parameter "Sender" not used
/home/riceric/unarchiver-assessment-20260930/peazip/dev/peach.pas(4761,42) Hint: (5024) Parameter "Sender" not used
/home/riceric/unarchiver-assessment-20260930/peazip/dev/peach.pas(4762,29) Hint: (5024) Parameter "X" not used
/home/riceric/unarchiver-assessment-20260930/peazip/dev/peach.pas(4762,32) Hint: (5024) Parameter "Y" not used
/home/riceric/unarchiver-assessment-20260930/peazip/dev/peach.pas(4763,43) Hint: (5024) Parameter "Sender" not used
/home/riceric/unarchiver-assessment-20260930/peazip/dev/peach.pas(4764,43) Hint: (5024) Parameter "Sender" not used
/home/riceric/unarchiver-assessment-20260930/peazip/dev/peach.pas(4765,42) Hint: (5024) Parameter "Sender" not used
/home/riceric/unarchiver-assessment-20260930/peazip/dev/peach.pas(4767,43) Hint: (5024) Parameter "Sender" not used
/home/riceric/unarchiver-assessment-20260930/peazip/dev/peach.pas(4767,60) Hint: (5024) Parameter "Item" not used
/home/riceric/unarchiver-assessment-20260930/peazip/dev/peach.pas(4768,9) Hint: (5024) Parameter "Selected" not used
/home/riceric/unarchiver-assessment-20260930/peazip/dev/peach.pas(4769,42) Hint: (5024) Parameter "Sender" not used
/home/riceric/unarchiver-assessment-20260930/peazip/dev/peach.pas(4769,63) Hint: (5024) Parameter "DragObject" not used
/home/riceric/unarchiver-assessment-20260930/peazip/dev/peach.pas(4771,39) Hint: (5024) Parameter "Sender" not used
/home/riceric/unarchiver-assessment-20260930/peazip/dev/peach.pas(4772,39) Hint: (5024) Parameter "Sender" not used
/home/riceric/unarchiver-assessment-20260930/peazip/dev/peach.pas(5288,33) Hint: (5024) Parameter "Sender" not used
/home/riceric/unarchiver-assessment-20260930/peazip/dev/peach.pas(79287,42) Hint: (5091) Local variable "outname" of a managed type does not seem to be initialized
/home/riceric/unarchiver-assessment-20260930/peazip/dev/peach.pas(79287,34) Hint: (5091) Local variable "jobcode" of a managed type does not seem to be initialized
/home/riceric/unarchiver-assessment-20260930/peazip/dev/peach.pas(79287,26) Hint: (5091) Local variable "cl" of a managed type does not seem to be initialized
/home/riceric/unarchiver-assessment-20260930/peazip/dev/peach.pas(5289,39) Hint: (5024) Parameter "Sender" not used
/home/riceric/unarchiver-assessment-20260930/peazip/dev/peach.pas(79304,42) Hint: (5091) Local variable "outname" of a managed type does not seem to be initialized
/home/riceric/unarchiver-assessment-20260930/peazip/dev/peach.pas(79304,34) Hint: (5091) Local variable "jobcode" of a managed type does not seem to be initialized
/home/riceric/unarchiver-assessment-20260930/peazip/dev/peach.pas(79304,26) Hint: (5091) Local variable "cl" of a managed type does not seem to be initialized
/home/riceric/unarchiver-assessment-20260930/peazip/dev/peach.pas(5290,36) Hint: (5024) Parameter "Sender" not used
/home/riceric/unarchiver-assessment-20260930/peazip/dev/peach.pas(5291,35) Hint: (5024) Parameter "Sender" not used
/home/riceric/unarchiver-assessment-20260930/peazip/dev/peach.pas(79328,42) Hint: (5091) Local variable "outname" of a managed type does not seem to be initialized
/home/riceric/unarchiver-assessment-20260930/peazip/dev/peach.pas(79328,34) Hint: (5091) Local variable "jobcode" of a managed type does not seem to be initialized
/home/riceric/unarchiver-assessment-20260930/peazip/dev/peach.pas(79328,26) Hint: (5091) Local variable "cl" of a managed type does not seem to be initialized
/home/riceric/unarchiver-assessment-20260930/peazip/dev/peach.pas(5292,37) Hint: (5024) Parameter "Sender" not used
/home/riceric/unarchiver-assessment-20260930/peazip/dev/peach.pas(79339,42) Hint: (5091) Local variable "outname" of a managed type does not seem to be initialized
/home/riceric/unarchiver-assessment-20260930/peazip/dev/peach.pas(79339,34) Hint: (5091) Local variable "jobcode" of a managed type does not seem to be initialized
/home/riceric/unarchiver-assessment-20260930/peazip/dev/peach.pas(79339,26) Hint: (5091) Local variable "cl" of a managed type does not seem to be initialized
/home/riceric/unarchiver-assessment-20260930/peazip/dev/peach.pas(5293,40) Hint: (5024) Parameter "Sender" not used
/home/riceric/unarchiver-assessment-20260930/peazip/dev/peach.pas(5294,36) Hint: (5024) Parameter "Sender" not used
/home/riceric/unarchiver-assessment-20260930/peazip/dev/peach.pas(5295,33) Hint: (5024) Parameter "Sender" not used
/home/riceric/unarchiver-assessment-20260930/peazip/dev/peach.pas(5810,33) Hint: (5024) Parameter "Sender" not used
/home/riceric/unarchiver-assessment-20260930/peazip/dev/peach.pas(5811,38) Hint: (5024) Parameter "Sender" not used
/home/riceric/unarchiver-assessment-20260930/peazip/dev/peach.pas(5812,32) Hint: (5024) Parameter "Sender" not used
/home/riceric/unarchiver-assessment-20260930/peazip/dev/peach.pas(79391,17) Note: (5025) Local variable "nunits" not used
/home/riceric/unarchiver-assessment-20260930/peazip/dev/peach.pas(5813,35) Hint: (5024) Parameter "Sender" not used
/home/riceric/unarchiver-assessment-20260930/peazip/dev/peach.pas(5814,43) Hint: (5024) Parameter "Sender" not used
/home/riceric/unarchiver-assessment-20260930/peazip/dev/peach.pas(5815,38) Hint: (5024) Parameter "Sender" not used
/home/riceric/unarchiver-assessment-20260930/peazip/dev/peach.pas(5816,32) Hint: (5024) Parameter "Sender" not used
/home/riceric/unarchiver-assessment-20260930/peazip/dev/peach.pas(5818,37) Hint: (5024) Parameter "Sender" not used
/home/riceric/unarchiver-assessment-20260930/peazip/dev/peach.pas(5819,34) Hint: (5024) Parameter "Sender" not used
/home/riceric/unarchiver-assessment-20260930/peazip/dev/peach.pas(5820,32) Hint: (5024) Parameter "Sender" not used
/home/riceric/unarchiver-assessment-20260930/peazip/dev/peach.pas(5821,31) Hint: (5024) Parameter "Sender" not used
/home/riceric/unarchiver-assessment-20260930/peazip/dev/peach.pas(5822,32) Hint: (5024) Parameter "Sender" not used
/home/riceric/unarchiver-assessment-20260930/peazip/dev/peach.pas(5823,36) Hint: (5024) Parameter "Sender" not used
/home/riceric/unarchiver-assessment-20260930/peazip/dev/peach.pas(5824,33) Hint: (5024) Parameter "Sender" not used
/home/riceric/unarchiver-assessment-20260930/peazip/dev/peach.pas(5825,31) Hint: (5024) Parameter "Sender" not used
/home/riceric/unarchiver-assessment-20260930/peazip/dev/peach.pas(5826,29) Hint: (5024) Parameter "Sender" not used
/home/riceric/unarchiver-assessment-20260930/peazip/dev/peach.pas(5827,31) Hint: (5024) Parameter "Sender" not used
/home/riceric/unarchiver-assessment-20260930/peazip/dev/peach.pas(5828,37) Hint: (5024) Parameter "Sender" not used
/home/riceric/unarchiver-assessment-20260930/peazip/dev/peach.pas(5829,33) Hint: (5024) Parameter "Sender" not used
/home/riceric/unarchiver-assessment-20260930/peazip/dev/peach.pas(5830,36) Hint: (5024) Parameter "Sender" not used
/home/riceric/unarchiver-assessment-20260930/peazip/dev/peach.pas(5831,38) Hint: (5024) Parameter "Sender" not used
/home/riceric/unarchiver-assessment-20260930/peazip/dev/peach.pas(5832,9) Hint: (5024) Parameter "Shift" not used
/home/riceric/unarchiver-assessment-20260930/peazip/dev/peach.pas(5833,39) Hint: (5024) Parameter "Sender" not used
/home/riceric/unarchiver-assessment-20260930/peazip/dev/peach.pas(5834,36) Hint: (5024) Parameter "Sender" not used
/home/riceric/unarchiver-assessment-20260930/peazip/dev/peach.pas(5835,9) Hint: (5024) Parameter "Shift" not used
/home/riceric/unarchiver-assessment-20260930/peazip/dev/peach.pas(5835,29) Hint: (5024) Parameter "X" not used
/home/riceric/unarchiver-assessment-20260930/peazip/dev/peach.pas(5835,32) Hint: (5024) Parameter "Y" not used
/home/riceric/unarchiver-assessment-20260930/peazip/dev/peach.pas(5836,36) Hint: (5024) Parameter "Sender" not used
/home/riceric/unarchiver-assessment-20260930/peazip/dev/peach.pas(5837,30) Hint: (5024) Parameter "Sender" not used
/home/riceric/unarchiver-assessment-20260930/peazip/dev/peach.pas(5838,31) Hint: (5024) Parameter "Sender" not used
/home/riceric/unarchiver-assessment-20260930/peazip/dev/peach.pas(79712,4) Note: (5025) Local variable "lpPoint" not used
/home/riceric/unarchiver-assessment-20260930/peazip/dev/peach.pas(79713,4) Note: (5025) Local variable "dragdest" not used
/home/riceric/unarchiver-assessment-20260930/peazip/dev/peach.pas(5817,32) Hint: (5024) Parameter "Sender" not used
/home/riceric/unarchiver-assessment-20260930/peazip/dev/peach.pas(79769,17) Warning: (5043) Symbol "Resume" is deprecated
/home/riceric/unarchiver-assessment-20260930/peazip/dev/peach.pas(79773,17) Warning: (5043) Symbol "Resume" is deprecated
/home/riceric/unarchiver-assessment-20260930/peazip/dev/peach.pas(79777,17) Warning: (5043) Symbol "Resume" is deprecated
/home/riceric/unarchiver-assessment-20260930/peazip/dev/peach.pas(79781,17) Warning: (5043) Symbol "Resume" is deprecated
/home/riceric/unarchiver-assessment-20260930/peazip/dev/peach.pas(79801,4) Note: (5025) Local variable "i" not used
/home/riceric/unarchiver-assessment-20260930/peazip/dev/peach.pas(79801,6) Note: (5025) Local variable "p" not used
/home/riceric/unarchiver-assessment-20260930/peazip/dev/peach.pas(79801,8) Note: (5025) Local variable "x" not used
/home/riceric/unarchiver-assessment-20260930/peazip/dev/peach.pas(79801,10) Note: (5025) Local variable "y" not used
/home/riceric/unarchiver-assessment-20260930/peazip/dev/peach.pas(79801,12) Note: (5025) Local variable "k" not used
/home/riceric/unarchiver-assessment-20260930/peazip/dev/peach.pas(79801,14) Note: (5025) Local variable "eisize" not used
/home/riceric/unarchiver-assessment-20260930/peazip/dev/peach.pas(79802,4) Note: (5025) Local variable "abitmap" not used
/home/riceric/unarchiver-assessment-20260930/peazip/dev/peach.pas(79802,12) Note: (5025) Local variable "bbitmap" not used
/home/riceric/unarchiver-assessment-20260930/peazip/dev/peach.pas(79803,4) Note: (5025) Local variable "icon" not used
/home/riceric/unarchiver-assessment-20260930/peazip/dev/peach.pas(79804,4) Note: (5025) Local variable "s" not used
/home/riceric/unarchiver-assessment-20260930/peazip/dev/peach.pas(79937,61) Hint: (5091) Local variable "s" of a managed type does not seem to be initialized
/home/riceric/unarchiver-assessment-20260930/peazip/dev/peach.pas(80021,61) Hint: (5091) Local variable "s" of a managed type does not seem to be initialized
/home/riceric/unarchiver-assessment-20260930/peazip/dev/peach.pas(80105,61) Hint: (5091) Local variable "s" of a managed type does not seem to be initialized
/home/riceric/unarchiver-assessment-20260930/peazip/dev/peach.pas(80189,61) Hint: (5091) Local variable "s" of a managed type does not seem to be initialized
/home/riceric/unarchiver-assessment-20260930/peazip/dev/peach.pas(80235,10) Warning: (5033) Function result does not seem to be set
/home/riceric/unarchiver-assessment-20260930/peazip/dev/peach.pas(80235,21) Hint: (5024) Parameter "lpPoint" not used
/home/riceric/unarchiver-assessment-20260930/peazip/dev/peach.pas(80292,25) Hint: (5024) Parameter "vpath" not used
/home/riceric/unarchiver-assessment-20260930/peazip/dev/peach.pas(80488,4) Note: (5025) Local variable "vstat" not used
/home/riceric/unarchiver-assessment-20260930/peazip/dev/peach.pas(492,26) Hint: (5024) Parameter "CreateSuspended" not used
/home/riceric/unarchiver-assessment-20260930/peazip/dev/peach.pas(80517,10) Warning: (5033) Function result does not seem to be set
/home/riceric/unarchiver-assessment-20260930/peazip/dev/peach.pas(5872,24) Hint: (5024) Parameter "dragdest" not used
/home/riceric/unarchiver-assessment-20260930/peazip/dev/peach.pas(486,7) Note: (5029) Private field "TMyThreaddrop.vpath" is never used
(9022) Compiling resource /home/riceric/unarchiver-assessment-20260930/peazip/dev/project_peach.or
(9015) Linking /home/riceric/unarchiver-assessment-20260930/peazip/dev/peazip
(1008) 164298 lines compiled, 6.7 sec
(1021) 91 warning(s) issued
(1022) 3334 hint(s) issued
(1023) 311 note(s) issued
